strategy,rep,phase,rel_time,node,task_size,latency_ms
Round Robin,0,pre,0.1667633056640625,node-a,123328.34653580883,109.64727401733398
Round Robin,0,pre,0.32720351219177246,node-b,62960.00538639512,62.477827072143555
Round Robin,0,pre,0.49170589447021484,node-c,154117.81473681098,204.8051357269287
Round Robin,0,pre,0.5112333297729492,node-a,169486.63954621818,133.88466835021973
Round Robin,0,pre,0.5186078548431396,node-b,39923.86033135189,43.613433837890625
Round Robin,0,pre,0.6174089908599854,node-c,55224.2401116969,171.8900203704834
Round Robin,0,pre,0.7143840789794922,node-a,112889.77998801673,81.82454109191895
Round Robin,0,pre,0.9298923015594482,node-b,90411.40732044433,86.89022064208984
Round Robin,0,pre,0.9352257251739502,node-c,105013.73635503302,85.78634262084961
Round Robin,0,pre,1.0074450969696045,node-a,69128.68578469494,68.08590888977051
Round Robin,0,pre,1.0128583908081055,node-b,164381.62893054791,182.44051933288574
Round Robin,0,pre,1.0872888565063477,node-c,156239.12879695476,212.4180793762207
Round Robin,0,pre,1.2070274353027344,node-a,109454.29792252355,97.95618057250977
Round Robin,0,pre,1.233842134475708,node-b,186068.02753197495,179.443359375
Round Robin,0,pre,1.3186028003692627,node-c,133786.6562848461,362.99681663513184
Round Robin,0,pre,1.3293700218200684,node-a,68913.04630081484,74.3706226348877
Round Robin,0,pre,1.3352422714233398,node-b,127340.82264890775,260.55097579956055
Round Robin,0,pre,1.3573822975158691,node-c,65565.55241263952,249.5706081390381
Round Robin,0,pre,1.4197008609771729,node-a,164303.75731984293,122.97224998474121
Round Robin,0,pre,1.4478607177734375,node-b,103288.78338218242,187.70527839660645
Round Robin,0,pre,1.5337114334106445,node-c,96549.95675863358,268.6488628387451
Round Robin,0,pre,1.5502235889434814,node-a,75341.18799430737,84.80238914489746
Round Robin,0,pre,1.675952672958374,node-b,195148.81319740802,156.13436698913574
Round Robin,0,pre,1.7604694366455078,node-c,98025.43656209784,255.29885292053223
Round Robin,0,pre,1.8060173988342285,node-a,85483.88098691129,59.445858001708984
Round Robin,0,pre,1.834747314453125,node-b,88803.4026627253,91.54009819030762
Round Robin,0,pre,1.8659796714782715,node-c,138192.3196413388,632.230281829834
Round Robin,0,pre,1.8714818954467773,node-a,127130.45639778033,100.4784107208252
Round Robin,0,pre,1.8834288120269775,node-b,130172.18168071713,196.48385047912598
Round Robin,0,pre,1.931037425994873,node-c,131354.82433167935,675.9176254272461
Round Robin,0,pre,1.9574847221374512,node-a,308992.04839504755,269.25015449523926
Round Robin,0,pre,2.044872999191284,node-b,86425.62647825923,127.27713584899902
Round Robin,0,pre,2.0935442447662354,node-c,81971.39773003901,594.9413776397705
Round Robin,0,pre,2.1100616455078125,node-a,70499.48315510646,136.04378700256348
Round Robin,0,pre,2.1420586109161377,node-b,144096.2463972571,171.78630828857422
Round Robin,0,pre,2.1872997283935547,node-c,186229.14710562734,1094.2790508270264
Round Robin,0,pre,2.2100470066070557,node-a,100034.78884656797,98.96326065063477
Round Robin,0,pre,2.23309588432312,node-b,69575.57030087759,144.72627639770508
Round Robin,0,pre,2.2925760746002197,node-c,70123.02047587637,525.1452922821045
Round Robin,0,pre,2.313297986984253,node-a,146611.7793788687,117.5386905670166
Round Robin,0,pre,2.4052038192749023,node-b,153564.21654693905,115.72694778442383
Round Robin,0,pre,2.5013599395751953,node-c,138943.70859011114,1092.736005783081
Round Robin,0,pre,2.57621169090271,node-a,75924.30743094067,65.62328338623047
Round Robin,0,pre,2.5811777114868164,node-b,118934.43850002464,103.59597206115723
Round Robin,0,pre,2.6591851711273193,node-c,112261.91268402804,653.7027359008789
Round Robin,0,pre,2.7526609897613525,node-a,118135.94541823669,103.90853881835938
Round Robin,0,pre,2.8298051357269287,node-b,163727.9373596016,246.33383750915527
Round Robin,0,pre,2.849426507949829,node-c,118426.14498101735,1047.3976135253906
Round Robin,0,pre,2.871480941772461,node-a,148702.6276788918,190.41848182678223
Round Robin,0,pre,2.88297963142395,node-b,109539.06871360115,247.8036880493164
Round Robin,0,pre,2.9075560569763184,node-c,122370.26923013838,1310.6920719146729
Round Robin,0,pre,2.9095497131347656,node-a,145203.44902166497,194.3798065185547
Round Robin,0,pre,2.920020580291748,node-b,51106.609478848084,184.44347381591797
Round Robin,0,pre,3.012017250061035,node-c,90256.5467369229,1206.230878829956
Round Robin,0,pre,3.2866384983062744,node-a,83705.56105706745,82.79085159301758
Round Robin,0,pre,3.3255646228790283,node-b,76942.07135549092,69.94271278381348
Round Robin,0,pre,3.344942569732666,node-c,92288.59940754846,1250.1554489135742
Round Robin,0,pre,3.372560501098633,node-a,223623.17893296183,200.32429695129395
Round Robin,0,pre,3.397081136703491,node-b,68688.11494625095,73.86612892150879
Round Robin,0,pre,3.406223773956299,node-c,171851.5323558088,1400.0320434570312
Round Robin,0,pre,3.4810256958007812,node-a,45652.43092417173,93.45293045043945
Round Robin,0,pre,3.576083183288574,node-b,89572.57833661404,62.15667724609375
Round Robin,0,pre,3.679994821548462,node-c,114877.72195616567,1128.8957595825195
Round Robin,0,pre,4.045998811721802,node-a,141968.17438915515,108.38842391967773
Round Robin,0,pre,4.191290616989136,node-b,151124.65600113044,117.43450164794922
Round Robin,0,pre,4.304999589920044,node-c,157459.03991036775,1178.3339977264404
Round Robin,0,pre,4.376795291900635,node-a,88954.8739304915,81.53891563415527
Round Robin,0,pre,4.417809963226318,node-b,84041.93046071955,59.13972854614258
Round Robin,0,pre,4.420650959014893,node-c,162630.32549943525,1381.3691139221191
Round Robin,0,pre,4.4867103099823,node-a,96239.47151631535,93.15347671508789
Round Robin,0,pre,4.52966570854187,node-b,55960.639700088745,52.436113357543945
Round Robin,0,pre,4.633492708206177,node-c,60090.28226950024,565.8547878265381
Round Robin,0,pre,4.77338981628418,node-a,66871.01400533372,68.81475448608398
Round Robin,0,pre,4.795998811721802,node-b,135784.91341521015,106.53138160705566
Round Robin,0,pre,4.7998130321502686,node-c,113716.05671757563,1111.548900604248
Round Robin,0,pre,4.863548278808594,node-a,149565.49937848616,108.33048820495605
Round Robin,0,pre,5.039332628250122,node-b,85529.84844277803,71.54369354248047
Round Robin,0,pre,5.096322298049927,node-c,114635.96529332947,1189.9762153625488
Round Robin,0,pre,5.243232727050781,node-a,144790.36530163232,125.94890594482422
Round Robin,0,pre,5.295351028442383,node-b,90723.6862954343,70.50085067749023
Round Robin,0,pre,5.385953664779663,node-c,133070.53973369344,925.1339435577393
Round Robin,0,pre,5.4054954051971436,node-a,76060.47687857399,92.39578247070312
Round Robin,0,pre,5.414907217025757,node-b,88319.84428939168,155.94959259033203
Round Robin,0,pre,5.424703598022461,node-c,87498.60022288638,775.1145362854004
Round Robin,0,pre,5.432844638824463,node-a,58239.971817618185,95.66092491149902
Round Robin,0,pre,5.436655044555664,node-b,135094.96602578126,179.9905300140381
Round Robin,0,pre,5.555116891860962,node-c,83746.18125251321,1046.4427471160889
Round Robin,0,pre,5.586209058761597,node-a,106563.26029077674,84.34319496154785
Round Robin,0,pre,5.612955331802368,node-b,134675.0812990667,155.958890914917
Round Robin,0,pre,5.677108526229858,node-c,132390.69092501714,1535.538673400879
Round Robin,0,pre,5.69001579284668,node-a,147700.16361197483,114.65907096862793
Round Robin,0,pre,5.822226524353027,node-b,100811.1536219529,91.85791015625
Round Robin,0,pre,5.911361932754517,node-c,85699.12253558153,1369.5859909057617
Round Robin,0,pre,5.934087514877319,node-a,101761.58113240422,88.93775939941406
Round Robin,0,pre,5.947846174240112,node-b,45550.63324492301,53.07340621948242
Round Robin,0,pre,5.984426021575928,node-c,51363.89565935219,911.9081497192383
Round Robin,0,pre,6.005719184875488,node-a,54660.533271296445,64.30530548095703
Round Robin,0,pre,6.010664701461792,node-b,64319.85232856293,64.24069404602051
Round Robin,0,pre,6.045470952987671,node-c,129331.4974840889,1263.2594108581543
Round Robin,0,pre,6.2008748054504395,node-a,67339.85194435711,66.86878204345703
Round Robin,0,pre,6.270397663116455,node-b,87655.15873953704,86.18545532226562
Round Robin,0,pre,6.482981443405151,node-c,202776.80505403748,1229.011058807373
Round Robin,0,pre,6.624212026596069,node-a,88620.19420916947,71.9456672668457
Round Robin,0,pre,6.700981140136719,node-b,153124.22606480986,117.05780029296875
Round Robin,0,pre,6.82866358757019,node-c,66399.06020062021,683.5248470306396
Round Robin,0,pre,6.87894082069397,node-a,95561.78138789166,66.59841537475586
Round Robin,0,pre,6.9525439739227295,node-b,65856.67009579392,65.67907333374023
Round Robin,0,pre,6.978786468505859,node-c,89386.99527108499,814.8422241210938
Round Robin,0,pre,6.993680000305176,node-a,161199.99700784046,127.9141902923584
Round Robin,0,pre,7.142073392868042,node-b,44648.98305708025,41.98503494262695
Round Robin,0,pre,7.151747703552246,node-c,131591.6496742857,1354.8784255981445
Round Robin,0,pre,7.164206504821777,node-a,119266.38776686342,100.43168067932129
Round Robin,0,pre,7.185636758804321,node-b,78682.18508509963,56.04147911071777
Round Robin,0,pre,7.25269341468811,node-c,51390.98744694206,746.7734813690186
Round Robin,0,pre,7.280947923660278,node-a,109788.57783262625,100.14700889587402
Round Robin,0,pre,7.3282105922698975,node-b,81267.43544249299,66.6201114654541
Round Robin,0,pre,7.476989269256592,node-c,118965.0614164116,1650.2361297607422
Round Robin,0,pre,7.583367824554443,node-a,107063.03953848465,93.15061569213867
Round Robin,0,pre,7.66443657875061,node-b,235893.67844331436,311.80357933044434
Round Robin,0,pre,7.676518440246582,node-c,93954.81066248991,1427.9537200927734
Round Robin,0,pre,7.758224010467529,node-a,63481.14905000262,65.06562232971191
Round Robin,0,pre,7.7893571853637695,node-b,115830.69050128458,233.46185684204102
Round Robin,0,pre,7.797960042953491,node-c,118213.23675298966,1333.0020904541016
Round Robin,0,pre,7.825441360473633,node-a,208948.0236575144,152.41479873657227
Round Robin,0,pre,7.830291986465454,node-b,160781.67129098458,387.0668411254883
Round Robin,0,pre,7.893357276916504,node-c,126586.67765209198,1318.7339305877686
Round Robin,0,pre,7.960416316986084,node-a,220113.47050124872,166.70775413513184
Round Robin,0,pre,7.981049299240112,node-b,58446.40705464808,198.66394996643066
Round Robin,0,pre,7.983811378479004,node-c,76908.46714807714,629.6484470367432
Round Robin,0,pre,8.17210078239441,node-a,66633.2546554744,47.98102378845215
Round Robin,0,pre,8.228088140487671,node-b,87146.17151819795,80.22451400756836
Round Robin,0,pre,8.330819129943848,node-c,53204.80272208876,855.2155494689941
Round Robin,0,pre,8.354994535446167,node-a,145484.16021581332,114.78257179260254
Round Robin,0,pre,8.470456600189209,node-b,94763.12854755523,76.53546333312988
Round Robin,0,pre,8.58367109298706,node-c,50758.982408466785,319.5502758026123
Round Robin,0,pre,8.590006828308105,node-a,63732.98217823439,63.550472259521484
Round Robin,0,pre,8.964857816696167,node-b,123871.98663568683,112.48445510864258
Round Robin,0,pre,9.011003255844116,node-c,161024.25836826678,791.1672592163086
Round Robin,0,pre,9.10762357711792,node-a,287394.8886315716,277.16541290283203
Round Robin,0,pre,9.124513626098633,node-b,454602.3022671902,694.7925090789795
Round Robin,0,pre,9.192387104034424,node-c,130281.36521283789,814.0103816986084
Round Robin,0,pre,9.211790800094604,node-a,64568.24217849559,152.8162956237793
Round Robin,0,pre,9.323304176330566,node-b,36469.21946267165,199.27120208740234
Round Robin,0,pre,9.3551025390625,node-c,121067.40709994447,764.5580768585205
Round Robin,0,pre,9.408827304840088,node-a,70528.80409688527,63.52686882019043
Round Robin,0,pre,9.445441246032715,node-b,86040.0695455298,255.35106658935547
Round Robin,0,pre,9.497131109237671,node-c,77979.29504041243,593.9311981201172
Round Robin,0,pre,9.529961585998535,node-a,98701.12056072791,84.51461791992188
Round Robin,0,pre,9.572371482849121,node-b,180455.07560424265,454.3886184692383
Round Robin,0,pre,9.574379682540894,node-c,114550.52894789848,719.632625579834
Round Robin,0,pre,9.683502912521362,node-a,97824.42832863153,92.10991859436035
Round Robin,0,pre,9.856878757476807,node-b,63096.47260806362,147.88508415222168
Round Robin,0,pre,9.896643161773682,node-c,45839.68819845233,492.28477478027344
Round Robin,0,pre,10.131916761398315,node-a,83041.27623726778,73.00591468811035
Round Robin,0,pre,10.143026113510132,node-b,103089.80147612811,87.31389045715332
Round Robin,0,pre,10.33517575263977,node-c,256327.69886419174,1187.6351833343506
Round Robin,0,pre,10.360178232192993,node-a,113027.25716997024,95.45063972473145
Round Robin,0,pre,10.406693458557129,node-b,173098.62145637476,163.34962844848633
Round Robin,0,pre,10.574800252914429,node-c,82503.76622514013,514.1303539276123
Round Robin,0,pre,10.583375930786133,node-a,58558.125519744484,55.6790828704834
Round Robin,0,pre,10.596217393875122,node-b,65361.49748757287,63.28105926513672
Round Robin,0,pre,10.688973426818848,node-c,73690.85523159422,514.5032405853271
Round Robin,0,pre,10.756824016571045,node-a,306962.81270607,279.54816818237305
Round Robin,0,pre,10.77679443359375,node-b,70231.60357982168,68.1307315826416
Round Robin,0,pre,10.80729365348816,node-c,161053.45759911364,788.2084846496582
Round Robin,0,pre,10.858790636062622,node-a,67425.82830184419,132.81702995300293
Round Robin,0,pre,10.98998475074768,node-b,168726.36306555252,174.28350448608398
Round Robin,0,pre,11.014624834060669,node-c,128376.48371370956,896.0669040679932
Round Robin,0,pre,11.067582607269287,node-a,97922.15183414886,67.66891479492188
Round Robin,0,pre,11.092154264450073,node-b,103763.10659041413,141.91269874572754
Round Robin,0,pre,11.113069295883179,node-c,76332.43109249871,797.6224422454834
Round Robin,0,pre,11.259798765182495,node-a,132360.31243213505,110.14175415039062
Round Robin,0,pre,11.29849123954773,node-b,84352.12510858945,80.31702041625977
Round Robin,0,pre,11.390912055969238,node-c,57379.60123019344,512.7997398376465
Round Robin,0,pre,11.411745071411133,node-a,55897.68441624148,58.042049407958984
Round Robin,0,pre,11.42454195022583,node-b,115444.01590162003,99.81894493103027
Round Robin,0,pre,11.503051519393921,node-c,233232.86404583717,1419.386386871338
Round Robin,0,pre,11.601289749145508,node-a,114719.21677682016,103.38854789733887
Round Robin,0,pre,11.666559219360352,node-b,99800.43876265132,89.28084373474121
Round Robin,0,pre,11.748411178588867,node-c,122168.93653522362,645.7967758178711
Round Robin,0,pre,11.818622589111328,node-a,203464.71794008536,159.20519828796387
Round Robin,0,pre,11.893932819366455,node-b,118176.94006945375,88.74344825744629
Round Robin,0,pre,12.049556255340576,node-c,86230.86078672975,637.894868850708
Round Robin,0,pre,12.244397163391113,node-a,184128.90773171766,136.66701316833496
Round Robin,0,pre,12.290221214294434,node-b,131219.29903724522,106.64129257202148
Round Robin,0,pre,12.296453714370728,node-c,228233.61664436944,1285.0513458251953
Round Robin,0,pre,12.392843961715698,node-a,116060.19296506053,95.01457214355469
Round Robin,0,post,12.45158076286316,node-b,57412.22311567495,66.4210319519043
Round Robin,0,post,12.619799137115479,node-c,53432.124268864034,367.7024841308594
Round Robin,0,post,12.691785335540771,node-a,241762.46847243674,471.4369773864746
Round Robin,0,post,12.701478242874146,node-b,250716.9473937672,328.4878730773926
Round Robin,0,post,12.773504734039307,node-c,96808.24208274338,707.1623802185059
Round Robin,0,post,12.813125371932983,node-a,87435.2117720609,362.89405822753906
Round Robin,0,post,12.821221351623535,node-b,219909.01418095123,397.3395824432373
Round Robin,0,post,12.840258836746216,node-c,60883.90790345369,374.0267753601074
Round Robin,0,post,13.079957485198975,node-a,67702.84707408982,388.4625434875488
Round Robin,0,post,13.107511758804321,node-b,146080.10565676758,209.2287540435791
Round Robin,0,post,13.125300645828247,node-c,86937.47493319158,487.41841316223145
Round Robin,0,post,13.15585470199585,node-a,105628.77338793047,416.18990898132324
Round Robin,0,post,13.298597812652588,node-b,97589.5378506133,119.51875686645508
Round Robin,0,post,13.373850345611572,node-c,125371.21008379715,926.4345169067383
Round Robin,0,post,13.387506484985352,node-a,214054.9319503215,871.1235523223877
Round Robin,0,post,13.387506484985352,node-b,110806.3625313794,137.19487190246582
Round Robin,0,post,13.418116569519043,node-c,146124.81290579663,868.0839538574219
Round Robin,0,post,13.428526163101196,node-a,37993.14285529002,347.886323928833
Round Robin,0,post,13.570895671844482,node-b,103351.1632820267,84.8398208618164
Round Robin,0,post,13.578354597091675,node-c,69468.72196736024,433.3605766296387
Round Robin,0,post,13.625310182571411,node-a,57574.813852465995,351.4397144317627
Round Robin,0,post,13.695759296417236,node-b,68266.2539836552,53.612470626831055
Round Robin,0,post,13.893543004989624,node-c,89606.69358959842,415.3103828430176
Round Robin,0,post,13.913739442825317,node-a,167409.5179490162,1551.7754554748535
Round Robin,0,post,14.033179521560669,node-b,54559.69284863689,49.424171447753906
Round Robin,0,post,14.086308479309082,node-c,107534.04435213337,594.9211120605469
Round Robin,0,post,14.20560884475708,node-a,83130.11460079094,651.3323783874512
Round Robin,0,post,14.229966878890991,node-b,89896.15722783373,82.05962181091309
Round Robin,0,post,14.253276824951172,node-c,174839.89255022866,1035.3500843048096
Round Robin,0,post,14.270655870437622,node-a,138594.09223552106,1012.6688480377197
Round Robin,0,post,14.342398881912231,node-b,206683.94619636342,179.62884902954102
Round Robin,0,post,14.387115001678467,node-c,98026.60320989732,525.6319046020508
Round Robin,0,post,14.446977615356445,node-a,74777.75419572592,621.5991973876953
Round Robin,0,post,14.535300970077515,node-b,94685.63833309733,154.7706127166748
Round Robin,0,post,14.615070343017578,node-c,119550.65089333974,998.0638027191162
Round Robin,0,post,14.687355995178223,node-a,115674.29290585338,1286.623239517212
Round Robin,0,post,14.783883333206177,node-b,61577.571589411076,55.38296699523926
Round Robin,0,post,14.786075115203857,node-c,110801.09241391941,807.1787357330322
Round Robin,0,post,14.889719009399414,node-a,118700.7841627887,1187.3304843902588
Round Robin,0,post,14.979380130767822,node-b,372869.60032961477,494.14849281311035
Round Robin,0,post,15.009745359420776,node-c,270673.7032603318,1396.190881729126
Round Robin,0,post,15.026347160339355,node-a,69121.79320389297,833.1599235534668
Round Robin,0,post,15.075474977493286,node-b,91725.46704343578,217.9851531982422
Round Robin,0,post,15.214726209640503,node-c,50946.22893239044,291.7943000793457
Round Robin,0,post,15.23874545097351,node-a,78817.75082720756,620.7616329193115
Round Robin,0,post,15.336642980575562,node-b,124001.57220251733,229.30026054382324
Round Robin,0,post,15.540931463241577,node-c,193527.2933110387,973.7389087677002
Round Robin,0,post,15.568551301956177,node-a,73548.8509272347,580.6341171264648
Round Robin,0,post,15.865297794342041,node-b,76356.9093068363,66.57576560974121
Round Robin,0,post,15.869551658630371,node-c,36192.33036132406,429.1415214538574
Round Robin,0,post,15.872249841690063,node-a,97627.45767682875,586.5421295166016
Round Robin,0,post,16.00011372566223,node-b,62257.84408801169,63.39836120605469
Round Robin,0,post,16.044737577438354,node-c,81269.60050479758,662.8460884094238
Round Robin,0,post,16.086284160614014,node-a,68310.35418515968,358.5033416748047
Round Robin,0,post,16.22136425971985,node-b,101024.2377380574,92.50974655151367
Round Robin,0,post,16.392207384109497,node-c,43975.275129573434,307.21473693847656
Round Robin,0,post,16.44889211654663,node-a,50854.52572893877,106.77504539489746
Round Robin,0,post,16.59462070465088,node-b,307082.14921023283,390.8212184906006
Round Robin,0,post,16.66418766975403,node-c,55633.21706787448,132.27486610412598
Round Robin,0,post,16.69891119003296,node-a,61197.048030226644,58.03227424621582
Round Robin,0,post,16.715566873550415,node-b,265323.1473202159,399.93977546691895
Round Robin,0,post,16.8101863861084,node-c,452607.5105985092,1311.1097812652588
Round Robin,0,post,16.958173751831055,node-a,58951.10835212367,56.73718452453613
Round Robin,0,post,17.142350912094116,node-b,88090.72632850516,71.9137191772461
Round Robin,0,post,17.162932872772217,node-c,125621.01014287982,626.0678768157959
Round Robin,0,post,17.233473777770996,node-a,251348.5358518715,744.9796199798584
Round Robin,0,post,17.2690167427063,node-b,64654.85529064135,55.77206611633301
Round Robin,0,post,17.387467622756958,node-c,93677.01170451973,1421.3519096374512
Round Robin,0,post,17.402430534362793,node-a,156203.6384726014,1262.2227668762207
Round Robin,0,post,17.40639567375183,node-b,131614.18212806404,94.7105884552002
Round Robin,0,post,17.43126678466797,node-c,87743.14215103636,663.1536483764648
Round Robin,0,post,17.436041355133057,node-a,99045.5911230621,1120.1846599578857
Round Robin,0,post,17.468526124954224,node-b,53252.451367323214,65.98711013793945
Round Robin,0,post,17.502161502838135,node-c,94010.3488909593,499.1638660430908
Round Robin,0,post,17.51011896133423,node-a,92693.46721677484,834.136962890625
Round Robin,0,post,17.72288966178894,node-b,118934.94793058983,95.63255310058594
Round Robin,0,post,17.743732213974,node-c,80224.4341250599,750.7948875427246
Round Robin,0,post,17.82637929916382,node-a,134056.45323822956,1317.6016807556152
Round Robin,0,post,17.840259313583374,node-b,175712.5904979484,263.9429569244385
Round Robin,0,post,17.875590324401855,node-c,114457.82409434147,925.8003234863281
Round Robin,0,post,17.88185405731201,node-a,126263.36790948194,1285.9947681427002
Round Robin,0,post,17.890222549438477,node-b,108751.92996011286,279.12449836730957
Round Robin,0,post,17.890740633010864,node-c,105904.09700293883,822.1607208251953
Round Robin,0,post,18.002376079559326,node-a,73826.1294115895,1046.900749206543
Round Robin,0,post,18.026647090911865,node-b,124056.71916176949,348.05941581726074
Round Robin,0,post,18.07405924797058,node-c,100871.6022831039,813.7214183807373
Round Robin,0,post,18.13508939743042,node-a,301592.237251747,2833.282947540283
Round Robin,0,post,18.146570444107056,node-b,232564.86933854586,462.8746509552002
Round Robin,0,post,18.34898090362549,node-c,128433.98270627577,969.1236019134521
Round Robin,0,post,18.386431217193604,node-a,72310.05103264157,1689.3694400787354
Round Robin,0,post,18.39164090156555,node-b,60720.78169627558,227.0963191986084
Round Robin,0,post,18.39930272102356,node-c,192109.05764246316,1808.0155849456787
Round Robin,0,post,18.433347702026367,node-a,120767.39683895807,2544.6836948394775
Round Robin,0,post,18.44370436668396,node-b,134634.4656820574,459.60354804992676
Round Robin,0,post,18.465084075927734,node-c,44265.19707848542,716.0689830780029
Round Robin,0,post,18.516735076904297,node-a,168377.9211346928,3053.375244140625
Round Robin,0,post,18.518742084503174,node-b,132913.94807788258,445.32322883605957
Round Robin,0,post,18.543365955352783,node-c,60780.94897078499,1472.7416038513184
Round Robin,0,post,18.65281915664673,node-a,83657.35413061963,2403.506278991699
Round Robin,0,post,18.656793117523193,node-b,120825.86115053196,326.6263008117676
Round Robin,0,post,18.724146127700806,node-c,108714.49587592286,1195.0063705444336
Round Robin,0,post,18.727533102035522,node-a,91506.14695675625,1816.2529468536377
Round Robin,0,post,18.91213059425354,node-b,100559.30055404156,208.39500427246094
Round Robin,0,post,18.929518938064575,node-c,93363.7406087149,1163.8858318328857
Round Robin,0,post,18.946691036224365,node-a,114293.8768881317,2219.2747592926025
Round Robin,0,post,19.02169680595398,node-b,221016.581757191,290.13872146606445
Round Robin,0,post,19.177375316619873,node-c,29346.184044929425,817.0182704925537
Round Robin,0,post,19.397382736206055,node-a,94072.57986216802,1764.4765377044678
Round Robin,0,post,19.492504596710205,node-b,115670.76853265135,97.77569770812988
Round Robin,0,post,19.611939430236816,node-c,122791.61573709552,795.8340644836426
Round Robin,0,post,19.687368869781494,node-a,87929.42043158217,1771.5764045715332
Round Robin,0,post,19.700778007507324,node-b,43997.413651494346,35.274505615234375
Round Robin,0,post,19.781157970428467,node-c,124772.17628429117,1735.276699066162
Round Robin,0,post,19.79254126548767,node-a,251179.2555724464,2566.676139831543
Round Robin,0,post,19.861008882522583,node-b,49183.63962856812,48.36678504943848
Round Robin,0,post,19.913583040237427,node-c,163106.8894901856,1770.5223560333252
Round Robin,0,post,19.93831157684326,node-a,89857.86383560265,2027.9102325439453
Round Robin,0,post,19.987449407577515,node-b,102701.79243187197,70.54424285888672
Round Robin,0,post,20.049582958221436,node-c,62554.769651689785,635.8664035797119
Round Robin,0,post,20.06542181968689,node-a,89591.78733784666,2109.8225116729736
Round Robin,0,post,20.094532012939453,node-b,202859.5849861252,271.3794708251953
Round Robin,0,post,20.123685598373413,node-c,141715.1934746172,1364.6998405456543
Round Robin,0,post,20.131248474121094,node-a,251803.12835160416,4750.217437744141
Round Robin,0,post,20.151477575302124,node-b,190794.64398655645,375.7281303405762
Round Robin,0,post,20.2220401763916,node-c,131898.81587617358,1176.9907474517822
Round Robin,0,post,20.304150819778442,node-a,253270.73258678467,4839.513778686523
Round Robin,0,post,20.344316482543945,node-b,131892.64841912512,339.02859687805176
Round Robin,0,post,20.38602375984192,node-c,160210.06032259355,904.700756072998
Round Robin,0,post,20.4130699634552,node-a,91305.06531968382,2944.624185562134
Round Robin,0,post,20.493361473083496,node-b,109482.49250908113,288.50483894348145
Round Robin,0,post,20.52236008644104,node-c,74722.39385877598,1369.5619106292725
Round Robin,0,post,20.587685108184814,node-a,173692.016381268,4456.430196762085
Round Robin,0,post,20.631616830825806,node-b,58752.86578916378,158.12015533447266
Round Robin,0,post,20.67289710044861,node-c,156595.63568680777,1841.3329124450684
Round Robin,0,post,20.871891736984253,node-a,96270.91170428245,2476.9411087036133
Round Robin,0,post,21.018990516662598,node-b,190207.4444604048,152.71401405334473
Round Robin,0,post,21.08478307723999,node-c,154150.01276601243,1606.398105621338
Round Robin,0,post,21.166971683502197,node-a,263173.8450506407,3996.021509170532
Round Robin,0,post,21.177483081817627,node-b,152608.9990111855,125.4734992980957
Round Robin,0,post,21.20939564704895,node-c,48253.65686954342,1190.6518936157227
Round Robin,0,post,21.299240112304688,node-a,102413.15348242296,4244.8108196258545
Round Robin,0,post,21.369844913482666,node-b,58938.12392103854,62.08634376525879
Round Robin,0,post,21.38590407371521,node-c,81724.33549579767,1305.8066368103027
Round Robin,0,post,21.600338220596313,node-a,225451.7031804779,5158.865451812744
Round Robin,0,post,21.60285186767578,node-b,145657.59800499957,123.41880798339844
Round Robin,0,post,21.67928719520569,node-c,74666.12647811626,946.2153911590576
Round Robin,0,post,21.686185121536255,node-a,63792.33611601177,3276.0376930236816
Round Robin,0,post,21.8559889793396,node-b,107649.7379166845,82.5650691986084
Round Robin,0,post,21.861680030822754,node-c,57639.70586153421,1060.4290962219238
Round Robin,0,post,21.968876600265503,node-a,75710.85946241648,3591.1035537719727
Round Robin,0,post,21.981014013290405,node-b,123778.84665383915,106.32491111755371
Round Robin,0,post,22.294172048568726,node-c,188697.982517355,1320.6827640533447
Round Robin,0,post,22.334065914154053,node-a,143577.14389856783,3540.904998779297
Round Robin,0,post,22.415103673934937,node-b,33678.07352908519,27.796268463134766
Round Robin,0,post,22.48262357711792,node-c,123306.74434019037,1110.9418869018555
Round Robin,0,post,22.529059648513794,node-a,109783.3117037949,4522.8211879730225
Round Robin,0,post,22.628148794174194,node-b,130247.5519527538,103.06406021118164
Round Robin,0,post,22.679144620895386,node-c,237601.89988550817,1318.002462387085
Round Robin,0,post,22.86881399154663,node-a,37745.73934830241,2602.5617122650146
Round Robin,0,post,22.87286376953125,node-b,78802.1302546195,55.08732795715332
Round Robin,0,post,23.242286682128906,node-c,142301.05289339434,938.1883144378662
Round Robin,0,post,23.299352645874023,node-a,48023.69538980222,3162.7070903778076
Round Robin,0,post,23.319462776184082,node-b,221509.6747384614,189.90302085876465
Round Robin,0,post,23.35979127883911,node-c,127315.72806786641,920.4533100128174
Round Robin,0,post,23.445536375045776,node-a,161706.62484252107,3826.451301574707
Round Robin,0,post,23.514593839645386,node-b,79600.46320734434,77.33631134033203
Round Robin,0,post,23.658695459365845,node-c,159074.64982004507,1628.0813217163086
Round Robin,0,post,23.815605640411377,node-a,180680.00180502253,3249.6559619903564
Round Robin,0,post,23.880846738815308,node-b,118977.0661191651,93.39666366577148
Round Robin,0,post,23.9890398979187,node-c,119067.69407321441,623.2380867004395
Round Robin,0,post,24.035731077194214,node-a,121226.82316879244,3328.5067081451416
Round Robin,0,post,24.04332184791565,node-b,68773.54223315782,53.45463752746582
Round Robin,0,post,24.08114528656006,node-c,98369.16613454101,698.7345218658447
Round Robin,0,post,24.10148310661316,node-a,98123.85198869514,3170.504570007324
Round Robin,0,post,24.237136125564575,node-b,128276.57498689278,131.44278526306152
Round Robin,0,post,24.253137826919556,node-c,174583.62727411924,1126.8413066864014
Round Robin,0,post,24.340879917144775,node-a,62378.689448217425,3622.187376022339
Round Robin,0,post,24.49773621559143,node-b,99483.04499878954,78.05204391479492
Round Robin,0,post,24.507155656814575,node-c,222120.38654202918,1373.0814456939697
Round Robin,0,post,24.572444915771484,node-a,73017.38973852289,4286.684989929199
Round Robin,0,post,24.75226664543152,node-b,70201.29331389292,66.27869606018066
Round Robin,0,post,24.787805795669556,node-c,117172.22238652575,1212.5017642974854
Round Robin,0,post,24.82172679901123,node-a,161528.9426440785,5421.711206436157
Round Robin,0,post,24.86751651763916,node-b,106506.36733680844,127.47001647949219
Round Robin,0,post,24.88206696510315,node-c,205813.83322969402,1597.8474617004395
Round Robin,0,post,24.894553422927856,node-a,162534.24760643314,4873.463869094849
Round Robin,0,post,25.10879135131836,node-b,161321.9045909615,122.31826782226562
Round Robin,0,post,25.27406907081604,node-c,139707.36618140762,1048.0120182037354
Round Robin,0,post,25.315017461776733,node-a,339107.8820721522,5753.5858154296875
Round Robin,0,post,25.336890935897827,node-b,95574.96356361969,89.25986289978027
Round Robin,0,post,25.429973125457764,node-c,38889.74521615489,669.9891090393066
Round Robin,0,post,25.729510068893433,node-a,236185.8330962827,4837.246894836426
Round Robin,0,post,25.879157781600952,node-b,84237.65474706613,58.56060981750488
Round Robin,0,post,25.912576913833618,node-c,111768.74556270838,707.916259765625
Round Robin,0,post,25.95842719078064,node-a,203826.08081821978,4320.087194442749
Round Robin,0,post,26.03378200531006,node-b,47530.04190373392,58.13479423522949
Round Robin,0,post,26.085729837417603,node-c,56637.32021789219,515.8729553222656
Round Robin,0,post,26.107964515686035,node-a,47553.37546754725,1969.8841571807861
Round Robin,0,post,26.13027834892273,node-b,71195.07166039338,69.8099136352539
Round Robin,0,post,26.204833507537842,node-c,131935.08822855656,692.5368309020996
Round Robin,0,post,26.445451736450195,node-a,137632.30383496403,3898.083448410034
Round Robin,0,post,26.458836555480957,node-b,121586.85124132059,109.6649169921875
Round Robin,0,post,26.541105270385742,node-c,52253.60067108646,339.22576904296875
Round Robin,0,post,26.721872568130493,node-a,33362.75054447742,2243.3419227600098
Round Robin,0,post,26.722902297973633,node-b,108817.1048192397,97.8693962097168
Round Robin,0,post,26.760740756988525,node-c,83646.84633148769,255.1581859588623
Round Robin,0,post,26.853511095046997,node-a,133244.3457354221,4132.616996765137
Round Robin,0,post,27.010406255722046,node-b,150425.59189138867,117.42806434631348
Round Robin,0,post,27.204973220825195,node-c,113478.39414121355,190.51337242126465
Round Robin,0,post,27.22781991958618,node-a,154865.6993417893,3339.484691619873
Round Robin,0,post,27.232876539230347,node-b,118759.14254924736,96.8332290649414
Round Robin,0,post,27.256207942962646,node-c,138037.32168458836,264.65797424316406
Round Robin,0,post,27.31176233291626,node-a,74452.03640041206,3531.6102504730225
Weighted Round Robin,0,pre,0.166489839553833,node-a,123328.34653580883,118.38412284851074
Weighted Round Robin,0,pre,0.3287315368652344,node-b,62960.00538639512,65.60325622558594
Weighted Round Robin,0,pre,0.4922652244567871,node-c,154117.81473681098,168.90335083007812
Weighted Round Robin,0,pre,0.511498212814331,node-a,169486.63954621818,150.2082347869873
Weighted Round Robin,0,pre,0.518944501876831,node-b,39923.86033135189,46.43702507019043
Weighted Round Robin,0,pre,0.6177594661712646,node-a,55224.2401116969,74.57685470581055
Weighted Round Robin,0,pre,0.7149391174316406,node-c,112889.77998801673,146.99316024780273
Weighted Round Robin,0,pre,0.9309182167053223,node-a,90411.40732044433,79.69999313354492
Weighted Round Robin,0,pre,0.936011552810669,node-b,105013.73635503302,81.07161521911621
Weighted Round Robin,0,pre,1.0080633163452148,node-a,69128.68578469494,52.248239517211914
Weighted Round Robin,0,pre,1.013272762298584,node-b,164381.62893054791,148.7600803375244
Weighted Round Robin,0,pre,1.0880520343780518,node-c,156239.12879695476,168.52593421936035
Weighted Round Robin,0,pre,1.2076098918914795,node-a,109454.29792252355,97.06354141235352
Weighted Round Robin,0,pre,1.234379529953003,node-b,186068.02753197495,177.2630214691162
Weighted Round Robin,0,pre,1.3193731307983398,node-a,133786.6562848461,197.09515571594238
Weighted Round Robin,0,pre,1.329831838607788,node-c,68913.04630081484,109.72166061401367
Weighted Round Robin,0,pre,1.336181879043579,node-a,127340.82264890775,194.54574584960938
Weighted Round Robin,0,pre,1.3581743240356445,node-b,65565.55241263952,98.82640838623047
Weighted Round Robin,0,pre,1.4211857318878174,node-a,164303.75731984293,285.35008430480957
Weighted Round Robin,0,pre,1.4482216835021973,node-c,103288.78338218242,111.61661148071289
Weighted Round Robin,0,pre,1.5345702171325684,node-b,96549.95675863358,81.92896842956543
Weighted Round Robin,0,pre,1.550229787826538,node-a,75341.18799430737,125.42867660522461
Weighted Round Robin,0,pre,1.6767246723175049,node-a,195148.81319740802,161.02957725524902
Weighted Round Robin,0,pre,1.7614223957061768,node-b,98025.43656209784,82.32307434082031
Weighted Round Robin,0,pre,1.8065893650054932,node-c,85483.88098691129,130.63669204711914
Weighted Round Robin,0,pre,1.8353314399719238,node-a,88803.4026627253,115.44680595397949
Weighted Round Robin,0,pre,1.8664090633392334,node-b,138192.3196413388,151.40962600708008
Weighted Round Robin,0,pre,1.8719513416290283,node-a,127130.45639778033,187.14380264282227
Weighted Round Robin,0,pre,1.8839402198791504,node-c,130172.18168071713,260.84160804748535
Weighted Round Robin,0,pre,1.9312195777893066,node-a,131354.82433167935,216.7818546295166
Weighted Round Robin,0,pre,1.9591350555419922,node-b,308992.04839504755,598.5321998596191
Weighted Round Robin,0,pre,2.045405387878418,node-a,86425.62647825923,156.23068809509277
Weighted Round Robin,0,pre,2.0943479537963867,node-b,81971.39773003901,225.07047653198242
Weighted Round Robin,0,pre,2.1109933853149414,node-c,70499.48315510646,137.94326782226562
Weighted Round Robin,0,pre,2.143702507019043,node-a,144096.2463972571,189.20183181762695
Weighted Round Robin,0,pre,2.1871261596679688,node-b,186229.14710562734,535.5746746063232
Weighted Round Robin,0,pre,2.2106502056121826,node-a,100034.78884656797,161.66973114013672
Weighted Round Robin,0,pre,2.232743501663208,node-c,69575.57030087759,126.09124183654785
Weighted Round Robin,0,pre,2.293156862258911,node-a,70123.02047587637,118.97563934326172
Weighted Round Robin,0,pre,2.3145265579223633,node-b,146611.7793788687,609.1723442077637
Weighted Round Robin,0,pre,2.406285524368286,node-a,153564.21654693905,112.91742324829102
Weighted Round Robin,0,pre,2.501552104949951,node-c,138943.70859011114,162.45603561401367
Weighted Round Robin,0,pre,2.5763864517211914,node-b,75924.30743094067,334.64646339416504
Weighted Round Robin,0,pre,2.581468343734741,node-a,118934.43850002464,95.1995849609375
Weighted Round Robin,0,pre,2.659641981124878,node-a,112261.91268402804,94.75326538085938
Weighted Round Robin,0,pre,2.7533891201019287,node-b,118135.94541823669,304.9609661102295
Weighted Round Robin,0,pre,2.8306310176849365,node-c,163727.9373596016,333.97388458251953
Weighted Round Robin,0,pre,2.8497424125671387,node-a,118426.14498101735,161.6954803466797
Weighted Round Robin,0,pre,2.872370719909668,node-b,148702.6276788918,360.93711853027344
Weighted Round Robin,0,pre,2.8832082748413086,node-a,109539.06871360115,247.4987506866455
Weighted Round Robin,0,pre,2.9078104496002197,node-c,122370.26923013838,351.9148826599121
Weighted Round Robin,0,pre,2.9099552631378174,node-a,145203.44902166497,296.1845397949219
Weighted Round Robin,0,pre,2.921043634414673,node-b,51106.609478848084,295.93586921691895
Weighted Round Robin,0,pre,3.0114378929138184,node-a,90256.5467369229,195.28937339782715
Weighted Round Robin,0,pre,3.2869863510131836,node-b,83705.56105706745,82.21077919006348
Weighted Round Robin,0,pre,3.325965642929077,node-c,76942.07135549092,118.45636367797852
Weighted Round Robin,0,pre,3.345907688140869,node-a,92288.59940754846,65.24491310119629
Weighted Round Robin,0,pre,3.3730509281158447,node-b,223623.17893296183,192.47031211853027
Weighted Round Robin,0,pre,3.39784574508667,node-a,68688.11494625095,70.11246681213379
Weighted Round Robin,0,pre,3.4068567752838135,node-c,171851.5323558088,261.8429660797119
Weighted Round Robin,0,pre,3.481444835662842,node-a,45652.43092417173,51.42354965209961
Weighted Round Robin,0,pre,3.5764575004577637,node-b,89572.57833661404,81.00557327270508
Weighted Round Robin,0,pre,3.6802971363067627,node-a,114877.72195616567,93.93453598022461
Weighted Round Robin,0,pre,4.046654939651489,node-c,141968.17438915515,198.7290382385254
Weighted Round Robin,0,pre,4.192006349563599,node-b,151124.65600113044,129.97674942016602
Weighted Round Robin,0,pre,4.30509090423584,node-a,157459.03991036775,162.9345417022705
Weighted Round Robin,0,pre,4.377269506454468,node-a,88954.8739304915,116.28222465515137
Weighted Round Robin,0,pre,4.4184393882751465,node-b,84041.93046071955,71.08712196350098
Weighted Round Robin,0,pre,4.421466827392578,node-c,162630.32549943525,336.2240791320801
Weighted Round Robin,0,pre,4.487106084823608,node-a,96239.47151631535,88.68193626403809
Weighted Round Robin,0,pre,4.530121088027954,node-b,55960.639700088745,50.52542686462402
Weighted Round Robin,0,pre,4.633888483047485,node-a,60090.28226950024,71.4714527130127
Weighted Round Robin,0,pre,4.774031400680542,node-c,66871.01400533372,88.79971504211426
Weighted Round Robin,0,pre,4.797274827957153,node-a,135784.91341521015,145.3554630279541
Weighted Round Robin,0,pre,4.80021858215332,node-b,113716.05671757563,104.96330261230469
Weighted Round Robin,0,pre,4.863910436630249,node-a,149565.49937848616,167.42372512817383
Weighted Round Robin,0,pre,5.039895296096802,node-b,85529.84844277803,77.19254493713379
Weighted Round Robin,0,pre,5.096786737442017,node-c,114635.96529332947,155.09605407714844
Weighted Round Robin,0,pre,5.243682384490967,node-a,144790.36530163232,117.54989624023438
Weighted Round Robin,0,pre,5.295583248138428,node-b,90723.6862954343,64.05210494995117
Weighted Round Robin,0,pre,5.386449813842773,node-a,133070.53973369344,184.86952781677246
Weighted Round Robin,0,pre,5.406297922134399,node-c,76060.47687857399,138.63635063171387
Weighted Round Robin,0,pre,5.41528058052063,node-a,88319.84428939168,161.34405136108398
Weighted Round Robin,0,pre,5.425139665603638,node-b,87498.60022288638,73.52757453918457
Weighted Round Robin,0,pre,5.4332685470581055,node-a,58239.971817618185,188.1122589111328
Weighted Round Robin,0,pre,5.437057971954346,node-c,135094.96602578126,302.37770080566406
Weighted Round Robin,0,pre,5.555567979812622,node-b,83746.18125251321,81.52270317077637
Weighted Round Robin,0,pre,5.586643934249878,node-a,106563.26029077674,151.2167453765869
Weighted Round Robin,0,pre,5.61323881149292,node-a,134675.0812990667,166.81575775146484
Weighted Round Robin,0,pre,5.677510023117065,node-b,132390.69092501714,133.26215744018555
Weighted Round Robin,0,pre,5.690675497055054,node-c,147700.16361197483,262.9847526550293
Weighted Round Robin,0,pre,5.823060750961304,node-a,100811.1536219529,94.07973289489746
Weighted Round Robin,0,pre,5.911898612976074,node-b,85699.12253558153,76.81918144226074
Weighted Round Robin,0,pre,5.934792757034302,node-a,101761.58113240422,86.40408515930176
Weighted Round Robin,0,pre,5.948552370071411,node-c,45550.63324492301,91.23063087463379
Weighted Round Robin,0,pre,5.985080718994141,node-a,51363.89565935219,68.91417503356934
Weighted Round Robin,0,pre,6.006223201751709,node-b,54660.533271296445,55.686235427856445
Weighted Round Robin,0,pre,6.0113959312438965,node-a,64319.85232856293,95.58463096618652
Weighted Round Robin,0,pre,6.046168088912964,node-b,129331.4974840889,103.4853458404541
Weighted Round Robin,0,pre,6.201288223266602,node-c,67339.85194435711,64.62645530700684
Weighted Round Robin,0,pre,6.271107912063599,node-a,87655.15873953704,72.73602485656738
Weighted Round Robin,0,pre,6.483225345611572,node-b,202776.80505403748,174.6218204498291
Weighted Round Robin,0,pre,6.624837636947632,node-a,88620.19420916947,73.5633373260498
Weighted Round Robin,0,pre,6.70156455039978,node-c,153124.22606480986,167.2050952911377
Weighted Round Robin,0,pre,6.829158067703247,node-a,66399.06020062021,66.98846817016602
Weighted Round Robin,0,pre,6.8794567584991455,node-b,95561.78138789166,81.43115043640137
Weighted Round Robin,0,pre,6.953125715255737,node-a,65856.67009579392,69.71168518066406
Weighted Round Robin,0,pre,6.979736089706421,node-c,89386.99527108499,73.09937477111816
Weighted Round Robin,0,pre,6.994590520858765,node-b,161199.99700784046,131.95466995239258
Weighted Round Robin,0,pre,7.142560958862305,node-a,44648.98305708025,112.24555969238281
Weighted Round Robin,0,pre,7.1518731117248535,node-a,131591.6496742857,141.48521423339844
Weighted Round Robin,0,pre,7.164799690246582,node-b,119266.38776686342,92.69165992736816
Weighted Round Robin,0,pre,7.186579942703247,node-c,78682.18508509963,77.39424705505371
Weighted Round Robin,0,pre,7.253194808959961,node-a,51390.98744694206,69.44489479064941
Weighted Round Robin,0,pre,7.281796216964722,node-b,109788.57783262625,117.16580390930176
Weighted Round Robin,0,pre,7.3289666175842285,node-a,81267.43544249299,56.5180778503418
Weighted Round Robin,0,pre,7.477693796157837,node-c,118965.0614164116,92.78535842895508
Weighted Round Robin,0,pre,7.583896636962891,node-a,107063.03953848465,88.78707885742188
Weighted Round Robin,0,pre,7.6648008823394775,node-b,235893.67844331436,363.9047145843506
Weighted Round Robin,0,pre,7.676894903182983,node-a,93954.81066248991,81.70962333679199
Weighted Round Robin,0,pre,7.758604526519775,node-b,63481.14905000262,145.3087329864502
Weighted Round Robin,0,pre,7.790265798568726,node-c,115830.69050128458,148.78368377685547
Weighted Round Robin,0,pre,7.798591613769531,node-a,118213.23675298966,161.61823272705078
Weighted Round Robin,0,pre,7.826162815093994,node-b,208948.0236575144,405.6694507598877
Weighted Round Robin,0,pre,7.831243276596069,node-a,160781.67129098458,216.77017211914062
Weighted Round Robin,0,pre,7.894124507904053,node-c,126586.67765209198,188.09843063354492
Weighted Round Robin,0,pre,7.9612717628479,node-a,220113.47050124872,279.1109085083008
Weighted Round Robin,0,pre,7.981390714645386,node-b,58446.40705464808,177.25706100463867
Weighted Round Robin,0,pre,7.984431982040405,node-a,76908.46714807714,168.89572143554688
Weighted Round Robin,0,pre,8.172543287277222,node-c,66633.2546554744,70.47891616821289
Weighted Round Robin,0,pre,8.228778600692749,node-b,87146.17151819795,95.85881233215332
Weighted Round Robin,0,pre,8.331077098846436,node-a,53204.80272208876,57.98768997192383
Weighted Round Robin,0,pre,8.355376720428467,node-a,145484.16021581332,134.76204872131348
Weighted Round Robin,0,pre,8.471001625061035,node-b,94763.12854755523,81.40087127685547
Weighted Round Robin,0,pre,8.584676027297974,node-c,50758.982408466785,51.772117614746094
Weighted Round Robin,0,pre,8.590487003326416,node-a,63732.98217823439,70.78766822814941
Weighted Round Robin,0,pre,8.965440034866333,node-b,123871.98663568683,102.30445861816406
Weighted Round Robin,0,pre,9.011986494064331,node-a,161024.25836826678,125.5946159362793
Weighted Round Robin,0,pre,9.108110904693604,node-c,287394.8886315716,461.49349212646484
Weighted Round Robin,0,pre,9.125020980834961,node-a,454602.3022671902,453.6623954772949
Weighted Round Robin,0,pre,9.192740678787231,node-b,130281.36521283789,224.32374954223633
Weighted Round Robin,0,pre,9.21246600151062,node-a,64568.24217849559,132.02738761901855
Weighted Round Robin,0,pre,9.324145078659058,node-b,36469.21946267165,108.30092430114746
Weighted Round Robin,0,pre,9.35559368133545,node-c,121067.40709994447,701.2994289398193
Weighted Round Robin,0,pre,9.409711360931396,node-a,70528.80409688527,152.61006355285645
Weighted Round Robin,0,pre,9.445823669433594,node-b,86040.0695455298,93.51491928100586
Weighted Round Robin,0,pre,9.497781991958618,node-a,77979.29504041243,123.72708320617676
Weighted Round Robin,0,pre,9.530441761016846,node-c,98701.12056072791,530.7512283325195
Weighted Round Robin,0,pre,9.572775602340698,node-a,180455.07560424265,208.5440158843994
Weighted Round Robin,0,pre,9.574937105178833,node-b,114550.52894789848,125.95605850219727
Weighted Round Robin,0,pre,9.684173345565796,node-a,97824.42832863153,134.3250274658203
Weighted Round Robin,0,pre,9.857438802719116,node-c,63096.47260806362,303.333044052124
Weighted Round Robin,0,pre,9.89743161201477,node-b,45839.68819845233,47.33991622924805
Weighted Round Robin,0,pre,10.132349967956543,node-a,83041.27623726778,113.11030387878418
Weighted Round Robin,0,pre,10.143714904785156,node-a,103089.80147612811,138.89455795288086
Weighted Round Robin,0,pre,10.335606813430786,node-b,256327.69886419174,201.75957679748535
Weighted Round Robin,0,pre,10.360948085784912,node-c,113027.25716997024,101.73511505126953
Weighted Round Robin,0,pre,10.406901597976685,node-a,173098.62145637476,138.7476921081543
Weighted Round Robin,0,pre,10.575541496276855,node-b,82503.76622514013,75.19769668579102
Weighted Round Robin,0,pre,10.583902835845947,node-a,58558.125519744484,66.29085540771484
Weighted Round Robin,0,pre,10.596794366836548,node-c,65361.49748757287,56.589603424072266
Weighted Round Robin,0,pre,10.689735889434814,node-a,73690.85523159422,62.44087219238281
Weighted Round Robin,0,pre,10.757469415664673,node-b,306962.81270607,567.4624443054199
Weighted Round Robin,0,pre,10.777325868606567,node-a,70231.60357982168,68.08733940124512
Weighted Round Robin,0,pre,10.807825565338135,node-b,161053.45759911364,410.1572036743164
Weighted Round Robin,0,pre,10.859601020812988,node-c,67425.82830184419,71.73323631286621
Weighted Round Robin,0,pre,10.990489482879639,node-a,168726.36306555252,269.50550079345703
Weighted Round Robin,0,pre,11.015501260757446,node-b,128376.48371370956,424.18622970581055
Weighted Round Robin,0,pre,11.068025350570679,node-a,97922.15183414886,158.42390060424805
Weighted Round Robin,0,pre,11.09235143661499,node-c,103763.10659041413,89.42914009094238
Weighted Round Robin,0,pre,11.113578796386719,node-a,76332.43109249871,146.9254493713379
Weighted Round Robin,0,pre,11.261032819747925,node-b,132360.31243213505,337.81981468200684
Weighted Round Robin,0,pre,11.298696041107178,node-a,84352.12510858945,75.45256614685059
Weighted Round Robin,0,pre,11.391238689422607,node-c,57379.60123019344,62.35074996948242
Weighted Round Robin,0,pre,11.411959648132324,node-b,55897.68441624148,151.29661560058594
Weighted Round Robin,0,pre,11.425134658813477,node-a,115444.01590162003,92.82994270324707
Weighted Round Robin,0,pre,11.50362515449524,node-a,233232.86404583717,171.16069793701172
Weighted Round Robin,0,pre,11.601465940475464,node-b,114719.21677682016,105.06677627563477
Weighted Round Robin,0,pre,11.667272567749023,node-c,99800.43876265132,90.60239791870117
Weighted Round Robin,0,pre,11.749042987823486,node-a,122168.93653522362,102.44894027709961
Weighted Round Robin,0,pre,11.819425821304321,node-b,203464.71794008536,145.76029777526855
Weighted Round Robin,0,pre,11.894428730010986,node-a,118176.94006945375,95.97182273864746
Weighted Round Robin,0,pre,12.05002236366272,node-c,86230.86078672975,96.710205078125
Weighted Round Robin,0,pre,12.244739770889282,node-a,184128.90773171766,230.9107780456543
Weighted Round Robin,0,pre,12.290452003479004,node-b,131219.29903724522,121.74415588378906
Weighted Round Robin,0,pre,12.296915769577026,node-a,228233.61664436944,325.7489204406738
Weighted Round Robin,0,pre,12.393291711807251,node-b,116060.19296506053,129.87756729125977
Weighted Round Robin,0,post,12.45210599899292,node-c,57412.22311567495,60.735225677490234
Weighted Round Robin,0,post,12.62054181098938,node-a,53432.124268864034,100.97980499267578
Weighted Round Robin,0,post,12.692227602005005,node-b,241762.46847243674,320.00064849853516
Weighted Round Robin,0,post,12.70207166671753,node-a,250716.9473937672,1090.0359153747559
Weighted Round Robin,0,post,12.774322986602783,node-c,96808.24208274338,84.70416069030762
Weighted Round Robin,0,post,12.813775539398193,node-a,87435.2117720609,480.4866313934326
Weighted Round Robin,0,post,12.821605920791626,node-b,219909.01418095123,374.525785446167
Weighted Round Robin,0,post,12.84049105644226,node-a,60883.90790345369,651.8363952636719
Weighted Round Robin,0,post,13.080360174179077,node-c,67702.84707408982,59.14735794067383
Weighted Round Robin,0,post,13.108275890350342,node-b,146080.10565676758,201.4787197113037
Weighted Round Robin,0,post,13.12587022781372,node-a,86937.47493319158,599.3399620056152
Weighted Round Robin,0,post,13.15642261505127,node-a,105628.77338793047,1367.1338558197021
Weighted Round Robin,0,post,13.299037456512451,node-b,97589.5378506133,106.8732738494873
Weighted Round Robin,0,post,13.3746817111969,node-c,125371.21008379715,172.38545417785645
Weighted Round Robin,0,post,13.388147354125977,node-a,214054.9319503215,2021.9640731811523
Weighted Round Robin,0,post,13.388147354125977,node-b,110806.3625313794,124.65953826904297
Weighted Round Robin,0,post,13.418618202209473,node-a,146124.81290579663,2389.967918395996
Weighted Round Robin,0,post,13.428847551345825,node-c,37993.14285529002,130.48195838928223
Weighted Round Robin,0,post,13.571747064590454,node-a,103351.1632820267,1229.9792766571045
Weighted Round Robin,0,post,13.57888388633728,node-b,69468.72196736024,74.66888427734375
Weighted Round Robin,0,post,13.626180171966553,node-a,57574.813852465995,1579.482078552246
Weighted Round Robin,0,post,13.696146011352539,node-b,68266.2539836552,60.32276153564453
Weighted Round Robin,0,post,13.89423656463623,node-c,89606.69358959842,73.97127151489258
Weighted Round Robin,0,post,13.914211988449097,node-a,167409.5179490162,1983.976125717163
Weighted Round Robin,0,post,14.033808708190918,node-b,54559.69284863689,57.63077735900879
Weighted Round Robin,0,post,14.086545467376709,node-a,107534.04435213337,2029.4442176818848
Weighted Round Robin,0,post,14.20617938041687,node-c,83130.11460079094,130.6750774383545
Weighted Round Robin,0,post,14.230519533157349,node-a,89896.15722783373,2075.549602508545
Weighted Round Robin,0,post,14.253444194793701,node-b,174839.89255022866,171.5409755706787
Weighted Round Robin,0,post,14.272097110748291,node-a,138594.09223552106,2234.2092990875244
Weighted Round Robin,0,post,14.343770742416382,node-c,206683.94619636342,296.9675064086914
Weighted Round Robin,0,post,14.387821197509766,node-b,98026.60320989732,215.80052375793457
Weighted Round Robin,0,post,14.447518110275269,node-a,74777.75419572592,1960.5598449707031
Weighted Round Robin,0,post,14.536228895187378,node-a,94685.63833309733,1884.6259117126465
Weighted Round Robin,0,post,14.61587929725647,node-b,119550.65089333974,123.5806941986084
Weighted Round Robin,0,post,14.687639951705933,node-c,115674.29290585338,152.82750129699707
Weighted Round Robin,0,post,14.784576177597046,node-a,61577.571589411076,1835.2389335632324
Weighted Round Robin,0,post,14.787144184112549,node-b,110801.09241391941,76.98774337768555
Weighted Round Robin,0,post,14.890822410583496,node-a,118700.7841627887,3301.5451431274414
Weighted Round Robin,0,post,14.980265855789185,node-c,372869.60032961477,791.2907600402832
Weighted Round Robin,0,post,15.010209083557129,node-a,270673.7032603318,3388.026237487793
Weighted Round Robin,0,post,15.027068376541138,node-b,69121.79320389297,53.46822738647461
Weighted Round Robin,0,post,15.076352596282959,node-a,91725.46704343578,2726.5539169311523
Weighted Round Robin,0,post,15.216602563858032,node-b,50946.22893239044,59.63873863220215
Weighted Round Robin,0,post,15.238173007965088,node-c,78817.75082720756,421.02694511413574
Weighted Round Robin,0,post,15.33697772026062,node-a,124001.57220251733,2767.784833908081
Weighted Round Robin,0,post,15.541508913040161,node-b,193527.2933110387,161.72075271606445
Weighted Round Robin,0,post,15.569273471832275,node-a,73548.8509272347,2622.5874423980713
Weighted Round Robin,0,post,15.867281675338745,node-c,76356.9093068363,72.41654396057129
Weighted Round Robin,0,post,15.870232343673706,node-a,36192.33036132406,1527.7371406555176
Weighted Round Robin,0,post,15.87265658378601,node-b,97627.45767682875,79.38003540039062
Weighted Round Robin,0,post,16.000535249710083,node-a,62257.84408801169,2205.3062915802
Weighted Round Robin,0,post,16.04509735107422,node-c,81269.60050479758,99.55263137817383
Weighted Round Robin,0,post,16.087181568145752,node-b,68310.35418515968,71.5632438659668
Weighted Round Robin,0,post,16.222299098968506,node-a,101024.2377380574,2004.9247741699219
Weighted Round Robin,0,post,16.392823219299316,node-a,43975.275129573434,1799.544334411621
Weighted Round Robin,0,post,16.44969916343689,node-b,50854.52572893877,52.340030670166016
Weighted Round Robin,0,post,16.59508442878723,node-c,307082.14921023283,657.6220989227295
Weighted Round Robin,0,post,16.66480827331543,node-a,55633.21706787448,1842.0114517211914
Weighted Round Robin,0,post,16.6990327835083,node-b,61197.048030226644,81.08019828796387
Weighted Round Robin,0,post,16.715877056121826,node-a,265323.1473202159,3888.960361480713
Weighted Round Robin,0,post,16.81084156036377,node-c,452607.5105985092,1458.4441184997559
Weighted Round Robin,0,post,16.958829641342163,node-a,58951.10835212367,1833.0235481262207
Weighted Round Robin,0,post,17.142999172210693,node-b,88090.72632850516,83.11986923217773
Weighted Round Robin,0,post,17.163620948791504,node-a,125621.01014287982,3049.001455307007
Weighted Round Robin,0,post,17.23414158821106,node-b,251348.5358518715,261.760950088501
Weighted Round Robin,0,post,17.26944398880005,node-c,64654.85529064135,283.7955951690674
Weighted Round Robin,0,post,17.387670516967773,node-a,93677.01170451973,2318.3202743530273
Weighted Round Robin,0,post,17.403862237930298,node-b,156203.6384726014,301.3627529144287
Weighted Round Robin,0,post,17.407341241836548,node-a,131614.18212806404,3108.0992221832275
Weighted Round Robin,0,post,17.432119846343994,node-c,87743.14215103636,411.78107261657715
Weighted Round Robin,0,post,17.437458992004395,node-a,99045.5911230621,2671.603202819824
Weighted Round Robin,0,post,17.47011971473694,node-b,53252.451367323214,169.08526420593262
Weighted Round Robin,0,post,17.50273108482361,node-a,94010.3488909593,3007.2851181030273
Weighted Round Robin,0,post,17.510713577270508,node-c,92693.46721677484,555.7065010070801
Weighted Round Robin,0,post,17.724411249160767,node-b,118934.94793058983,104.4759750366211
Weighted Round Robin,0,post,17.74449324607849,node-a,80224.4341250599,2654.3920040130615
Weighted Round Robin,0,post,17.827184677124023,node-a,134056.45323822956,2969.39754486084
Weighted Round Robin,0,post,17.840659856796265,node-b,175712.5904979484,267.30990409851074
Weighted Round Robin,0,post,17.875739097595215,node-c,114457.82409434147,678.2944202423096
Weighted Round Robin,0,post,17.88223671913147,node-a,126263.36790948194,3418.975591659546
Weighted Round Robin,0,post,17.89083433151245,node-b,108751.92996011286,233.67738723754883
Weighted Round Robin,0,post,17.89136791229248,node-a,105904.09700293883,3523.115634918213
Weighted Round Robin,0,post,18.00296664237976,node-c,73826.1294115895,570.6601142883301
Weighted Round Robin,0,post,18.02807903289795,node-a,124056.71916176949,3566.32137298584
Weighted Round Robin,0,post,18.074515342712402,node-b,100871.6022831039,178.21240425109863
Weighted Round Robin,0,post,18.1349356174469,node-a,301592.237251747,5474.222660064697
Weighted Round Robin,0,post,18.147231817245483,node-b,232564.86933854586,361.71793937683105
Weighted Round Robin,0,post,18.349549055099487,node-c,128433.98270627577,591.0234451293945
Weighted Round Robin,0,post,18.387201070785522,node-a,72310.05103264157,3528.3257961273193
Weighted Round Robin,0,post,18.392241716384888,node-b,60720.78169627558,137.05110549926758
Weighted Round Robin,0,post,18.399810314178467,node-a,192109.05764246316,5110.776424407959
Weighted Round Robin,0,post,18.43411898612976,node-c,120767.39683895807,634.5980167388916
Weighted Round Robin,0,post,18.442667245864868,node-a,134634.4656820574,4872.394323348999
Weighted Round Robin,0,post,18.46498942375183,node-b,44265.19707848542,97.03326225280762
Weighted Round Robin,0,post,18.516402006149292,node-a,168377.9211346928,5104.043960571289
Weighted Round Robin,0,post,18.519533157348633,node-c,132913.94807788258,953.697919845581
Weighted Round Robin,0,post,18.544078588485718,node-b,60780.94897078499,89.93959426879883
Weighted Round Robin,0,post,18.652183294296265,node-a,83657.35413061963,4562.227725982666
Weighted Round Robin,0,post,18.65754747390747,node-a,120825.86115053196,4968.183755874634
Weighted Round Robin,0,post,18.72443914413452,node-b,108714.49587592286,75.9427547454834
Weighted Round Robin,0,post,18.728161096572876,node-c,91506.14695675625,621.6108798980713
Weighted Round Robin,0,post,18.912790536880493,node-a,100559.30055404156,5106.236934661865
Weighted Round Robin,0,post,18.930155038833618,node-b,93363.7406087149,77.2848129272461
Weighted Round Robin,0,post,18.947020769119263,node-a,114293.8768881317,5349.6692180633545
Weighted Round Robin,0,post,19.02216649055481,node-c,221016.581757191,652.9743671417236
Weighted Round Robin,0,post,19.178017377853394,node-a,29346.184044929425,5013.550043106079
Weighted Round Robin,0,post,19.398037910461426,node-b,94072.57986216802,83.45913887023926
Weighted Round Robin,0,post,19.492927312850952,node-a,115670.76853265135,5021.739959716797
Weighted Round Robin,0,post,19.61232089996338,node-b,122791.61573709552,109.29012298583984
Weighted Round Robin,0,post,19.688222646713257,node-c,87929.42043158217,159.69610214233398
Weighted Round Robin,0,post,19.7012300491333,node-a,43997.413651494346,4619.100570678711
Weighted Round Robin,0,post,19.78186869621277,node-b,124772.17628429117,139.93406295776367
Weighted Round Robin,0,post,19.79290270805359,node-a,251179.2555724464,7313.259601593018
Weighted Round Robin,0,post,19.86107110977173,node-c,49183.63962856812,75.60133934020996
Weighted Round Robin,0,post,19.914312601089478,node-a,163106.8894901856,6892.421245574951
Weighted Round Robin,0,post,19.938778162002563,node-b,89857.86383560265,73.47917556762695
Weighted Round Robin,0,post,19.98767614364624,node-a,102701.79243187197,5403.78212928772
Weighted Round Robin,0,post,20.049975395202637,node-c,62554.769651689785,54.75425720214844
Weighted Round Robin,0,post,20.06598973274231,node-b,89591.78733784666,63.861846923828125
Weighted Round Robin,0,post,20.09578013420105,node-a,202859.5849861252,7816.432237625122
Weighted Round Robin,0,post,20.125022649765015,node-a,141715.1934746172,6603.083610534668
Weighted Round Robin,0,post,20.13195013999939,node-b,251803.12835160416,286.48924827575684
Weighted Round Robin,0,post,20.15179443359375,node-c,190794.64398655645,216.61758422851562
Weighted Round Robin,0,post,20.222705364227295,node-a,131898.81587617358,5783.903121948242
Weighted Round Robin,0,post,20.305331230163574,node-b,253270.73258678467,508.7406635284424
Weighted Round Robin,0,post,20.344719171524048,node-a,131892.64841912512,6963.510990142822
Weighted Round Robin,0,post,20.386916160583496,node-c,160210.06032259355,260.79821586608887
Weighted Round Robin,0,post,20.413315296173096,node-a,91305.06531968382,7083.8000774383545
Weighted Round Robin,0,post,20.493651866912842,node-b,109482.49250908113,302.3855686187744
Weighted Round Robin,0,post,20.52178168296814,node-a,74722.39385877598,5697.306156158447
Weighted Round Robin,0,post,20.587657690048218,node-b,173692.016381268,412.96958923339844
Weighted Round Robin,0,post,20.632304191589355,node-c,58752.86578916378,115.95463752746582
Weighted Round Robin,0,post,20.67345690727234,node-a,156595.63568680777,7535.382270812988
Weighted Round Robin,0,post,20.871735095977783,node-b,96270.91170428245,179.60882186889648
Weighted Round Robin,0,post,21.019537925720215,node-a,190207.4444604048,7702.059030532837
Weighted Round Robin,0,post,21.08556365966797,node-c,154150.01276601243,167.3288345336914
Weighted Round Robin,0,post,21.16777515411377,node-a,263173.8450506407,8154.690980911255
Weighted Round Robin,0,post,21.177839756011963,node-b,152608.9990111855,144.62637901306152
Weighted Round Robin,0,post,21.20957589149475,node-a,48253.65686954342,6401.819705963135
Weighted Round Robin,0,post,21.29952120780945,node-c,102413.15348242296,141.99566841125488
Weighted Round Robin,0,post,21.370002508163452,node-b,58938.12392103854,44.48103904724121
Weighted Round Robin,0,post,21.386608600616455,node-a,81724.33549579767,7536.216974258423
Weighted Round Robin,0,post,21.601007223129272,node-a,225451.7031804779,8312.34335899353
Weighted Round Robin,0,post,21.603645086288452,node-b,145657.59800499957,117.0041561126709
Weighted Round Robin,0,post,21.68022632598877,node-c,74666.12647811626,67.33179092407227
Weighted Round Robin,0,post,21.687071323394775,node-a,63792.33611601177,7113.921165466309
Weighted Round Robin,0,post,21.85648512840271,node-b,107649.7379166845,75.45661926269531
Weighted Round Robin,0,post,21.862414360046387,node-a,57639.70586153421,7528.749227523804
Weighted Round Robin,0,post,21.969550371170044,node-c,75710.85946241648,76.09796524047852
Weighted Round Robin,0,post,21.981470346450806,node-a,123778.84665383915,7750.678539276123
Weighted Round Robin,0,post,22.29492425918579,node-b,188697.982517355,153.40685844421387
Weighted Round Robin,0,post,22.334693431854248,node-a,143577.14389856783,8185.190439224243
Weighted Round Robin,0,post,22.415972232818604,node-b,33678.07352908519,89.22314643859863
Weighted Round Robin,0,post,22.484662771224976,node-c,123306.74434019037,153.50031852722168
Weighted Round Robin,0,post,22.529646396636963,node-a,109783.3117037949,7592.5281047821045
Weighted Round Robin,0,post,22.62878918647766,node-b,130247.5519527538,104.47239875793457
Weighted Round Robin,0,post,22.680619955062866,node-a,237601.89988550817,9032.154083251953
Weighted Round Robin,0,post,22.868833303451538,node-c,37745.73934830241,40.85350036621094
Weighted Round Robin,0,post,22.873798370361328,node-a,78802.1302546195,7646.085500717163
Weighted Round Robin,0,post,23.24283480644226,node-b,142301.05289339434,110.60905456542969
Weighted Round Robin,0,post,23.29961061477661,node-a,48023.69538980222,7010.196208953857
Weighted Round Robin,0,post,23.320489168167114,node-c,221509.6747384614,323.91834259033203
Weighted Round Robin,0,post,23.360833883285522,node-b,127315.72806786641,108.47759246826172
Weighted Round Robin,0,post,23.44635534286499,node-a,161706.62484252107,8455.163717269897
Weighted Round Robin,0,post,23.515984058380127,node-a,79600.46320734434,7395.644426345825
Weighted Round Robin,0,post,23.65930986404419,node-b,159074.64982004507,148.72312545776367
Weighted Round Robin,0,post,23.81595802307129,node-c,180680.00180502253,248.13079833984375
Weighted Round Robin,0,post,23.88107681274414,node-a,118977.0661191651,8144.592046737671
Weighted Round Robin,0,post,23.98959994316101,node-b,119067.69407321441,112.59984970092773
Weighted Round Robin,0,post,24.036352396011353,node-a,121226.82316879244,8380.85389137268
Weighted Round Robin,0,post,24.04412055015564,node-c,68773.54223315782,127.48908996582031
Weighted Round Robin,0,post,24.081411838531494,node-a,98369.16613454101,7830.789566040039
Weighted Round Robin,0,post,24.10219979286194,node-b,98123.85198869514,98.94895553588867
Weighted Round Robin,0,post,24.238157510757446,node-a,128276.57498689278,8386.565685272217
Weighted Round Robin,0,post,24.253708124160767,node-b,174583.62727411924,169.10576820373535
Weighted Round Robin,0,post,24.341426134109497,node-c,62378.689448217425,55.089712142944336
Weighted Round Robin,0,post,24.49828290939331,node-a,99483.04499878954,8026.999473571777
Weighted Round Robin,0,post,24.507723569869995,node-b,222120.38654202918,193.15576553344727
Weighted Round Robin,0,post,24.57304883003235,node-a,73017.38973852289,7836.651802062988
Weighted Round Robin,0,post,24.75289535522461,node-c,70201.29331389292,83.35256576538086
Weighted Round Robin,0,post,24.788326025009155,node-a,117172.22238652575,8033.292293548584
Weighted Round Robin,0,post,24.822258710861206,node-b,161528.9426440785,290.2538776397705
Weighted Round Robin,0,post,24.86841344833374,node-a,106506.36733680844,8523.181676864624
Weighted Round Robin,0,post,24.88243842124939,node-c,205813.83322969402,268.5678005218506
Weighted Round Robin,0,post,24.89477825164795,node-b,162534.24760643314,320.6820487976074
Weighted Round Robin,0,post,25.109787940979004,node-a,161321.9045909615,9096.64011001587
Weighted Round Robin,0,post,25.27467107772827,node-a,139707.36618140762,8926.7737865448
Weighted Round Robin,0,post,25.315216779708862,node-b,339107.8820721522,315.08874893188477
Weighted Round Robin,0,post,25.337860345840454,node-c,95574.96356361969,118.56389045715332
Weighted Round Robin,0,post,25.430094480514526,node-a,38889.74521615489,8167.065858840942
Weighted Round Robin,0,post,25.730026721954346,node-b,236185.8330962827,203.6726474761963
Weighted Round Robin,0,post,25.87941861152649,node-a,84237.65474706613,8319.857597351074
Weighted Round Robin,0,post,25.91329026222229,node-c,111768.74556270838,248.6128807067871
Weighted Round Robin,0,post,25.95980477333069,node-a,203826.08081821978,8738.648653030396
Weighted Round Robin,0,post,26.03440809249878,node-b,47530.04190373392,54.01206016540527
Weighted Round Robin,0,post,26.08648109436035,node-a,56637.32021789219,8104.744434356689
Weighted Round Robin,0,post,26.1088445186615,node-b,47553.37546754725,60.06336212158203
Weighted Round Robin,0,post,26.1305890083313,node-c,71195.07166039338,143.36538314819336
Weighted Round Robin,0,post,26.205364227294922,node-a,131935.08822855656,8791.043519973755
Weighted Round Robin,0,post,26.44618582725525,node-b,137632.30383496403,116.42694473266602
Weighted Round Robin,0,post,26.459736585617065,node-a,121586.85124132059,8444.056272506714
Weighted Round Robin,0,post,26.541152954101562,node-c,52253.60067108646,60.88376045227051
Weighted Round Robin,0,post,26.722692489624023,node-a,33362.75054447742,8078.372001647949
Weighted Round Robin,0,post,26.723777055740356,node-b,108817.1048192397,74.91135597229004
Weighted Round Robin,0,post,26.761183261871338,node-a,83646.84633148769,8445.321321487427
Weighted Round Robin,0,post,26.85441756248474,node-c,133244.3457354221,126.23786926269531
Weighted Round Robin,0,post,27.01075577735901,node-b,150425.59189138867,117.14386940002441
Weighted Round Robin,0,post,27.205236434936523,node-a,113478.39414121355,8685.742855072021
Weighted Round Robin,0,post,27.228554725646973,node-a,154865.6993417893,8662.424564361572
Weighted Round Robin,0,post,27.233334064483643,node-b,118759.14254924736,96.05264663696289
Weighted Round Robin,0,post,27.256460189819336,node-c,138037.32168458836,179.3811321258545
Weighted Round Robin,0,post,27.314077138900757,node-a,74452.03640041206,8476.86767578125
ML-Argmin,0,pre,0.17113399505615234,node-a,123328.34653580883,107.07616806030273
ML-Argmin,0,pre,0.33102941513061523,node-b,62960.00538639512,64.55326080322266
ML-Argmin,0,pre,0.4946765899658203,node-c,154117.81473681098,463.5884761810303
ML-Argmin,0,pre,0.5120062828063965,node-c,169486.63954621818,556.9007396697998
ML-Argmin,0,pre,0.5216193199157715,node-c,39923.86033135189,245.9123134613037
ML-Argmin,0,pre,0.6207761764526367,node-b,55224.2401116969,40.412187576293945
ML-Argmin,0,pre,0.7151517868041992,node-b,112889.77998801673,83.94050598144531
ML-Argmin,0,pre,0.9348554611206055,node-b,90411.40732044433,181.14161491394043
ML-Argmin,0,pre,0.9391107559204102,node-b,105013.73635503302,176.38182640075684
ML-Argmin,0,pre,1.0102338790893555,node-b,69128.68578469494,203.38988304138184
ML-Argmin,0,pre,1.0144867897033691,node-b,164381.62893054791,737.2379302978516
ML-Argmin,0,pre,1.0878520011901855,node-b,156239.12879695476,611.6905212402344
ML-Argmin,0,pre,1.2120637893676758,node-b,109454.29792252355,486.93108558654785
ML-Argmin,0,pre,1.2346537113189697,node-b,186068.02753197495,663.3541584014893
ML-Argmin,0,pre,1.3232786655426025,node-a,133786.6562848461,193.71271133422852
ML-Argmin,0,pre,1.3328890800476074,node-a,68913.04630081484,146.7137336730957
ML-Argmin,0,pre,1.338738203048706,node-a,127340.82264890775,334.6431255340576
ML-Argmin,0,pre,1.3576931953430176,node-a,65565.55241263952,373.96836280822754
ML-Argmin,0,pre,1.4236600399017334,node-a,164303.75731984293,553.3034801483154
ML-Argmin,0,pre,1.449549674987793,node-a,103288.78338218242,419.51632499694824
ML-Argmin,0,pre,1.537269115447998,node-a,96549.95675863358,520.4484462738037
ML-Argmin,0,pre,1.5537726879119873,node-a,75341.18799430737,233.2611083984375
ML-Argmin,0,pre,1.6792018413543701,node-a,195148.81319740802,427.1657466888428
ML-Argmin,0,pre,1.7625646591186523,node-a,98025.43656209784,663.2912158966064
ML-Argmin,0,pre,1.809037208557129,node-a,85483.88098691129,428.79438400268555
ML-Argmin,0,pre,1.8359324932098389,node-a,88803.4026627253,629.6303272247314
ML-Argmin,0,pre,1.8709232807159424,node-a,138192.3196413388,907.6559543609619
ML-Argmin,0,pre,1.8735487461090088,node-a,127130.45639778033,615.6208515167236
ML-Argmin,0,pre,1.885380744934082,node-a,130172.18168071713,827.7533054351807
ML-Argmin,0,pre,1.9350669384002686,node-a,131354.82433167935,979.6657562255859
ML-Argmin,0,pre,1.9607715606689453,node-a,308992.04839504755,1232.107400894165
ML-Argmin,0,pre,2.0477540493011475,node-a,86425.62647825923,908.7913036346436
ML-Argmin,0,pre,2.094728708267212,node-a,81971.39773003901,913.5756492614746
ML-Argmin,0,pre,2.11548113822937,node-a,70499.48315510646,920.720100402832
ML-Argmin,0,pre,2.1430153846740723,node-c,144096.2463972571,234.39574241638184
ML-Argmin,0,pre,2.1915347576141357,node-c,186229.14710562734,788.4352207183838
ML-Argmin,0,pre,2.212836265563965,node-c,100034.78884656797,642.737865447998
ML-Argmin,0,pre,2.236203193664551,node-c,69575.57030087759,612.269401550293
ML-Argmin,0,pre,2.294947385787964,node-a,70123.02047587637,1139.3756866455078
ML-Argmin,0,pre,2.317336320877075,node-b,146611.7793788687,115.76485633850098
ML-Argmin,0,pre,2.406002998352051,node-a,153564.21654693905,1085.2329730987549
ML-Argmin,0,pre,2.503467321395874,node-a,138943.70859011114,1191.0145282745361
ML-Argmin,0,pre,2.5809552669525146,node-b,75924.30743094067,64.45646286010742
ML-Argmin,0,pre,2.5847339630126953,node-a,118934.43850002464,1423.1657981872559
ML-Argmin,0,pre,2.66231369972229,node-a,112261.91268402804,1155.9860706329346
ML-Argmin,0,pre,2.752901792526245,node-a,118135.94541823669,1281.1715602874756
ML-Argmin,0,pre,2.8349170684814453,node-a,163727.9373596016,1140.8610343933105
ML-Argmin,0,pre,2.8523788452148438,node-a,118426.14498101735,1161.0102653503418
ML-Argmin,0,pre,2.874058961868286,node-b,148702.6276788918,331.42924308776855
ML-Argmin,0,pre,2.886017084121704,node-b,109539.06871360115,359.16876792907715
ML-Argmin,0,pre,2.9108588695526123,node-a,122370.26923013838,1221.9111919403076
ML-Argmin,0,pre,2.9142069816589355,node-b,145203.44902166497,423.3522415161133
ML-Argmin,0,pre,2.9224705696105957,node-a,51106.609478848084,1171.3252067565918
ML-Argmin,0,pre,3.014126777648926,node-b,90256.5467369229,515.3365135192871
ML-Argmin,0,pre,3.287614583969116,node-b,83705.56105706745,227.80394554138184
ML-Argmin,0,pre,3.3288846015930176,node-b,76942.07135549092,329.2989730834961
ML-Argmin,0,pre,3.349346876144409,node-b,92288.59940754846,376.1465549468994
ML-Argmin,0,pre,3.3750622272491455,node-b,223623.17893296183,959.8963260650635
ML-Argmin,0,pre,3.3998923301696777,node-b,68688.11494625095,710.493803024292
ML-Argmin,0,pre,3.409729242324829,node-b,171851.5323558088,903.2018184661865
ML-Argmin,0,pre,3.483901262283325,node-c,45652.43092417173,64.79883193969727
ML-Argmin,0,pre,3.5785715579986572,node-c,89572.57833661404,86.91835403442383
ML-Argmin,0,pre,3.684638261795044,node-c,114877.72195616567,193.30525398254395
ML-Argmin,0,pre,4.048282861709595,node-c,141968.17438915515,400.6972312927246
ML-Argmin,0,pre,4.192034959793091,node-c,151124.65600113044,657.7579975128174
ML-Argmin,0,pre,4.309736967086792,node-c,157459.03991036775,762.7453804016113
ML-Argmin,0,pre,4.377382755279541,node-c,88954.8739304915,870.4969882965088
ML-Argmin,0,pre,4.421828508377075,node-c,84041.93046071955,1153.3048152923584
ML-Argmin,0,pre,4.424596071243286,node-c,162630.32549943525,1517.0695781707764
ML-Argmin,0,pre,4.488558530807495,node-c,96239.47151631535,1459.928274154663
ML-Argmin,0,pre,4.530759811401367,node-c,55960.639700088745,1522.0544338226318
ML-Argmin,0,pre,4.635825157165527,node-c,60090.28226950024,1323.4596252441406
ML-Argmin,0,pre,4.77752685546875,node-c,66871.01400533372,1302.2727966308594
ML-Argmin,0,pre,4.800020217895508,node-a,135784.91341521015,224.1036891937256
ML-Argmin,0,pre,4.802259206771851,node-a,113716.05671757563,235.98527908325195
ML-Argmin,0,pre,4.8666157722473145,node-a,149565.49937848616,241.87421798706055
ML-Argmin,0,pre,5.04198145866394,node-b,85529.84844277803,63.16113471984863
ML-Argmin,0,pre,5.099786996841431,node-b,114635.96529332947,115.47470092773438
ML-Argmin,0,pre,5.245735168457031,node-a,144790.36530163232,103.11198234558105
ML-Argmin,0,pre,5.295999050140381,node-b,90723.6862954343,81.06303215026855
ML-Argmin,0,pre,5.391045808792114,node-b,133070.53973369344,260.44249534606934
ML-Argmin,0,pre,5.40825343132019,node-b,76060.47687857399,333.5108757019043
ML-Argmin,0,pre,5.418181419372559,node-b,88319.84428939168,487.1940612792969
ML-Argmin,0,pre,5.427716970443726,node-b,87498.60022288638,665.7266616821289
ML-Argmin,0,pre,5.435466527938843,node-b,58239.971817618185,457.90839195251465
ML-Argmin,0,pre,5.440563440322876,node-b,135094.96602578126,663.2876396179199
ML-Argmin,0,pre,5.5581324100494385,node-b,83746.18125251321,548.0649471282959
ML-Argmin,0,pre,5.586754322052002,node-b,106563.26029077674,819.0224170684814
ML-Argmin,0,pre,5.61496901512146,node-b,134675.0812990667,1348.726511001587
ML-Argmin,0,pre,5.68142557144165,node-b,132390.69092501714,1018.007755279541
ML-Argmin,0,pre,5.694268226623535,node-a,147700.16361197483,99.91240501403809
ML-Argmin,0,pre,5.822972297668457,node-b,100811.1536219529,818.0286884307861
ML-Argmin,0,pre,5.913724660873413,node-b,85699.12253558153,941.821813583374
ML-Argmin,0,pre,5.9386327266693115,node-b,101761.58113240422,997.9877471923828
ML-Argmin,0,pre,5.951152086257935,node-a,45550.63324492301,50.820112228393555
ML-Argmin,0,pre,5.987249851226807,node-a,51363.89565935219,66.09606742858887
ML-Argmin,0,pre,6.00861668586731,node-a,54660.533271296445,73.36688041687012
ML-Argmin,0,pre,6.013506889343262,node-b,64319.85232856293,879.5180320739746
ML-Argmin,0,pre,6.048917531967163,node-a,129331.4974840889,122.96390533447266
ML-Argmin,0,pre,6.203495502471924,node-b,67339.85194435711,752.7675628662109
ML-Argmin,0,pre,6.273288726806641,node-b,87655.15873953704,781.358003616333
ML-Argmin,0,pre,6.483203172683716,node-a,202776.80505403748,151.8874168395996
ML-Argmin,0,pre,6.628577947616577,node-c,88620.19420916947,125.58174133300781
ML-Argmin,0,pre,6.70491099357605,node-b,153124.22606480986,804.9521446228027
ML-Argmin,0,pre,6.830456495285034,node-b,66399.06020062021,484.52019691467285
ML-Argmin,0,pre,6.88043737411499,node-b,95561.78138789166,654.4225215911865
ML-Argmin,0,pre,6.956792593002319,node-b,65856.67009579392,558.356761932373
ML-Argmin,0,pre,6.983489513397217,node-c,89386.99527108499,75.11186599731445
ML-Argmin,0,pre,6.997736930847168,node-b,161199.99700784046,644.8886394500732
ML-Argmin,0,pre,7.144084930419922,node-c,44648.98305708025,309.6957206726074
ML-Argmin,0,pre,7.154435396194458,node-c,131591.6496742857,605.198860168457
ML-Argmin,0,pre,7.169711589813232,node-c,119266.38776686342,578.650951385498
ML-Argmin,0,pre,7.188361883163452,node-c,78682.18508509963,880.7961940765381
ML-Argmin,0,pre,7.253874063491821,node-c,51390.98744694206,723.0451107025146
ML-Argmin,0,pre,7.28315281867981,node-c,109788.57783262625,974.0273952484131
ML-Argmin,0,pre,7.331043481826782,node-c,81267.43544249299,1026.9982814788818
ML-Argmin,0,pre,7.4818949699401855,node-c,118965.0614164116,993.55149269104
ML-Argmin,0,pre,7.5862648487091064,node-c,107063.03953848465,1161.2730026245117
ML-Argmin,0,pre,7.667673587799072,node-c,235893.67844331436,1992.8836822509766
ML-Argmin,0,pre,7.680147886276245,node-c,93954.81066248991,1883.8138580322266
ML-Argmin,0,pre,7.7612528800964355,node-c,63481.14905000262,2680.5636882781982
ML-Argmin,0,pre,7.790543556213379,node-c,115830.69050128458,2363.6467456817627
ML-Argmin,0,pre,7.802552223205566,node-c,118213.23675298966,2965.315580368042
ML-Argmin,0,pre,7.8283867835998535,node-c,208948.0236575144,2928.9379119873047
ML-Argmin,0,pre,7.8324620723724365,node-c,160781.67129098458,2537.3218059539795
ML-Argmin,0,pre,7.894464731216431,node-c,126586.67765209198,2978.5826206207275
ML-Argmin,0,pre,7.9636945724487305,node-c,220113.47050124872,3318.9728260040283
ML-Argmin,0,pre,7.986364841461182,node-c,58446.40705464808,3078.3939361572266
ML-Argmin,0,pre,7.988096714019775,node-c,76908.46714807714,3688.399076461792
ML-Argmin,0,pre,8.172955751419067,node-c,66633.2546554744,3479.82120513916
ML-Argmin,0,pre,8.231444120407104,node-c,87146.17151819795,3450.969696044922
ML-Argmin,0,pre,8.332562446594238,node-c,53204.80272208876,3411.9832515716553
ML-Argmin,0,pre,8.358546018600464,node-c,145484.16021581332,3602.895975112915
ML-Argmin,0,pre,8.47354769706726,node-a,94763.12854755523,87.07141876220703
ML-Argmin,0,pre,8.58701467514038,node-a,50758.982408466785,89.88046646118164
ML-Argmin,0,pre,8.592766761779785,node-a,63732.98217823439,93.36495399475098
ML-Argmin,0,pre,8.967580080032349,node-a,123871.98663568683,104.13193702697754
ML-Argmin,0,pre,9.012145519256592,node-a,161024.25836826678,162.3702049255371
ML-Argmin,0,pre,9.110665082931519,node-b,287394.8886315716,636.5146636962891
ML-Argmin,0,pre,9.128010511398315,node-b,454602.3022671902,1317.0225620269775
ML-Argmin,0,pre,9.196436405181885,node-a,130281.36521283789,190.94014167785645
ML-Argmin,0,pre,9.217458248138428,node-a,64568.24217849559,154.5093059539795
ML-Argmin,0,pre,9.324368238449097,node-a,36469.21946267165,116.55282974243164
ML-Argmin,0,pre,9.35858154296875,node-a,121067.40709994447,250.91314315795898
ML-Argmin,0,pre,9.412887811660767,node-a,70528.80409688527,185.58049201965332
ML-Argmin,0,pre,9.449463367462158,node-a,86040.0695455298,221.846342086792
ML-Argmin,0,pre,9.499546766281128,node-a,77979.29504041243,186.57517433166504
ML-Argmin,0,pre,9.532024383544922,node-b,98701.12056072791,661.1990928649902
ML-Argmin,0,pre,9.574735164642334,node-b,180455.07560424265,1047.0211505889893
ML-Argmin,0,pre,9.578501224517822,node-b,114550.52894789848,1023.0855941772461
ML-Argmin,0,pre,9.687179565429688,node-b,97824.42832863153,919.0082550048828
ML-Argmin,0,pre,9.858923196792603,node-b,63096.47260806362,747.6372718811035
ML-Argmin,0,pre,9.898153066635132,node-b,45839.68819845233,546.8800067901611
ML-Argmin,0,pre,10.136119842529297,node-b,83041.27623726778,597.8274345397949
ML-Argmin,0,pre,10.147810935974121,node-b,103089.80147612811,675.6138801574707
ML-Argmin,0,pre,10.337552785873413,node-a,256327.69886419174,399.5232582092285
ML-Argmin,0,pre,10.365013122558594,node-a,113027.25716997024,205.23500442504883
ML-Argmin,0,pre,10.408868789672852,node-a,173098.62145637476,332.165002822876
ML-Argmin,0,pre,10.576956748962402,node-a,82503.76622514013,316.9846534729004
ML-Argmin,0,pre,10.5856294631958,node-a,58558.125519744484,269.2534923553467
ML-Argmin,0,pre,10.600075483322144,node-a,65361.49748757287,316.14065170288086
ML-Argmin,0,pre,10.6902916431427,node-a,73690.85523159422,433.7902069091797
ML-Argmin,0,pre,10.76224970817566,node-a,306962.81270607,659.3210697174072
ML-Argmin,0,pre,10.779651641845703,node-a,70231.60357982168,349.3609428405762
ML-Argmin,0,pre,10.809290647506714,node-a,161053.45759911364,572.6890563964844
ML-Argmin,0,pre,10.862029790878296,node-a,67425.82830184419,392.427921295166
ML-Argmin,0,pre,10.992677688598633,node-a,168726.36306555252,737.6718521118164
ML-Argmin,0,pre,11.017311334609985,node-a,128376.48371370956,829.9252986907959
ML-Argmin,0,pre,11.070584297180176,node-a,97922.15183414886,587.0511531829834
ML-Argmin,0,pre,11.092966794967651,node-a,103763.10659041413,796.7841625213623
ML-Argmin,0,pre,11.116766929626465,node-a,76332.43109249871,704.9405574798584
ML-Argmin,0,pre,11.263157367706299,node-a,132360.31243213505,839.3726348876953
ML-Argmin,0,pre,11.300493001937866,node-a,84352.12510858945,757.4210166931152
ML-Argmin,0,pre,11.39281678199768,node-a,57379.60123019344,665.0972366333008
ML-Argmin,0,pre,11.415301322937012,node-a,55897.68441624148,657.9105854034424
ML-Argmin,0,pre,11.428001165390015,node-a,115444.01590162003,862.7204895019531
ML-Argmin,0,pre,11.506333589553833,node-a,233232.86404583717,2048.3882427215576
ML-Argmin,0,pre,11.603418588638306,node-a,114719.21677682016,1051.3050556182861
ML-Argmin,0,pre,11.667632818222046,node-a,99800.43876265132,1098.691701889038
ML-Argmin,0,pre,11.752780675888062,node-a,122168.93653522362,1617.5477504730225
ML-Argmin,0,pre,11.8222496509552,node-a,203464.71794008536,3145.026445388794
ML-Argmin,0,pre,11.896944761276245,node-a,118176.94006945375,1179.323673248291
ML-Argmin,0,pre,12.052512884140015,node-a,86230.86078672975,2007.4079036712646
ML-Argmin,0,pre,12.245234966278076,node-a,184128.90773171766,3009.0465545654297
ML-Argmin,0,pre,12.293914794921875,node-a,131219.29903724522,2487.1556758880615
ML-Argmin,0,pre,12.299371004104614,node-a,228233.61664436944,3763.133764266968
ML-Argmin,0,pre,12.393666744232178,node-a,116060.19296506053,2892.127752304077
ML-Argmin,0,post,12.456285953521729,node-a,57412.22311567495,2506.2332153320312
ML-Argmin,0,post,12.6229887008667,node-a,53432.124268864034,2331.448554992676
ML-Argmin,0,post,12.694415092468262,node-b,241762.46847243674,451.87878608703613
ML-Argmin,0,post,12.705506086349487,node-b,250716.9473937672,502.79831886291504
ML-Argmin,0,post,12.777097225189209,node-a,96808.24208274338,3006.162643432617
ML-Argmin,0,post,12.816285133361816,node-c,87435.2117720609,138.28587532043457
ML-Argmin,0,post,12.825082540512085,node-a,219909.01418095123,3345.3097343444824
ML-Argmin,0,post,12.842773675918579,node-a,60883.90790345369,2945.6117153167725
ML-Argmin,0,post,13.083343505859375,node-c,67702.84707408982,65.11282920837402
ML-Argmin,0,post,13.107917547225952,node-c,146080.10565676758,634.0522766113281
ML-Argmin,0,post,13.129587173461914,node-c,86937.47493319158,247.97773361206055
ML-Argmin,0,post,13.157089233398438,node-c,105628.77338793047,818.9551830291748
ML-Argmin,0,post,13.30079984664917,node-c,97589.5378506133,751.1563301086426
ML-Argmin,0,post,13.378095149993896,node-c,125371.21008379715,1072.3834037780762
ML-Argmin,0,post,13.388065338134766,node-c,214054.9319503215,2087.228775024414
ML-Argmin,0,post,13.391534805297852,node-c,110806.3625313794,1260.1714134216309
ML-Argmin,0,post,13.421047925949097,node-c,146124.81290579663,1758.8844299316406
ML-Argmin,0,post,13.433242559432983,node-c,37993.14285529002,1108.3762645721436
ML-Argmin,0,post,13.573789834976196,node-c,103351.1632820267,1805.217981338501
ML-Argmin,0,post,13.581281185150146,node-c,69468.72196736024,1666.264533996582
ML-Argmin,0,post,13.627130270004272,node-c,57574.813852465995,1921.872854232788
ML-Argmin,0,post,13.69753098487854,node-c,68266.2539836552,1981.3377857208252
ML-Argmin,0,post,13.897999286651611,node-c,89606.69358959842,2274.495840072632
ML-Argmin,0,post,13.915706157684326,node-c,167409.5179490162,2452.293872833252
ML-Argmin,0,post,14.036925554275513,node-c,54559.69284863689,1945.094108581543
ML-Argmin,0,post,14.089808940887451,node-c,107534.04435213337,2184.7567558288574
ML-Argmin,0,post,14.206266403198242,node-b,83130.11460079094,115.77630043029785
ML-Argmin,0,post,14.23315167427063,node-b,89896.15722783373,116.8818473815918
ML-Argmin,0,post,14.25854206085205,node-c,174839.89255022866,2683.070421218872
ML-Argmin,0,post,14.27372431755066,node-c,138594.09223552106,2867.905378341675
ML-Argmin,0,post,14.344038963317871,node-c,206683.94619636342,3009.474992752075
ML-Argmin,0,post,14.392164707183838,node-b,98026.60320989732,80.52253723144531
ML-Argmin,0,post,14.450478553771973,node-b,74777.75419572592,90.05212783813477
ML-Argmin,0,post,14.537178039550781,node-b,94685.63833309733,203.88412475585938
ML-Argmin,0,post,14.61802887916565,node-b,119550.65089333974,293.6830520629883
ML-Argmin,0,post,14.690931558609009,node-b,115674.29290585338,807.3573112487793
ML-Argmin,0,post,14.787778377532959,node-b,61577.571589411076,315.6595230102539
ML-Argmin,0,post,14.789377212524414,node-b,110801.09241391941,708.911657333374
ML-Argmin,0,post,14.892546892166138,node-b,118700.7841627887,641.6897773742676
ML-Argmin,0,post,14.981938123703003,node-b,372869.60032961477,1749.9637603759766
ML-Argmin,0,post,15.011040449142456,node-b,270673.7032603318,1306.5528869628906
ML-Argmin,0,post,15.031527042388916,node-b,69121.79320389297,763.1995677947998
ML-Argmin,0,post,15.078469514846802,node-b,91725.46704343578,746.6344833374023
ML-Argmin,0,post,15.217411279678345,node-b,50946.22893239044,875.6277561187744
ML-Argmin,0,post,15.238707065582275,node-b,78817.75082720756,1089.627981185913
ML-Argmin,0,post,15.33864140510559,node-b,124001.57220251733,974.1110801696777
ML-Argmin,0,post,15.544860124588013,node-b,193527.2933110387,1368.5543537139893
ML-Argmin,0,post,15.571527242660522,node-b,73548.8509272347,982.219934463501
ML-Argmin,0,post,15.868539571762085,node-b,76356.9093068363,797.0092296600342
ML-Argmin,0,post,15.873088121414185,node-b,36192.33036132406,936.711311340332
ML-Argmin,0,post,15.874658346176147,node-b,97627.45767682875,1236.384630203247
ML-Argmin,0,post,16.002556324005127,node-b,62257.84408801169,1054.5542240142822
ML-Argmin,0,post,16.04746985435486,node-b,81269.60050479758,1074.8884677886963
ML-Argmin,0,post,16.089161157608032,node-b,68310.35418515968,1133.500099182129
ML-Argmin,0,post,16.224306106567383,node-b,101024.2377380574,1127.6097297668457
ML-Argmin,0,post,16.392915964126587,node-b,43975.275129573434,1115.7567501068115
ML-Argmin,0,post,16.454035997390747,node-b,50854.52572893877,1070.4543590545654
ML-Argmin,0,post,16.595040798187256,node-b,307082.14921023283,1712.238073348999
ML-Argmin,0,post,16.668940782546997,node-b,55633.21706787448,1241.86372756958
ML-Argmin,0,post,16.701890468597412,node-b,61197.048030226644,1217.2482013702393
ML-Argmin,0,post,16.71798801422119,node-b,265323.1473202159,2081.681966781616
ML-Argmin,0,post,16.813032865524292,node-b,452607.5105985092,2695.979595184326
ML-Argmin,0,post,16.960328578948975,node-b,58951.10835212367,1132.584810256958
ML-Argmin,0,post,17.145301580429077,node-b,88090.72632850516,1374.3572235107422
ML-Argmin,0,post,17.16599178314209,node-b,125621.01014287982,1684.8876476287842
ML-Argmin,0,post,17.23435139656067,node-b,251348.5358518715,2106.3947677612305
ML-Argmin,0,post,17.273773431777954,node-b,64654.85529064135,1718.8093662261963
ML-Argmin,0,post,17.39062190055847,node-b,93677.01170451973,1937.159538269043
ML-Argmin,0,post,17.404737949371338,node-b,156203.6384726014,2287.9679203033447
ML-Argmin,0,post,17.408768892288208,node-b,131614.18212806404,2483.6058616638184
ML-Argmin,0,post,17.433714389801025,node-b,87743.14215103636,2701.780319213867
ML-Argmin,0,post,17.43850350379944,node-b,99045.5911230621,2820.861577987671
ML-Argmin,0,post,17.469847917556763,node-b,53252.451367323214,2831.9056034088135
ML-Argmin,0,post,17.506261348724365,node-b,94010.3488909593,3017.270803451538
ML-Argmin,0,post,17.514832019805908,node-b,92693.46721677484,2995.891571044922
ML-Argmin,0,post,17.724245071411133,node-b,118934.94793058983,2728.976011276245
ML-Argmin,0,post,17.74709391593933,node-b,80224.4341250599,2763.1218433380127
ML-Argmin,0,post,17.829824209213257,node-b,134056.45323822956,3100.9151935577393
ML-Argmin,0,post,17.843387365341187,node-b,175712.5904979484,3249.2284774780273
ML-Argmin,0,post,17.878342866897583,node-b,114457.82409434147,3361.2799644470215
ML-Argmin,0,post,17.8855984210968,node-b,126263.36790948194,3912.806749343872
ML-Argmin,0,post,17.892061233520508,node-b,108751.92996011286,3748.2075691223145
ML-Argmin,0,post,17.89424443244934,node-b,105904.09700293883,3756.802558898926
ML-Argmin,0,post,18.002812385559082,node-b,73826.1294115895,3410.80904006958
ML-Argmin,0,post,18.029789924621582,node-b,124056.71916176949,3503.31449508667
ML-Argmin,0,post,18.078054428100586,node-b,100871.6022831039,3874.8669624328613
ML-Argmin,0,post,18.135545253753662,node-b,301592.237251747,4116.174936294556
ML-Argmin,0,post,18.150012493133545,node-b,232564.86933854586,4359.492063522339
ML-Argmin,0,post,18.351690530776978,node-b,128433.98270627577,3994.473457336426
ML-Argmin,0,post,18.38952350616455,node-b,72310.05103264157,4119.981050491333
ML-Argmin,0,post,18.395068407058716,node-b,60720.78169627558,4157.3591232299805
ML-Argmin,0,post,18.401746034622192,node-b,192109.05764246316,4596.329212188721
ML-Argmin,0,post,18.435682773590088,node-a,120767.39683895807,642.9953575134277
ML-Argmin,0,post,18.444897651672363,node-a,134634.4656820574,737.3518943786621
ML-Argmin,0,post,18.467292547225952,node-a,44265.19707848542,810.8384609222412
ML-Argmin,0,post,18.51965880393982,node-a,168377.9211346928,1655.2040576934814
ML-Argmin,0,post,18.522900342941284,node-a,132913.94807788258,1262.4549865722656
ML-Argmin,0,post,18.544007539749146,node-a,60780.94897078499,1025.226354598999
ML-Argmin,0,post,18.65591025352478,node-b,83657.35413061963,4158.549070358276
ML-Argmin,0,post,18.6611111164093,node-a,120825.86115053196,1303.5578727722168
ML-Argmin,0,post,18.72469663619995,node-b,108714.49587592286,4295.608758926392
ML-Argmin,0,post,18.731908082962036,node-b,91506.14695675625,4410.30740737915
ML-Argmin,0,post,18.912644624710083,node-b,100559.30055404156,4312.0574951171875
ML-Argmin,0,post,18.93319606781006,node-b,93363.7406087149,4581.268072128296
ML-Argmin,0,post,18.949313163757324,node-b,114293.8768881317,5159.456491470337
ML-Argmin,0,post,19.023263931274414,node-b,221016.581757191,5087.619066238403
ML-Argmin,0,post,19.18266725540161,node-a,29346.184044929425,506.1492919921875
ML-Argmin,0,post,19.398003578186035,node-b,94072.57986216802,4306.793451309204
ML-Argmin,0,post,19.497455596923828,node-b,115670.76853265135,4445.351362228394
ML-Argmin,0,post,19.613129138946533,node-c,122791.61573709552,161.32593154907227
ML-Argmin,0,post,19.69209361076355,node-b,87929.42043158217,4558.932304382324
ML-Argmin,0,post,19.7034809589386,node-c,43997.413651494346,156.1293601989746
ML-Argmin,0,post,19.783495664596558,node-c,124772.17628429117,375.31423568725586
ML-Argmin,0,post,19.79486083984375,node-b,251179.2555724464,6040.55643081665
ML-Argmin,0,post,19.863569974899292,node-c,49183.63962856812,300.3273010253906
ML-Argmin,0,post,19.914474964141846,node-c,163106.8894901856,1152.3239612579346
ML-Argmin,0,post,19.94093155860901,node-b,89857.86383560265,4389.275789260864
ML-Argmin,0,post,19.99245810508728,node-c,102701.79243187197,866.9745922088623
ML-Argmin,0,post,20.050635814666748,node-c,62554.769651689785,596.7118740081787
ML-Argmin,0,post,20.06762409210205,node-b,89591.78733784666,4357.8455448150635
ML-Argmin,0,post,20.09928607940674,node-b,202859.5849861252,6516.712188720703
ML-Argmin,0,post,20.126561641693115,node-c,141715.1934746172,1429.4312000274658
ML-Argmin,0,post,20.134420156478882,node-b,251803.12835160416,5809.537649154663
ML-Argmin,0,post,20.153578519821167,node-b,190794.64398655645,6488.579511642456
ML-Argmin,0,post,20.22408437728882,node-c,131898.81587617358,1817.2109127044678
ML-Argmin,0,post,20.308593034744263,node-b,253270.73258678467,6209.7508907318115
ML-Argmin,0,post,20.346521377563477,node-c,131892.64841912512,1406.6424369812012
ML-Argmin,0,post,20.38822340965271,node-c,160210.06032259355,2267.5013542175293
ML-Argmin,0,post,20.4154155254364,node-b,91305.06531968382,4992.707252502441
ML-Argmin,0,post,20.496173620224,node-c,109482.49250908113,1856.1580181121826
ML-Argmin,0,post,20.524715662002563,node-b,74722.39385877598,4874.1819858551025
ML-Argmin,0,post,20.59017777442932,node-b,173692.016381268,5839.297533035278
ML-Argmin,0,post,20.634697914123535,node-c,58752.86578916378,2124.826431274414
ML-Argmin,0,post,20.676568746566772,node-c,156595.63568680777,2281.672954559326
ML-Argmin,0,post,20.871614694595337,node-b,96270.91170428245,5141.347408294678
ML-Argmin,0,post,21.023004293441772,node-b,190207.4444604048,5903.389692306519
ML-Argmin,0,post,21.088221311569214,node-c,154150.01276601243,1968.4038162231445
ML-Argmin,0,post,21.170501947402954,node-b,263173.8450506407,5950.959205627441
ML-Argmin,0,post,21.179953813552856,node-c,152608.9990111855,1778.2878875732422
ML-Argmin,0,post,21.21178364753723,node-c,48253.65686954342,1864.8591041564941
ML-Argmin,0,post,21.300556659698486,node-c,102413.15348242296,2167.289972305298
ML-Argmin,0,post,21.374632358551025,node-c,58938.12392103854,2272.390365600586
ML-Argmin,0,post,21.388938426971436,node-b,81724.33549579767,5058.455228805542
ML-Argmin,0,post,21.603367567062378,node-b,225451.7031804779,5506.091594696045
ML-Argmin,0,post,21.60737156867981,node-c,145657.59800499957,2877.44402885437
ML-Argmin,0,post,21.68280339241028,node-b,74666.12647811626,5159.7301959991455
ML-Argmin,0,post,21.688889026641846,node-c,63792.33611601177,1974.5824337005615
ML-Argmin,0,post,21.857650995254517,node-c,107649.7379166845,2198.302984237671
ML-Argmin,0,post,21.864777088165283,node-c,57639.70586153421,2623.24595451355
ML-Argmin,0,post,21.970918893814087,node-b,75710.85946241648,5150.00057220459
ML-Argmin,0,post,21.983163833618164,node-c,123778.84665383915,2687.722682952881
ML-Argmin,0,post,22.295136213302612,node-b,188697.982517355,5951.741933822632
ML-Argmin,0,post,22.337640047073364,node-c,143577.14389856783,3036.463737487793
ML-Argmin,0,post,22.41690731048584,node-c,33678.07352908519,2436.591386795044
ML-Argmin,0,post,22.487064361572266,node-c,123306.74434019037,2572.9496479034424
ML-Argmin,0,post,22.530463218688965,node-c,109783.3117037949,2741.737127304077
ML-Argmin,0,post,22.630309581756592,node-c,130247.5519527538,2754.4147968292236
ML-Argmin,0,post,22.680758237838745,node-b,237601.89988550817,5954.442977905273
ML-Argmin,0,post,22.87423849105835,node-c,37745.73934830241,2368.0717945098877
ML-Argmin,0,post,22.875842809677124,node-b,78802.1302546195,4760.135889053345
ML-Argmin,0,post,23.242771863937378,node-c,142301.05289339434,3338.1435871124268
ML-Argmin,0,post,23.302616596221924,node-c,48023.69538980222,2449.6655464172363
ML-Argmin,0,post,23.323347091674805,node-b,221509.6747384614,5311.854124069214
ML-Argmin,0,post,23.36070466041565,node-c,127315.72806786641,3814.8725032806396
ML-Argmin,0,post,23.449625492095947,node-c,161706.62484252107,3612.8320693969727
ML-Argmin,0,post,23.517733812332153,node-b,79600.46320734434,4109.757661819458
ML-Argmin,0,post,23.659329652786255,node-c,159074.64982004507,3981.544017791748
ML-Argmin,0,post,23.82131791114807,node-b,180680.00180502253,4210.63756942749
ML-Argmin,0,post,23.88175868988037,node-c,118977.0661191651,2570.9288120269775
ML-Argmin,0,post,23.993940591812134,node-c,119067.69407321441,3181.6365718841553
ML-Argmin,0,post,24.038028478622437,node-c,121226.82316879244,2543.4036254882812
ML-Argmin,0,post,24.04725217819214,node-c,68773.54223315782,3493.647575378418
ML-Argmin,0,post,24.081536531448364,node-c,98369.16613454101,3970.9486961364746
ML-Argmin,0,post,24.103516817092896,node-c,98123.85198869514,4237.253665924072
ML-Argmin,0,post,24.242517709732056,node-c,128276.57498689278,4110.038280487061
ML-Argmin,0,post,24.255814790725708,node-b,174583.62727411924,4580.7952880859375
ML-Argmin,0,post,24.34195852279663,node-c,62378.689448217425,3918.4839725494385
ML-Argmin,0,post,24.502898454666138,node-c,99483.04499878954,3943.6638355255127
ML-Argmin,0,post,24.511399745941162,node-b,222120.38654202918,4499.129295349121
ML-Argmin,0,post,24.572962284088135,node-b,73017.38973852289,3819.000482559204
ML-Argmin,0,post,24.754700660705566,node-c,70201.29331389292,3722.7466106414795
ML-Argmin,0,post,24.79095983505249,node-c,117172.22238652575,3950.261354446411
ML-Argmin,0,post,24.82684636116028,node-c,161528.9426440785,4248.939752578735
ML-Argmin,0,post,24.87140417098999,node-c,106506.36733680844,4369.750499725342
ML-Argmin,0,post,24.885379791259766,node-b,205813.83322969402,4306.635856628418
ML-Argmin,0,post,24.89678430557251,node-c,162534.24760643314,4482.179641723633
ML-Argmin,0,post,25.110042810440063,node-c,161321.9045909615,5246.512651443481
ML-Argmin,0,post,25.277722597122192,node-c,139707.36618140762,5290.142774581909
ML-Argmin,0,post,25.317079067230225,node-b,339107.8820721522,4904.344797134399
ML-Argmin,0,post,25.339847803115845,node-b,95574.96356361969,4276.953935623169
ML-Argmin,0,post,25.432172060012817,node-c,38889.74521615489,4642.524003982544
ML-Argmin,0,post,25.732948541641235,node-b,236185.8330962827,4366.190433502197
ML-Argmin,0,post,25.88059377670288,node-b,84237.65474706613,4342.959642410278
ML-Argmin,0,post,25.91643762588501,node-c,111768.74556270838,4549.203157424927
ML-Argmin,0,post,25.962278842926025,node-b,203826.08081821978,4269.843816757202
ML-Argmin,0,post,26.035504579544067,node-c,47530.04190373392,4526.5960693359375
ML-Argmin,0,post,26.08869767189026,node-c,56637.32021789219,4472.361326217651
ML-Argmin,0,post,26.111619472503662,node-c,47553.37546754725,4161.601543426514
ML-Argmin,0,post,26.130738019943237,node-c,71195.07166039338,4542.974472045898
ML-Argmin,0,post,26.207736015319824,node-c,131935.08822855656,5232.980012893677
ML-Argmin,0,post,26.450570344924927,node-c,137632.30383496403,5117.033243179321
ML-Argmin,0,post,26.460541486740112,node-c,121586.85124132059,4909.273862838745
ML-Argmin,0,post,26.54522681236267,node-c,52253.60067108646,5022.376775741577
ML-Argmin,0,post,26.724728107452393,node-c,33362.75054447742,4736.024379730225
ML-Argmin,0,post,26.727378845214844,node-c,108817.1048192397,5046.843767166138
ML-Argmin,0,post,26.76229453086853,node-b,83646.84633148769,3470.381021499634
ML-Argmin,0,post,26.85649585723877,node-c,133244.3457354221,5398.773908615112
ML-Argmin,0,post,27.011669635772705,node-c,150425.59189138867,5650.989055633545
ML-Argmin,0,post,27.207468032836914,node-c,113478.39414121355,5669.350147247314
ML-Argmin,0,post,27.23347496986389,node-c,154865.6993417893,5817.985773086548
ML-Argmin,0,post,27.235794067382812,node-c,118759.14254924736,5742.825269699097
ML-Argmin,0,post,27.259676933288574,node-c,138037.32168458836,5915.59362411499
ML-Argmin,0,post,27.316042184829712,node-b,74452.03640041206,2730.4234504699707
ML-Softmax,0,pre,0.1682450771331787,node-b,123328.34653580883,111.92965507507324
ML-Softmax,0,pre,0.32924389839172363,node-a,62960.00538639512,52.15740203857422
ML-Softmax,0,pre,0.4951612949371338,node-c,154117.81473681098,454.8008441925049
ML-Softmax,0,pre,0.5110292434692383,node-c,169486.63954621818,637.986421585083
ML-Softmax,0,pre,0.5220987796783447,node-c,39923.86033135189,330.4619789123535
ML-Softmax,0,pre,0.6169941425323486,node-a,55224.2401116969,72.31831550598145
ML-Softmax,0,pre,0.7171468734741211,node-c,112889.77998801673,705.2278518676758
ML-Softmax,0,pre,0.9345219135284424,node-c,90411.40732044433,613.6138439178467
ML-Softmax,0,pre,0.9391136169433594,node-a,105013.73635503302,121.4599609375
ML-Softmax,0,pre,1.0098083019256592,node-c,69128.68578469494,531.9910049438477
ML-Softmax,0,pre,1.0166587829589844,node-a,164381.62893054791,153.4721851348877
ML-Softmax,0,pre,1.0899481773376465,node-b,156239.12879695476,121.28305435180664
ML-Softmax,0,pre,1.2070884704589844,node-a,109454.29792252355,104.72369194030762
ML-Softmax,0,pre,1.2356188297271729,node-b,186068.02753197495,217.59796142578125
ML-Softmax,0,pre,1.3234927654266357,node-a,133786.6562848461,384.20557975769043
ML-Softmax,0,pre,1.3313219547271729,node-a,68913.04630081484,407.3355197906494
ML-Softmax,0,pre,1.3371856212615967,node-a,127340.82264890775,343.28174591064453
ML-Softmax,0,pre,1.3602120876312256,node-b,65565.55241263952,120.63908576965332
ML-Softmax,0,pre,1.4212076663970947,node-a,164303.75731984293,326.8866539001465
ML-Softmax,0,pre,1.4510712623596191,node-a,103288.78338218242,456.47478103637695
ML-Softmax,0,pre,1.5338077545166016,node-b,96549.95675863358,97.86772727966309
ML-Softmax,0,pre,1.5533850193023682,node-a,75341.18799430737,440.0606155395508
ML-Softmax,0,pre,1.6783440113067627,node-b,195148.81319740802,222.5189208984375
ML-Softmax,0,pre,1.762712001800537,node-a,98025.43656209784,176.82862281799316
ML-Softmax,0,pre,1.809190034866333,node-b,85483.88098691129,168.03741455078125
ML-Softmax,0,pre,1.8372220993041992,node-b,88803.4026627253,377.20751762390137
ML-Softmax,0,pre,1.8687078952789307,node-b,138192.3196413388,484.9085807800293
ML-Softmax,0,pre,1.8747365474700928,node-b,127130.45639778033,477.5502681732178
ML-Softmax,0,pre,1.8854060173034668,node-a,130172.18168071713,159.5444679260254
ML-Softmax,0,pre,1.9316537380218506,node-b,131354.82433167935,1020.888090133667
ML-Softmax,0,pre,1.9618980884552002,node-b,308992.04839504755,1290.9977436065674
ML-Softmax,0,pre,2.047708749771118,node-b,86425.62647825923,818.2172775268555
ML-Softmax,0,pre,2.094210147857666,node-b,81971.39773003901,858.3316802978516
ML-Softmax,0,pre,2.112821102142334,node-b,70499.48315510646,689.0668869018555
ML-Softmax,0,pre,2.1434075832366943,node-b,144096.2463972571,1110.0242137908936
ML-Softmax,0,pre,2.1898677349090576,node-b,186229.14710562734,1590.5368328094482
ML-Softmax,0,pre,2.2118167877197266,node-b,100034.78884656797,1282.594919204712
ML-Softmax,0,pre,2.232210397720337,node-b,69575.57030087759,1346.5476036071777
ML-Softmax,0,pre,2.296121597290039,node-c,70123.02047587637,131.49142265319824
ML-Softmax,0,pre,2.3150992393493652,node-b,146611.7793788687,1480.8413982391357
ML-Softmax,0,pre,2.408196449279785,node-a,153564.21654693905,135.9386444091797
ML-Softmax,0,pre,2.503441572189331,node-c,138943.70859011114,245.35059928894043
ML-Softmax,0,pre,2.58064866065979,node-c,75924.30743094067,450.46019554138184
ML-Softmax,0,pre,2.583195447921753,node-c,118934.43850002464,671.3085174560547
ML-Softmax,0,pre,2.6614930629730225,node-b,112261.91268402804,1695.4195499420166
ML-Softmax,0,pre,2.7551815509796143,node-c,118135.94541823669,689.1622543334961
ML-Softmax,0,pre,2.832645893096924,node-c,163727.9373596016,1015.9845352172852
ML-Softmax,0,pre,2.8509938716888428,node-a,118426.14498101735,102.64825820922852
ML-Softmax,0,pre,2.874483108520508,node-b,148702.6276788918,1602.8978824615479
ML-Softmax,0,pre,2.884944438934326,node-c,109539.06871360115,759.3073844909668
ML-Softmax,0,pre,2.9083902835845947,node-c,122370.26923013838,1129.850149154663
ML-Softmax,0,pre,2.91322922706604,node-b,145203.44902166497,1647.4189758300781
ML-Softmax,0,pre,2.9224987030029297,node-c,51106.609478848084,1115.7417297363281
ML-Softmax,0,pre,3.01163911819458,node-c,90256.5467369229,1729.4659614562988
ML-Softmax,0,pre,3.2894675731658936,node-a,83705.56105706745,83.97126197814941
ML-Softmax,0,pre,3.328183174133301,node-b,76942.07135549092,979.6102046966553
ML-Softmax,0,pre,3.3469972610473633,node-c,92288.59940754846,1479.3026447296143
ML-Softmax,0,pre,3.3744914531707764,node-a,223623.17893296183,233.57319831848145
ML-Softmax,0,pre,3.3990209102630615,node-c,68688.11494625095,1223.8903045654297
ML-Softmax,0,pre,3.4104621410369873,node-b,171851.5323558088,1241.6725158691406
ML-Softmax,0,pre,3.483768939971924,node-a,45652.43092417173,102.38409042358398
ML-Softmax,0,pre,3.5777065753936768,node-a,89572.57833661404,117.9344654083252
ML-Softmax,0,pre,3.680469274520874,node-c,114877.72195616567,1145.8306312561035
ML-Softmax,0,pre,4.050005197525024,node-a,141968.17438915515,109.58623886108398
ML-Softmax,0,pre,4.192077159881592,node-a,151124.65600113044,126.95121765136719
ML-Softmax,0,pre,4.309380531311035,node-c,157459.03991036775,915.5473709106445
ML-Softmax,0,pre,4.3767290115356445,node-a,88954.8739304915,76.5838623046875
ML-Softmax,0,pre,4.421685218811035,node-a,84041.93046071955,170.16243934631348
ML-Softmax,0,pre,4.423801422119141,node-a,162630.32549943525,360.69393157958984
ML-Softmax,0,pre,4.4885804653167725,node-a,96239.47151631535,295.914888381958
ML-Softmax,0,pre,4.531888008117676,node-a,55960.639700088745,252.6073455810547
ML-Softmax,0,pre,4.636604309082031,node-c,60090.28226950024,600.6331443786621
ML-Softmax,0,pre,4.775813341140747,node-a,66871.01400533372,64.90063667297363
ML-Softmax,0,pre,4.798285961151123,node-a,135784.91341521015,363.12222480773926
ML-Softmax,0,pre,4.802018165588379,node-a,113716.05671757563,234.7559928894043
ML-Softmax,0,pre,4.863921642303467,node-a,149565.49937848616,309.5662593841553
ML-Softmax,0,pre,5.043338298797607,node-a,85529.84844277803,241.88852310180664
ML-Softmax,0,pre,5.098455429077148,node-a,114635.96529332947,282.0312976837158
ML-Softmax,0,pre,5.24526572227478,node-a,144790.36530163232,274.10340309143066
ML-Softmax,0,pre,5.297006845474243,node-a,90723.6862954343,222.36227989196777
ML-Softmax,0,pre,5.389019250869751,node-c,133070.53973369344,359.3282699584961
ML-Softmax,0,pre,5.4073262214660645,node-b,76060.47687857399,87.92591094970703
ML-Softmax,0,pre,5.416999340057373,node-c,88319.84428939168,431.85925483703613
ML-Softmax,0,pre,5.426119327545166,node-c,87498.60022288638,424.82876777648926
ML-Softmax,0,pre,5.434842586517334,node-b,58239.971817618185,168.67971420288086
ML-Softmax,0,pre,5.438624620437622,node-b,135094.96602578126,247.25723266601562
ML-Softmax,0,pre,5.558091878890991,node-a,83746.18125251321,112.91050910949707
ML-Softmax,0,pre,5.588228940963745,node-a,106563.26029077674,185.52255630493164
ML-Softmax,0,pre,5.6129302978515625,node-a,134675.0812990667,342.21935272216797
ML-Softmax,0,pre,5.681172847747803,node-a,132390.69092501714,380.44261932373047
ML-Softmax,0,pre,5.6911680698394775,node-a,147700.16361197483,454.4403553009033
ML-Softmax,0,pre,5.822343111038208,node-b,100811.1536219529,127.17080116271973
ML-Softmax,0,pre,5.913367748260498,node-c,85699.12253558153,122.78199195861816
ML-Softmax,0,pre,5.93843412399292,node-a,101761.58113240422,229.14767265319824
ML-Softmax,0,pre,5.9511518478393555,node-a,45550.63324492301,205.63149452209473
ML-Softmax,0,pre,5.984504222869873,node-c,51363.89565935219,143.65911483764648
ML-Softmax,0,pre,6.009523153305054,node-c,54660.533271296445,246.2902069091797
ML-Softmax,0,pre,6.0144829750061035,node-c,64319.85232856293,325.03747940063477
ML-Softmax,0,pre,6.047534465789795,node-a,129331.4974840889,261.5475654602051
ML-Softmax,0,pre,6.202988386154175,node-a,67339.85194435711,119.89116668701172
ML-Softmax,0,pre,6.2725794315338135,node-a,87655.15873953704,117.56658554077148
ML-Softmax,0,pre,6.485332727432251,node-c,202776.80505403748,261.40475273132324
ML-Softmax,0,pre,6.62571120262146,node-a,88620.19420916947,85.93058586120605
ML-Softmax,0,pre,6.701761484146118,node-b,153124.22606480986,149.79052543640137
ML-Softmax,0,pre,6.83055567741394,node-c,66399.06020062021,93.01137924194336
ML-Softmax,0,pre,6.881682872772217,node-a,95561.78138789166,92.93889999389648
ML-Softmax,0,pre,6.953710079193115,node-b,65856.67009579392,70.77765464782715
ML-Softmax,0,pre,6.982090473175049,node-a,89386.99527108499,86.7772102355957
ML-Softmax,0,pre,6.994131565093994,node-b,161199.99700784046,180.34601211547852
ML-Softmax,0,pre,7.146249294281006,node-c,44648.98305708025,55.15480041503906
ML-Softmax,0,pre,7.1538472175598145,node-a,131591.6496742857,148.03123474121094
ML-Softmax,0,pre,7.167969465255737,node-c,119266.38776686342,178.44486236572266
ML-Softmax,0,pre,7.188400030136108,node-a,78682.18508509963,167.16718673706055
ML-Softmax,0,pre,7.254503011703491,node-b,51390.98744694206,56.28395080566406
ML-Softmax,0,pre,7.284364700317383,node-a,109788.57783262625,136.10482215881348
ML-Softmax,0,pre,7.330348014831543,node-b,81267.43544249299,83.17279815673828
ML-Softmax,0,pre,7.4791646003723145,node-a,118965.0614164116,86.42029762268066
ML-Softmax,0,pre,7.583718776702881,node-c,107063.03953848465,139.9085521697998
ML-Softmax,0,pre,7.667949914932251,node-a,235893.67844331436,610.1031303405762
ML-Softmax,0,pre,7.678305387496948,node-a,93954.81066248991,428.2536506652832
ML-Softmax,0,pre,7.7603373527526855,node-c,63481.14905000262,66.98012351989746
ML-Softmax,0,pre,7.791913747787476,node-a,115830.69050128458,277.8351306915283
ML-Softmax,0,pre,7.8023717403411865,node-a,118213.23675298966,613.663911819458
ML-Softmax,0,pre,7.82785439491272,node-a,208948.0236575144,599.0390777587891
ML-Softmax,0,pre,7.832106351852417,node-a,160781.67129098458,471.58336639404297
ML-Softmax,0,pre,7.89543080329895,node-a,126586.67765209198,683.5899353027344
ML-Softmax,0,pre,7.960691452026367,node-a,220113.47050124872,813.5735988616943
ML-Softmax,0,pre,7.98394250869751,node-c,58446.40705464808,73.03071022033691
ML-Softmax,0,pre,7.987457036972046,node-c,76908.46714807714,153.57041358947754
ML-Softmax,0,pre,8.173685789108276,node-c,66633.2546554744,66.35379791259766
ML-Softmax,0,pre,8.229291200637817,node-a,87146.17151819795,495.24426460266113
ML-Softmax,0,pre,8.334312677383423,node-c,53204.80272208876,70.9383487701416
ML-Softmax,0,pre,8.35512399673462,node-c,145484.16021581332,268.4197425842285
ML-Softmax,0,pre,8.47204041481018,node-b,94763.12854755523,77.00753211975098
ML-Softmax,0,pre,8.58701491355896,node-b,50758.982408466785,95.90578079223633
ML-Softmax,0,pre,8.59131145477295,node-b,63732.98217823439,98.92463684082031
ML-Softmax,0,pre,8.966158866882324,node-b,123871.98663568683,112.60485649108887
ML-Softmax,0,pre,9.01279592514038,node-a,161024.25836826678,139.04118537902832
ML-Softmax,0,pre,9.111024379730225,node-b,287394.8886315716,291.40710830688477
ML-Softmax,0,pre,9.125110149383545,node-c,454602.3022671902,725.6760597229004
ML-Softmax,0,pre,9.195302486419678,node-a,130281.36521283789,165.13800621032715
ML-Softmax,0,pre,9.21350359916687,node-a,64568.24217849559,153.55324745178223
ML-Softmax,0,pre,9.324593305587769,node-a,36469.21946267165,71.43902778625488
ML-Softmax,0,pre,9.360981464385986,node-a,121067.40709994447,180.50718307495117
ML-Softmax,0,pre,9.40921926498413,node-a,70528.80409688527,132.80105590820312
ML-Softmax,0,pre,9.449793338775635,node-b,86040.0695455298,125.34642219543457
ML-Softmax,0,pre,9.49714207649231,node-b,77979.29504041243,306.50806427001953
ML-Softmax,0,pre,9.533994197845459,node-a,98701.12056072791,91.54796600341797
ML-Softmax,0,pre,9.57513976097107,node-b,180455.07560424265,472.11313247680664
ML-Softmax,0,pre,9.576716661453247,node-b,114550.52894789848,376.6522407531738
ML-Softmax,0,pre,9.683489084243774,node-a,97824.42832863153,89.36595916748047
ML-Softmax,0,pre,9.861016035079956,node-a,63096.47260806362,69.15712356567383
ML-Softmax,0,pre,9.899109840393066,node-a,45839.68819845233,68.81070137023926
ML-Softmax,0,pre,10.133968591690063,node-a,83041.27623726778,87.7385139465332
ML-Softmax,0,pre,10.146581172943115,node-b,103089.80147612811,102.93912887573242
ML-Softmax,0,pre,10.33539605140686,node-b,256327.69886419174,441.21575355529785
ML-Softmax,0,pre,10.363982915878296,node-a,113027.25716997024,104.52485084533691
ML-Softmax,0,pre,10.40897512435913,node-b,173098.62145637476,367.63668060302734
ML-Softmax,0,pre,10.577645063400269,node-a,82503.76622514013,154.04319763183594
ML-Softmax,0,pre,10.585533380508423,node-a,58558.125519744484,163.23161125183105
ML-Softmax,0,pre,10.598353385925293,node-a,65361.49748757287,144.55366134643555
ML-Softmax,0,pre,10.690640449523926,node-a,73690.85523159422,148.2546329498291
ML-Softmax,0,pre,10.759428024291992,node-a,306962.81270607,362.7021312713623
ML-Softmax,0,pre,10.779244184494019,node-c,70231.60357982168,89.82467651367188
ML-Softmax,0,pre,10.809618949890137,node-c,161053.45759911364,327.2130489349365
ML-Softmax,0,pre,10.861805200576782,node-a,67425.82830184419,132.90858268737793
ML-Softmax,0,pre,10.992095708847046,node-c,168726.36306555252,436.4461898803711
ML-Softmax,0,pre,11.0170419216156,node-a,128376.48371370956,271.09527587890625
ML-Softmax,0,pre,11.067476749420166,node-b,97922.15183414886,96.8167781829834
ML-Softmax,0,pre,11.095366477966309,node-a,103763.10659041413,192.77071952819824
ML-Softmax,0,pre,11.115553140640259,node-b,76332.43109249871,93.71304512023926
ML-Softmax,0,pre,11.26253867149353,node-a,132360.31243213505,122.88761138916016
ML-Softmax,0,pre,11.300347328186035,node-b,84352.12510858945,78.14931869506836
ML-Softmax,0,pre,11.39349627494812,node-b,57379.60123019344,68.54104995727539
ML-Softmax,0,pre,11.413466453552246,node-a,55897.68441624148,65.52386283874512
ML-Softmax,0,pre,11.42641830444336,node-b,115444.01590162003,148.1790542602539
ML-Softmax,0,pre,11.505414009094238,node-a,233232.86404583717,186.02585792541504
ML-Softmax,0,pre,11.603995561599731,node-b,114719.21677682016,155.59840202331543
ML-Softmax,0,pre,11.668695211410522,node-b,99800.43876265132,183.58325958251953
ML-Softmax,0,pre,11.751137018203735,node-a,122168.93653522362,91.2623405456543
ML-Softmax,0,pre,11.822876214981079,node-a,203464.71794008536,170.34006118774414
ML-Softmax,0,pre,11.894405364990234,node-b,118176.94006945375,95.06607055664062
ML-Softmax,0,pre,12.051142930984497,node-b,86230.86078672975,66.93863868713379
ML-Softmax,0,pre,12.246719598770142,node-c,184128.90773171766,212.37611770629883
ML-Softmax,0,pre,12.294532537460327,node-a,131219.29903724522,217.31162071228027
ML-Softmax,0,pre,12.299884557723999,node-a,228233.61664436944,475.97813606262207
ML-Softmax,0,pre,12.395108461380005,node-b,116060.19296506053,160.27069091796875
ML-Softmax,0,post,12.454281568527222,node-b,57412.22311567495,128.33285331726074
ML-Softmax,0,post,12.62147569656372,node-b,53432.124268864034,60.23216247558594
ML-Softmax,0,post,12.694286346435547,node-a,241762.46847243674,1873.9376068115234
ML-Softmax,0,post,12.701762676239014,node-a,250716.9473937672,2054.373025894165
ML-Softmax,0,post,12.778035163879395,node-b,96808.24208274338,108.25371742248535
ML-Softmax,0,post,12.816028833389282,node-c,87435.2117720609,137.35651969909668
ML-Softmax,0,post,12.82515001296997,node-b,219909.01418095123,370.12553215026855
ML-Softmax,0,post,12.842047691345215,node-b,60883.90790345369,213.84596824645996
ML-Softmax,0,post,13.082405805587769,node-a,67702.84707408982,685.5785846710205
ML-Softmax,0,post,13.108184576034546,node-b,146080.10565676758,237.8063201904297
ML-Softmax,0,post,13.127902269363403,node-a,86937.47493319158,1622.2972869873047
ML-Softmax,0,post,13.158293962478638,node-a,105628.77338793047,1922.2266674041748
ML-Softmax,0,post,13.301929712295532,node-a,97589.5378506133,1453.6597728729248
ML-Softmax,0,post,13.374635934829712,node-a,125371.21008379715,1902.1387100219727
ML-Softmax,0,post,13.39095163345337,node-c,214054.9319503215,663.327693939209
ML-Softmax,0,post,13.39095163345337,node-c,110806.3625313794,642.4238681793213
ML-Softmax,0,post,13.422582864761353,node-a,146124.81290579663,2048.762321472168
ML-Softmax,0,post,13.43297553062439,node-a,37993.14285529002,1833.1520557403564
ML-Softmax,0,post,13.572932958602905,node-c,103351.1632820267,568.406343460083
ML-Softmax,0,post,13.580915212631226,node-a,69468.72196736024,1788.6686325073242
ML-Softmax,0,post,13.625782489776611,node-a,57574.813852465995,1931.7059516906738
ML-Softmax,0,post,13.69832992553711,node-c,68266.2539836552,443.561315536499
ML-Softmax,0,post,13.896993398666382,node-b,89606.69358959842,154.55341339111328
ML-Softmax,0,post,13.91470742225647,node-b,167409.5179490162,289.18981552124023
ML-Softmax,0,post,14.036544799804688,node-b,54559.69284863689,122.79701232910156
ML-Softmax,0,post,14.088348627090454,node-b,107534.04435213337,287.02282905578613
ML-Softmax,0,post,14.208648681640625,node-b,83130.11460079094,262.77661323547363
ML-Softmax,0,post,14.23155403137207,node-b,89896.15722783373,543.5066223144531
ML-Softmax,0,post,14.256198406219482,node-b,174839.89255022866,994.7865009307861
ML-Softmax,0,post,14.272668361663818,node-b,138594.09223552106,806.2441349029541
ML-Softmax,0,post,14.342506170272827,node-b,206683.94619636342,1337.2471332550049
ML-Softmax,0,post,14.389968156814575,node-b,98026.60320989732,1115.7021522521973
ML-Softmax,0,post,14.449851512908936,node-b,74777.75419572592,1045.0429916381836
ML-Softmax,0,post,14.539170265197754,node-b,94685.63833309733,1006.2940120697021
ML-Softmax,0,post,14.616426229476929,node-b,119550.65089333974,1092.2861099243164
ML-Softmax,0,post,14.691700220108032,node-b,115674.29290585338,1016.4811611175537
ML-Softmax,0,post,14.786814212799072,node-b,61577.571589411076,1510.9202861785889
ML-Softmax,0,post,14.7892165184021,node-b,110801.09241391941,1503.6964416503906
ML-Softmax,0,post,14.892232418060303,node-b,118700.7841627887,1494.985818862915
ML-Softmax,0,post,14.983458042144775,node-c,372869.60032961477,957.021951675415
ML-Softmax,0,post,15.010090112686157,node-b,270673.7032603318,1850.7390022277832
ML-Softmax,0,post,15.031097173690796,node-b,69121.79320389297,1130.2385330200195
ML-Softmax,0,post,15.07837724685669,node-b,91725.46704343578,1409.742832183838
ML-Softmax,0,post,15.217426776885986,node-b,50946.22893239044,1164.466142654419
ML-Softmax,0,post,15.239261627197266,node-b,78817.75082720756,1334.9604606628418
ML-Softmax,0,post,15.338180303573608,node-b,124001.57220251733,1731.1809062957764
ML-Softmax,0,post,15.541831970214844,node-c,193527.2933110387,505.4211616516113
ML-Softmax,0,post,15.571959495544434,node-b,73548.8509272347,1402.2939205169678
ML-Softmax,0,post,15.867869138717651,node-b,76356.9093068363,1206.3043117523193
ML-Softmax,0,post,15.873488187789917,node-b,36192.33036132406,1310.990333557129
ML-Softmax,0,post,15.875074625015259,node-b,97627.45767682875,1399.1751670837402
ML-Softmax,0,post,16.000507831573486,node-a,62257.84408801169,57.83438682556152
ML-Softmax,0,post,16.04775834083557,node-b,81269.60050479758,1150.3472328186035
ML-Softmax,0,post,16.08821749687195,node-a,68310.35418515968,76.77078247070312
ML-Softmax,0,post,16.22216773033142,node-b,101024.2377380574,1169.6677207946777
ML-Softmax,0,post,16.39553451538086,node-b,43975.275129573434,1100.9714603424072
ML-Softmax,0,post,16.45005989074707,node-b,50854.52572893877,1128.6942958831787
ML-Softmax,0,post,16.595988512039185,node-a,307082.14921023283,973.3269214630127
ML-Softmax,0,post,16.66745686531067,node-a,55633.21706787448,609.9972724914551
ML-Softmax,0,post,16.701040744781494,node-b,61197.048030226644,866.0938739776611
ML-Softmax,0,post,16.71659803390503,node-b,265323.1473202159,1781.6061973571777
ML-Softmax,0,post,16.813493490219116,node-a,452607.5105985092,1777.1403789520264
ML-Softmax,0,post,16.959692239761353,node-b,58951.10835212367,840.0847911834717
ML-Softmax,0,post,17.145646572113037,node-b,88090.72632850516,752.509355545044
ML-Softmax,0,post,17.1656653881073,node-b,125621.01014287982,1478.8897037506104
ML-Softmax,0,post,17.2336003780365,node-c,251348.5358518715,331.4204216003418
ML-Softmax,0,post,17.27478551864624,node-b,64654.85529064135,1235.5756759643555
ML-Softmax,0,post,17.3897123336792,node-b,93677.01170451973,1295.830249786377
ML-Softmax,0,post,17.403547763824463,node-b,156203.6384726014,1456.298589706421
ML-Softmax,0,post,17.40902853012085,node-b,131614.18212806404,1345.5374240875244
ML-Softmax,0,post,17.434444427490234,node-b,87743.14215103636,1527.0073413848877
ML-Softmax,0,post,17.440704584121704,node-b,99045.5911230621,1520.747184753418
ML-Softmax,0,post,17.470862865447998,node-b,53252.451367323214,1225.7788181304932
ML-Softmax,0,post,17.503880977630615,node-b,94010.3488909593,1476.9704341888428
ML-Softmax,0,post,17.51045036315918,node-c,92693.46721677484,230.21554946899414
ML-Softmax,0,post,17.727412462234497,node-a,118934.94793058983,743.5247898101807
ML-Softmax,0,post,17.74569320678711,node-a,80224.4341250599,704.1635513305664
ML-Softmax,0,post,17.828834533691406,node-c,134056.45323822956,136.43193244934082
ML-Softmax,0,post,17.84329628944397,node-b,175712.5904979484,1652.0905494689941
ML-Softmax,0,post,17.877636194229126,node-a,114457.82409434147,886.9309425354004
ML-Softmax,0,post,17.884870052337646,node-b,126263.36790948194,1600.3742218017578
ML-Softmax,0,post,17.891289949417114,node-b,108751.92996011286,1791.2390232086182
ML-Softmax,0,post,17.89390277862549,node-b,105904.09700293883,1902.1008014678955
ML-Softmax,0,post,18.00411820411682,node-c,73826.1294115895,146.99268341064453
ML-Softmax,0,post,18.029119968414307,node-c,124056.71916176949,594.6249961853027
ML-Softmax,0,post,18.076255559921265,node-c,100871.6022831039,547.9981899261475
ML-Softmax,0,post,18.136000394821167,node-c,301592.237251747,2001.2638568878174
ML-Softmax,0,post,18.14952516555786,node-c,232564.86933854586,2480.6528091430664
ML-Softmax,0,post,18.34934163093567,node-c,128433.98270627577,892.0717239379883
ML-Softmax,0,post,18.390167236328125,node-b,72310.05103264157,1271.151065826416
ML-Softmax,0,post,18.395548343658447,node-c,60720.78169627558,1238.6915683746338
ML-Softmax,0,post,18.400804042816162,node-c,192109.05764246316,2136.157989501953
ML-Softmax,0,post,18.433100938796997,node-c,120767.39683895807,2205.6331634521484
ML-Softmax,0,post,18.446995735168457,node-c,134634.4656820574,1905.2929878234863
ML-Softmax,0,post,18.46712851524353,node-b,44265.19707848542,942.950963973999
ML-Softmax,0,post,18.51783323287964,node-c,168377.9211346928,2529.9863815307617
ML-Softmax,0,post,18.520947456359863,node-b,132913.94807788258,1379.68111038208
ML-Softmax,0,post,18.543662786483765,node-c,60780.94897078499,2413.940668106079
ML-Softmax,0,post,18.65570878982544,node-a,83657.35413061963,223.44589233398438
ML-Softmax,0,post,18.658361196517944,node-b,120825.86115053196,1340.707540512085
ML-Softmax,0,post,18.726326942443848,node-c,108714.49587592286,2733.806610107422
ML-Softmax,0,post,18.729367971420288,node-a,91506.14695675625,341.658353805542
ML-Softmax,0,post,18.913988828659058,node-c,100559.30055404156,2507.3299407958984
ML-Softmax,0,post,18.932272911071777,node-c,93363.7406087149,3013.801336288452
ML-Softmax,0,post,18.947296142578125,node-b,114293.8768881317,1237.9918098449707
ML-Softmax,0,post,19.02393627166748,node-c,221016.581757191,3604.118585586548
ML-Softmax,0,post,19.181824922561646,node-c,29346.184044929425,2747.7033138275146
ML-Softmax,0,post,19.3977370262146,node-c,94072.57986216802,2837.855100631714
ML-Softmax,0,post,19.49745202064514,node-b,115670.76853265135,750.1404285430908
ML-Softmax,0,post,19.61209726333618,node-a,122791.61573709552,163.9726161956787
ML-Softmax,0,post,19.692081689834595,node-c,87929.42043158217,2445.3134536743164
ML-Softmax,0,post,19.702873706817627,node-c,43997.413651494346,2555.203676223755
ML-Softmax,0,post,19.782931566238403,node-c,124772.17628429117,2971.843481063843
ML-Softmax,0,post,19.795387744903564,node-a,251179.2555724464,1760.9822750091553
ML-Softmax,0,post,19.862234115600586,node-a,49183.63962856812,502.8345584869385
ML-Softmax,0,post,19.916945219039917,node-a,163106.8894901856,1645.3001499176025
ML-Softmax,0,post,19.940276384353638,node-a,89857.86383560265,647.409200668335
ML-Softmax,0,post,19.98939085006714,node-a,102701.79243187197,1375.8654594421387
ML-Softmax,0,post,20.05179238319397,node-a,62554.769651689785,1208.2524299621582
ML-Softmax,0,post,20.067936420440674,node-a,89591.78733784666,1596.0958003997803
ML-Softmax,0,post,20.096364498138428,node-a,202859.5849861252,2653.6202430725098
ML-Softmax,0,post,20.125997066497803,node-a,141715.1934746172,2127.962589263916
ML-Softmax,0,post,20.135614156723022,node-a,251803.12835160416,3626.8904209136963
ML-Softmax,0,post,20.152128219604492,node-a,190794.64398655645,3218.550443649292
ML-Softmax,0,post,20.225061893463135,node-a,131898.81587617358,3236.586093902588
ML-Softmax,0,post,20.30468511581421,node-c,253270.73258678467,2747.1063137054443
ML-Softmax,0,post,20.349112272262573,node-a,131892.64841912512,3306.0171604156494
ML-Softmax,0,post,20.38573670387268,node-a,160210.06032259355,4464.503049850464
ML-Softmax,0,post,20.41654396057129,node-a,91305.06531968382,3855.6129932403564
ML-Softmax,0,post,20.494129419326782,node-a,109482.49250908113,4775.120735168457
ML-Softmax,0,post,20.524559020996094,node-a,74722.39385877598,4341.564416885376
ML-Softmax,0,post,20.591870307922363,node-a,173692.016381268,4863.723993301392
ML-Softmax,0,post,20.633903980255127,node-a,58752.86578916378,4134.035348892212
ML-Softmax,0,post,20.67476487159729,node-a,156595.63568680777,5214.146614074707
ML-Softmax,0,post,20.872546195983887,node-a,96270.91170428245,5097.952127456665
ML-Softmax,0,post,21.02293848991394,node-b,190207.4444604048,174.68690872192383
ML-Softmax,0,post,21.08736276626587,node-a,154150.01276601243,5463.015556335449
ML-Softmax,0,post,21.1667959690094,node-b,263173.8450506407,735.9859943389893
ML-Softmax,0,post,21.182034969329834,node-b,152608.9990111855,417.62304306030273
ML-Softmax,0,post,21.209860801696777,node-a,48253.65686954342,4749.913215637207
ML-Softmax,0,post,21.302553415298462,node-b,102413.15348242296,595.9210395812988
ML-Softmax,0,post,21.372492790222168,node-b,58938.12392103854,326.75766944885254
ML-Softmax,0,post,21.38695478439331,node-b,81724.33549579767,484.82322692871094
ML-Softmax,0,post,21.603388786315918,node-b,225451.7031804779,541.9275760650635
ML-Softmax,0,post,21.6055326461792,node-a,145657.59800499957,4843.975305557251
ML-Softmax,0,post,21.681338787078857,node-a,74666.12647811626,4688.013553619385
ML-Softmax,0,post,21.68896198272705,node-a,63792.33611601177,4664.441347122192
ML-Softmax,0,post,21.856801509857178,node-a,107649.7379166845,5305.9210777282715
ML-Softmax,0,post,21.865453958511353,node-a,57639.70586153421,5001.943588256836
ML-Softmax,0,post,21.971162796020508,node-a,75710.85946241648,5200.692415237427
ML-Softmax,0,post,21.983075857162476,node-a,123778.84665383915,5571.478843688965
ML-Softmax,0,post,22.294371128082275,node-a,188697.982517355,6179.281234741211
ML-Softmax,0,post,22.33878183364868,node-a,143577.14389856783,6217.651605606079
ML-Softmax,0,post,22.4169020652771,node-a,33678.07352908519,5845.915079116821
ML-Softmax,0,post,22.483793258666992,node-a,123306.74434019037,5990.392446517944
ML-Softmax,0,post,22.533353090286255,node-a,109783.3117037949,6238.730192184448
ML-Softmax,0,post,22.63133668899536,node-a,130247.5519527538,6417.967319488525
ML-Softmax,0,post,22.682657957077026,node-a,237601.89988550817,7366.853952407837
ML-Softmax,0,post,22.870983362197876,node-a,37745.73934830241,6389.971733093262
ML-Softmax,0,post,22.877291440963745,node-b,78802.1302546195,65.97232818603516
ML-Softmax,0,post,23.24437141418457,node-a,142301.05289339434,7124.112129211426
ML-Softmax,0,post,23.299611568450928,node-a,48023.69538980222,6565.677642822266
ML-Softmax,0,post,23.323878049850464,node-a,221509.6747384614,7737.281084060669
ML-Softmax,0,post,23.360363721847534,node-b,127315.72806786641,107.32746124267578
ML-Softmax,0,post,23.447802305221558,node-a,161706.62484252107,8512.272596359253
ML-Softmax,0,post,23.516409158706665,node-a,79600.46320734434,7544.749975204468
ML-Softmax,0,post,23.66122531890869,node-a,159074.64982004507,8118.838548660278
ML-Softmax,0,post,23.818753242492676,node-c,180680.00180502253,230.81231117248535
ML-Softmax,0,post,23.882060527801514,node-b,118977.0661191651,96.09818458557129
ML-Softmax,0,post,23.990832805633545,node-a,119067.69407321441,7258.641719818115
ML-Softmax,0,post,24.03868579864502,node-b,121226.82316879244,132.79128074645996
ML-Softmax,0,post,24.046380758285522,node-a,68773.54223315782,7926.791191101074
ML-Softmax,0,post,24.083213567733765,node-b,98369.16613454101,224.45130348205566
ML-Softmax,0,post,24.10314178466797,node-b,98123.85198869514,298.36249351501465
ML-Softmax,0,post,24.239303827285767,node-a,128276.57498689278,8113.325834274292
ML-Softmax,0,post,24.255746841430664,node-b,174583.62727411924,308.99786949157715
ML-Softmax,0,post,24.34636378288269,node-a,62378.689448217425,7434.209108352661
ML-Softmax,0,post,24.497581243515015,node-a,99483.04499878954,7779.749155044556
ML-Softmax,0,post,24.511911869049072,node-b,222120.38654202918,262.48764991760254
ML-Softmax,0,post,24.574824571609497,node-a,73017.38973852289,7408.186674118042
ML-Softmax,0,post,24.7552273273468,node-b,70201.29331389292,104.14505004882812
ML-Softmax,0,post,24.79117774963379,node-c,117172.22238652575,236.70649528503418
ML-Softmax,0,post,24.823809385299683,node-a,161528.9426440785,8342.350244522095
ML-Softmax,0,post,24.86927103996277,node-a,106506.36733680844,8191.121578216553
ML-Softmax,0,post,24.8840115070343,node-c,205813.83322969402,762.9556655883789
ML-Softmax,0,post,24.896052598953247,node-a,162534.24760643314,8581.745147705078
ML-Softmax,0,post,25.10854482650757,node-c,161321.9045909615,738.2469177246094
ML-Softmax,0,post,25.278341054916382,node-a,139707.36618140762,8776.58224105835
ML-Softmax,0,post,25.315401077270508,node-c,339107.8820721522,1851.6390323638916
ML-Softmax,0,post,25.34199357032776,node-c,95574.96356361969,987.8878593444824
ML-Softmax,0,post,25.431425094604492,node-c,38889.74521615489,619.295597076416
ML-Softmax,0,post,25.73228406906128,node-c,236185.8330962827,1495.224952697754
ML-Softmax,0,post,25.882057428359985,node-c,84237.65474706613,984.8027229309082
ML-Softmax,0,post,25.91300320625305,node-a,111768.74556270838,8467.298030853271
ML-Softmax,0,post,25.96243166923523,node-b,203826.08081821978,235.9311580657959
ML-Softmax,0,post,26.034247875213623,node-b,47530.04190373392,119.01664733886719
ML-Softmax,0,post,26.08818554878235,node-c,56637.32021789219,778.6746025085449
ML-Softmax,0,post,26.109858512878418,node-c,47553.37546754725,1039.9043560028076
ML-Softmax,0,post,26.135868072509766,node-b,71195.07166039338,142.66490936279297
ML-Softmax,0,post,26.2046799659729,node-b,131935.08822855656,189.84341621398926
ML-Softmax,0,post,26.450084686279297,node-a,137632.30383496403,7605.3454875946045
ML-Softmax,0,post,26.46118140220642,node-a,121586.85124132059,8613.07430267334
ML-Softmax,0,post,26.542107820510864,node-b,52253.60067108646,54.723262786865234
ML-Softmax,0,post,26.72296905517578,node-b,33362.75054447742,30.1358699798584
ML-Softmax,0,post,26.727088928222656,node-b,108817.1048192397,157.07898139953613
ML-Softmax,0,post,26.762837171554565,node-b,83646.84633148769,191.18762016296387
ML-Softmax,0,post,26.86849308013916,node-a,133244.3457354221,8308.689832687378
ML-Softmax,0,post,27.01070475578308,node-a,150425.59189138867,8245.238542556763
ML-Softmax,0,post,27.209012746810913,node-a,113478.39414121355,7961.755275726318
ML-Softmax,0,post,27.229134798049927,node-b,154865.6993417893,346.0104465484619
ML-Softmax,0,post,27.234530687332153,node-b,118759.14254924736,309.6458911895752
ML-Softmax,0,post,27.25630235671997,node-b,138037.32168458836,408.16235542297363
ML-Softmax,0,post,27.315711498260498,node-a,74452.03640041206,7564.435243606567
Round Robin,1,pre,0.16717839241027832,node-a,119654.26939917752,112.91909217834473
Round Robin,1,pre,0.3275570869445801,node-b,148647.97144338727,159.50703620910645
Round Robin,1,pre,0.4917778968811035,node-c,79022.05985088806,77.3162841796875
Round Robin,1,pre,0.5112605094909668,node-a,67232.39374917865,48.73466491699219
Round Robin,1,pre,0.5179195404052734,node-b,39117.605618460046,39.70623016357422
Round Robin,1,pre,0.6181142330169678,node-c,172139.1624641318,258.42952728271484
Round Robin,1,pre,0.7146790027618408,node-a,106785.31243693535,89.90216255187988
Round Robin,1,pre,0.9299826622009277,node-b,117373.06071423124,84.75732803344727
Round Robin,1,pre,0.9351372718811035,node-c,71571.31065757481,65.77062606811523
Round Robin,1,pre,1.0077886581420898,node-a,195535.26707952996,147.02892303466797
Round Robin,1,pre,1.0125377178192139,node-b,169710.1584409703,171.58842086791992
Round Robin,1,pre,1.0875730514526367,node-c,99641.60537716291,100.80718994140625
Round Robin,1,pre,1.2071282863616943,node-a,80202.92726988738,78.33051681518555
Round Robin,1,pre,1.2335484027862549,node-b,88601.25752128064,71.07758522033691
Round Robin,1,pre,1.3186087608337402,node-c,71035.44455587307,79.47754859924316
Round Robin,1,pre,1.3290247917175293,node-a,107315.57763191349,78.67074012756348
Round Robin,1,pre,1.335573673248291,node-b,77820.73270796023,68.90702247619629
Round Robin,1,pre,1.3576061725616455,node-c,141919.9268390948,333.721399307251
Round Robin,1,pre,1.419799566268921,node-a,88478.31161231612,74.95975494384766
Round Robin,1,pre,1.4479432106018066,node-b,88722.47246302795,78.15909385681152
Round Robin,1,pre,1.5340631008148193,node-c,228404.5148505335,1040.2050018310547
Round Robin,1,pre,1.5491752624511719,node-a,73672.67580276162,70.69110870361328
Round Robin,1,pre,1.6758513450622559,node-b,48353.267454000015,52.72197723388672
Round Robin,1,pre,1.7608301639556885,node-c,127179.48277862475,440.0451183319092
Round Robin,1,pre,1.8057947158813477,node-a,37470.63228429763,40.780067443847656
Round Robin,1,pre,1.8349716663360596,node-b,120865.82677222678,155.96318244934082
Round Robin,1,pre,1.8658092021942139,node-c,173010.4182405778,1000.0655651092529
Round Robin,1,pre,1.8719372749328613,node-a,109678.05022555597,101.66072845458984
Round Robin,1,pre,1.884737491607666,node-b,106391.88231128668,150.82526206970215
Round Robin,1,pre,1.9310407638549805,node-c,37984.83748920129,550.3671169281006
Round Robin,1,pre,1.9581055641174316,node-a,139790.31999063617,143.9375877380371
Round Robin,1,pre,2.045480489730835,node-b,129106.54922227559,145.2772617340088
Round Robin,1,pre,2.0938496589660645,node-c,58938.40193931722,771.5208530426025
Round Robin,1,pre,2.11006236076355,node-a,275634.8869023092,370.82386016845703
Round Robin,1,pre,2.141883134841919,node-b,57425.22360401192,85.82019805908203
Round Robin,1,pre,2.1869940757751465,node-c,45734.20846275025,502.55703926086426
Round Robin,1,pre,2.209763526916504,node-a,42818.1833856984,99.49111938476562
Round Robin,1,pre,2.2318851947784424,node-b,107283.75030284094,98.76012802124023
Round Robin,1,pre,2.292484998703003,node-c,125389.81036697161,884.4773769378662
Round Robin,1,pre,2.3130393028259277,node-a,132023.33645011295,195.8765983581543
Round Robin,1,pre,2.4053218364715576,node-b,89461.80314437416,61.84840202331543
Round Robin,1,pre,2.501032829284668,node-c,70538.1876359737,580.2228450775146
Round Robin,1,pre,2.5758514404296875,node-a,161398.1080722539,128.77392768859863
Round Robin,1,pre,2.5806596279144287,node-b,67606.15637248656,64.35537338256836
Round Robin,1,pre,2.6592094898223877,node-c,57833.699365898974,538.4294986724854
Round Robin,1,pre,2.752591371536255,node-a,213395.99615441845,190.2763843536377
Round Robin,1,pre,2.8299717903137207,node-b,115732.03744383062,80.65176010131836
Round Robin,1,pre,2.8494527339935303,node-c,134039.78923679932,943.0878162384033
Round Robin,1,pre,2.8712246417999268,node-a,144808.4877228605,241.30606651306152
Round Robin,1,pre,2.882878303527832,node-b,79566.50304639617,129.52423095703125
Round Robin,1,pre,2.9073472023010254,node-c,81130.62010932782,893.7664031982422
Round Robin,1,pre,2.909578800201416,node-a,145879.7400966874,212.62478828430176
Round Robin,1,pre,2.920625686645508,node-b,77782.47360788342,174.72052574157715
Round Robin,1,pre,3.0107905864715576,node-c,125273.84342376921,781.749963760376
Round Robin,1,pre,3.2862725257873535,node-a,101267.13905898957,88.06443214416504
Round Robin,1,pre,3.3253989219665527,node-b,58285.65364019064,60.7295036315918
Round Robin,1,pre,3.3448472023010254,node-c,171689.41662572703,1039.2491817474365
Round Robin,1,pre,3.372373580932617,node-a,55579.2965598796,52.98495292663574
Round Robin,1,pre,3.397177219390869,node-b,118982.14799949704,115.4778003692627
Round Robin,1,pre,3.4061808586120605,node-c,109506.51906553147,870.0294494628906
Round Robin,1,pre,3.4811558723449707,node-a,199496.6314907078,134.44900512695312
Round Robin,1,pre,3.5758872032165527,node-b,60502.16388130385,73.66538047790527
Round Robin,1,pre,3.679920196533203,node-c,80712.49467682323,900.2950191497803
Round Robin,1,pre,4.0459253787994385,node-a,100719.40380408113,95.01290321350098
Round Robin,1,pre,4.191413879394531,node-b,115921.73609017438,118.96610260009766
Round Robin,1,pre,4.304649114608765,node-c,163484.84822738767,673.0124950408936
Round Robin,1,pre,4.376797199249268,node-a,123722.48491775976,85.37101745605469
Round Robin,1,pre,4.4173903465271,node-b,107224.20691151342,90.46411514282227
Round Robin,1,pre,4.420643329620361,node-c,177090.4533134351,1341.895341873169
Round Robin,1,pre,4.486478090286255,node-a,302029.14342847525,227.15115547180176
Round Robin,1,pre,4.529603719711304,node-b,53770.72757526354,52.744388580322266
Round Robin,1,pre,4.633610010147095,node-c,105595.7843405114,667.9584980010986
Round Robin,1,pre,4.773475646972656,node-a,154827.51499010788,134.82379913330078
Round Robin,1,pre,4.796379804611206,node-b,110538.41092542617,100.74114799499512
Round Robin,1,pre,4.799626588821411,node-c,216981.18100652858,2579.9624919891357
Round Robin,1,pre,4.863171577453613,node-a,89604.49942134485,97.27215766906738
Round Robin,1,pre,5.039476633071899,node-b,63783.20448594567,62.62087821960449
Round Robin,1,pre,5.096340179443359,node-c,163652.79954784008,1381.4074993133545
Round Robin,1,pre,5.242937088012695,node-a,26470.791373668966,39.68000411987305
Round Robin,1,pre,5.295332908630371,node-b,83480.43927100666,69.6561336517334
Round Robin,1,pre,5.385935306549072,node-c,345686.2415383439,3105.85618019104
Round Robin,1,pre,5.405825614929199,node-a,107298.37846057897,167.8609848022461
Round Robin,1,pre,5.414682388305664,node-b,126643.22236609798,196.49863243103027
Round Robin,1,pre,5.424849987030029,node-c,65804.53150660927,837.7401828765869
Round Robin,1,pre,5.432780027389526,node-a,104678.97780791689,161.25082969665527
Round Robin,1,pre,5.436550140380859,node-b,98631.66161704069,255.10549545288086
Round Robin,1,pre,5.554842710494995,node-c,268180.41915368644,2434.9617958068848
Round Robin,1,pre,5.585991382598877,node-a,63908.38487472544,55.649518966674805
Round Robin,1,pre,5.612763166427612,node-b,26618.59201712198,78.33695411682129
Round Robin,1,pre,5.6769163608551025,node-c,129776.96262022234,1015.1920318603516
Round Robin,1,pre,5.689981698989868,node-a,229866.71651825486,171.58889770507812
Round Robin,1,pre,5.822015762329102,node-b,75050.33076007378,74.91683959960938
Round Robin,1,pre,5.911356210708618,node-c,42552.00801486021,971.3907241821289
Round Robin,1,pre,5.933981895446777,node-a,61934.713305190075,64.94426727294922
Round Robin,1,pre,5.947728395462036,node-b,131535.47182510747,164.76678848266602
Round Robin,1,pre,5.984661340713501,node-c,79946.88111751327,1402.0671844482422
Round Robin,1,pre,6.005311965942383,node-a,108167.42840788569,84.93280410766602
Round Robin,1,pre,6.011117935180664,node-b,32581.13557596986,101.88484191894531
Round Robin,1,pre,6.045259714126587,node-c,81639.25598327503,1944.544792175293
Round Robin,1,pre,6.201892852783203,node-a,157059.52429418263,119.20928955078125
Round Robin,1,pre,6.2706146240234375,node-b,92773.54874476211,104.91228103637695
Round Robin,1,pre,6.483104467391968,node-c,63463.8596204823,1807.9214096069336
Round Robin,1,pre,6.624067783355713,node-a,179191.7701984226,137.50052452087402
Round Robin,1,pre,6.701186180114746,node-b,173465.8910701059,186.8882179260254
Round Robin,1,pre,6.828664779663086,node-c,83913.72355863254,1248.291015625
Round Robin,1,pre,6.879034996032715,node-a,73081.50308105144,63.081979751586914
Round Robin,1,pre,6.952685117721558,node-b,200642.08401078187,245.85890769958496
Round Robin,1,pre,6.9789488315582275,node-c,80441.28271579316,1411.2048149108887
Round Robin,1,pre,6.993664026260376,node-a,97593.46838467619,90.84558486938477
Round Robin,1,pre,7.142014026641846,node-b,260597.0383421941,446.5959072113037
Round Robin,1,pre,7.151505947113037,node-c,116270.78894777429,1410.9182357788086
Round Robin,1,pre,7.164473533630371,node-a,82663.77681848382,67.73614883422852
Round Robin,1,pre,7.185762166976929,node-b,39420.47084860417,119.873046875
Round Robin,1,pre,7.253528594970703,node-c,107791.08762191169,1927.398920059204
Round Robin,1,pre,7.281327962875366,node-a,101412.51707936876,86.60173416137695
Round Robin,1,pre,7.328484058380127,node-b,77522.71719529411,260.12587547302246
Round Robin,1,pre,7.4770612716674805,node-c,168218.75826165217,2495.8810806274414
Round Robin,1,pre,7.583482027053833,node-a,55522.30969450177,50.719499588012695
Round Robin,1,pre,7.66448450088501,node-b,47992.92223419991,57.75785446166992
Round Robin,1,pre,7.676026105880737,node-c,71407.96851015642,1510.6594562530518
Round Robin,1,pre,7.758085489273071,node-a,103057.3792843034,95.3071117401123
Round Robin,1,pre,7.789788484573364,node-b,49280.17673490273,60.335636138916016
Round Robin,1,pre,7.797885179519653,node-c,57867.53360519172,1373.5506534576416
Round Robin,1,pre,7.82575249671936,node-a,68267.58709885331,72.68834114074707
Round Robin,1,pre,7.831512689590454,node-b,101179.79229267413,103.96075248718262
Round Robin,1,pre,7.893962621688843,node-c,72053.42896517202,1468.0895805358887
Round Robin,1,pre,7.960630416870117,node-a,166620.69964699418,129.93931770324707
Round Robin,1,pre,7.981196165084839,node-b,33728.742831403666,43.51186752319336
Round Robin,1,pre,7.983938694000244,node-c,124311.35737508093,1711.4617824554443
Round Robin,1,pre,8.172476768493652,node-a,75273.91271329261,63.439369201660156
Round Robin,1,pre,8.228102684020996,node-b,127621.73806317447,114.53747749328613
Round Robin,1,pre,8.330835580825806,node-c,271567.0536184322,4575.571298599243
Round Robin,1,pre,8.354870319366455,node-a,97601.04732239223,83.08029174804688
Round Robin,1,pre,8.47056770324707,node-b,111501.98864955924,116.51396751403809
Round Robin,1,pre,8.583662509918213,node-c,153465.46382928416,1691.1520957946777
Round Robin,1,pre,8.590237140655518,node-a,52044.160439630316,55.017709732055664
Round Robin,1,pre,8.964655637741089,node-b,140705.86148764763,141.30377769470215
Round Robin,1,pre,9.0112783908844,node-c,151967.90414639405,2170.1815128326416
Round Robin,1,pre,9.107534646987915,node-a,94463.19692535402,86.38906478881836
Round Robin,1,pre,9.124433040618896,node-b,140207.9984662558,162.3668670654297
Round Robin,1,pre,9.192355394363403,node-c,107872.35856851409,1910.6693267822266
Round Robin,1,pre,9.21178913116455,node-a,69075.8677037178,82.5347900390625
Round Robin,1,pre,9.32317304611206,node-b,52434.84673576756,96.48418426513672
Round Robin,1,pre,9.355146169662476,node-c,165250.74113101707,2517.04740524292
Round Robin,1,pre,9.408984661102295,node-a,246485.07009831833,220.75343132019043
Round Robin,1,pre,9.445563793182373,node-b,68311.71213368057,78.42016220092773
Round Robin,1,pre,9.497228860855103,node-c,121711.78698361655,2687.2119903564453
Round Robin,1,pre,9.529740571975708,node-a,55196.05635284722,103.74641418457031
Round Robin,1,pre,9.572178602218628,node-b,80079.15512908196,80.71565628051758
Round Robin,1,pre,9.574186563491821,node-c,79102.05528001166,2107.107162475586
Round Robin,1,pre,9.683565616607666,node-a,57353.64395226537,66.29085540771484
Round Robin,1,pre,9.856783866882324,node-b,97713.26574588924,120.42522430419922
Round Robin,1,pre,9.896785736083984,node-c,166592.3261930374,3264.876127243042
Round Robin,1,pre,10.13167953491211,node-a,134325.55697755827,118.32094192504883
Round Robin,1,pre,10.143400192260742,node-b,78430.34140474182,80.66630363464355
Round Robin,1,pre,10.335022449493408,node-c,206924.58745601127,3156.9972038269043
Round Robin,1,pre,10.360218286514282,node-a,113419.96972227602,116.59026145935059
Round Robin,1,pre,10.406459093093872,node-b,250447.2443734577,365.0326728820801
Round Robin,1,pre,10.574747085571289,node-c,52968.557462068806,1326.446533203125
Round Robin,1,pre,10.583536148071289,node-a,460477.4901898404,545.7901954650879
Round Robin,1,pre,10.596473217010498,node-b,93288.20151744378,197.25584983825684
Round Robin,1,pre,10.688971996307373,node-c,56432.06992814485,2494.3718910217285
Round Robin,1,pre,10.757019281387329,node-a,59816.92183644746,122.2236156463623
Round Robin,1,pre,10.776814222335815,node-b,162612.22373217624,159.32583808898926
Round Robin,1,pre,10.807048559188843,node-c,160420.19431308465,2892.5600051879883
Round Robin,1,pre,10.859020948410034,node-a,153196.01156752853,257.4121952056885
Round Robin,1,pre,10.989956378936768,node-b,138390.3543940742,114.64500427246094
Round Robin,1,pre,11.014724493026733,node-c,58107.28734687687,1347.2576141357422
Round Robin,1,pre,11.067464113235474,node-a,95042.66193347466,132.9970359802246
Round Robin,1,pre,11.09250783920288,node-b,32141.881432404673,42.0379638671875
Round Robin,1,pre,11.114139080047607,node-c,66002.23925401754,1764.1801834106445
Round Robin,1,pre,11.26017141342163,node-a,142957.11503455346,111.08160018920898
Round Robin,1,pre,11.298192977905273,node-b,39995.89608203431,55.31144142150879
Round Robin,1,pre,11.390643119812012,node-c,335825.8274213547,3276.8735885620117
Round Robin,1,pre,11.411861896514893,node-a,193103.76007454496,150.68960189819336
Round Robin,1,pre,11.424574136734009,node-b,57851.62973175353,65.5672550201416
Round Robin,1,pre,11.503417730331421,node-c,147522.2158283008,2587.223529815674
Round Robin,1,pre,11.600829839706421,node-a,135672.81941769941,109.28535461425781
Round Robin,1,pre,11.666363000869751,node-b,95916.600810074,81.57491683959961
Round Robin,1,pre,11.748462200164795,node-c,138126.17770612307,2356.3504219055176
Round Robin,1,pre,11.818678617477417,node-a,90048.67423118152,81.48074150085449
Round Robin,1,pre,11.893898963928223,node-b,101981.79083083784,87.59140968322754
Round Robin,1,pre,12.04981803894043,node-c,135645.08485507287,2228.9535999298096
Round Robin,1,pre,12.244458675384521,node-a,131276.98706410083,103.6994457244873
Round Robin,1,pre,12.290325403213501,node-b,122515.0883742183,106.83870315551758
Round Robin,1,pre,12.296118259429932,node-c,123816.28918031554,2574.2828845977783
Round Robin,1,pre,12.393043279647827,node-a,169270.3483027176,204.08010482788086
Round Robin,1,post,12.451154470443726,node-b,155099.48514258146,169.97575759887695
Round Robin,1,post,12.619541645050049,node-c,57935.816267986804,2250.859498977661
Round Robin,1,post,12.691624402999878,node-a,71905.47549388732,92.23222732543945
Round Robin,1,post,12.701353073120117,node-b,218440.64718054188,301.2559413909912
Round Robin,1,post,12.773835897445679,node-c,229998.64174475634,4198.014259338379
Round Robin,1,post,12.813388347625732,node-a,139246.86102028337,194.43416595458984
Round Robin,1,post,12.821254014968872,node-b,91966.95736473156,205.2762508392334
Round Robin,1,post,12.839983463287354,node-c,159184.17845103034,3258.17608833313
Round Robin,1,post,13.079759120941162,node-a,148599.3625933427,310.54091453552246
Round Robin,1,post,13.107559442520142,node-b,48785.368890035286,52.510738372802734
Round Robin,1,post,13.125151872634888,node-c,109455.2586792173,3566.9193267822266
Round Robin,1,post,13.156259775161743,node-a,52542.69822518533,231.8897247314453
Round Robin,1,post,13.298498153686523,node-b,84121.86836049151,77.35466957092285
Round Robin,1,post,13.373697996139526,node-c,107584.43993812852,2206.087589263916
Round Robin,1,post,13.387603521347046,node-a,250303.71291262758,1509.126901626587
Round Robin,1,post,13.387603521347046,node-b,36753.89186631158,35.027265548706055
Round Robin,1,post,13.418117046356201,node-c,88613.86385278111,2182.802200317383
Round Robin,1,post,13.42856740951538,node-a,148968.65050098553,563.7714862823486
Round Robin,1,post,13.570950031280518,node-b,147846.67177505337,143.73302459716797
Round Robin,1,post,13.578463554382324,node-c,162063.5411859904,3383.526086807251
Round Robin,1,post,13.625484704971313,node-a,64435.18483968733,462.48912811279297
Round Robin,1,post,13.69635009765625,node-b,99273.60543837358,120.01657485961914
Round Robin,1,post,13.894144296646118,node-c,84033.08638886869,2199.1524696350098
Round Robin,1,post,13.913794040679932,node-a,203899.2730617034,1371.5786933898926
Round Robin,1,post,14.03327202796936,node-b,98849.23862782108,82.93986320495605
Round Robin,1,post,14.08585000038147,node-c,106860.34382698603,2803.601026535034
Round Robin,1,post,14.20543122291565,node-a,116514.41860963852,1070.7488059997559
Round Robin,1,post,14.230351448059082,node-b,55023.87465350377,59.10515785217285
Round Robin,1,post,14.25300669670105,node-c,137179.58839877078,2718.843460083008
Round Robin,1,post,14.270345687866211,node-a,60934.47822805264,712.0575904846191
Round Robin,1,post,14.342220544815063,node-b,116055.65242323944,93.21713447570801
Round Robin,1,post,14.387290000915527,node-c,73681.61461889163,2799.564838409424
Round Robin,1,post,14.447210550308228,node-a,192796.2866436191,2237.4207973480225
Round Robin,1,post,14.535935401916504,node-b,107925.54391231266,97.2449779510498
Round Robin,1,post,14.615242719650269,node-c,278095.46418346197,5580.084800720215
Round Robin,1,post,14.688566207885742,node-a,34656.69546471495,612.6725673675537
Round Robin,1,post,14.783493041992188,node-b,210326.48404738764,188.70043754577637
Round Robin,1,post,14.786699533462524,node-c,162794.29761323842,3880.1212310791016
Round Robin,1,post,14.889930248260498,node-a,122579.31109791767,1489.9036884307861
Round Robin,1,post,14.979681730270386,node-b,319289.37903608795,505.995512008667
Round Robin,1,post,15.009480953216553,node-c,51855.490379824994,2568.807363510132
Round Robin,1,post,15.026211261749268,node-a,117775.83944061372,1245.5391883850098
Round Robin,1,post,15.075393199920654,node-b,197571.2925480194,455.1424980163574
Round Robin,1,post,15.21502685546875,node-c,143464.9151865811,3468.2600498199463
Round Robin,1,post,15.23854398727417,node-a,87638.98860597401,864.9599552154541
Round Robin,1,post,15.337366580963135,node-b,146418.27588374415,297.2118854522705
Round Robin,1,post,15.541287899017334,node-c,86045.9037795076,2829.7040462493896
Round Robin,1,post,15.568513631820679,node-a,89310.4226272456,724.8759269714355
Round Robin,1,post,15.865045070648193,node-b,76056.90180011994,83.53137969970703
Round Robin,1,post,15.869537115097046,node-c,179400.66501393775,4611.100196838379
Round Robin,1,post,15.871838331222534,node-a,123787.07672331601,923.999547958374
Round Robin,1,post,15.999951124191284,node-b,372676.29479120794,577.4197578430176
Round Robin,1,post,16.04471206665039,node-c,161735.95825557332,3832.3440551757812
Round Robin,1,post,16.086327075958252,node-a,50440.01903815954,703.1071186065674
Round Robin,1,post,16.22149634361267,node-b,158186.28645772068,356.40406608581543
Round Robin,1,post,16.392507314682007,node-c,61441.770225232765,2877.532958984375
Round Robin,1,post,16.44904398918152,node-a,92241.15148328245,754.5876502990723
Round Robin,1,post,16.59440326690674,node-b,113642.69585135432,107.72013664245605
Round Robin,1,post,16.663979291915894,node-c,61393.330638533014,2535.792827606201
Round Robin,1,post,16.69888687133789,node-a,82251.97395719671,494.0605163574219
Round Robin,1,post,16.71536946296692,node-b,75608.66394344022,84.7322940826416
Round Robin,1,post,16.810152053833008,node-c,113630.1280655381,3689.2738342285156
Round Robin,1,post,16.95817756652832,node-a,102077.60782127746,432.96170234680176
Round Robin,1,post,17.14214324951172,node-b,100524.62555084143,84.80262756347656
Round Robin,1,post,17.162793397903442,node-c,248552.08097117144,3915.0092601776123
Round Robin,1,post,17.233877897262573,node-a,138894.9373214,365.89503288269043
Round Robin,1,post,17.269150733947754,node-b,131497.09866145434,131.78300857543945
Round Robin,1,post,17.38739848136902,node-c,183303.13726632108,3213.1669521331787
Round Robin,1,post,17.402634143829346,node-a,268709.89048142923,1887.4757289886475
Round Robin,1,post,17.40645718574524,node-b,213068.64231746751,473.53410720825195
Round Robin,1,post,17.431585788726807,node-c,62487.63792817951,2347.7442264556885
Round Robin,1,post,17.43632173538208,node-a,137903.82320279363,1443.2826042175293
Round Robin,1,post,17.46875023841858,node-b,155930.4933211116,322.22700119018555
Round Robin,1,post,17.50249409675598,node-c,171458.01752100672,3490.8761978149414
Round Robin,1,post,17.510072708129883,node-a,98685.81121946141,960.8442783355713
Round Robin,1,post,17.723151445388794,node-b,109781.01152009539,298.2909679412842
Round Robin,1,post,17.74392819404602,node-c,67993.8861129101,3141.953706741333
Round Robin,1,post,17.826703548431396,node-a,88077.57907344286,879.4758319854736
Round Robin,1,post,17.840559244155884,node-b,59103.314508421274,153.70702743530273
Round Robin,1,post,17.875899076461792,node-c,200235.65928584032,5113.079786300659
Round Robin,1,post,17.88159966468811,node-a,81675.67911072685,1308.0625534057617
Round Robin,1,post,17.889532327651978,node-b,66430.09762249445,241.54043197631836
Round Robin,1,post,17.891140699386597,node-c,122751.32482590238,3612.330675125122
Round Robin,1,post,18.001665830612183,node-a,111707.33674102108,1180.0270080566406
Round Robin,1,post,18.026206493377686,node-b,75140.77035557527,152.67467498779297
Round Robin,1,post,18.074963808059692,node-c,127844.27688541893,4296.464443206787
Round Robin,1,post,18.134233474731445,node-a,77431.71179937485,1153.2247066497803
Round Robin,1,post,18.147109746932983,node-b,136657.26954336656,176.6643524169922
Round Robin,1,post,18.3489990234375,node-c,104479.28661943367,5412.460803985596
Round Robin,1,post,18.386367797851562,node-a,118059.84598913041,1284.4479084014893
Round Robin,1,post,18.39184260368347,node-b,87528.32660986278,98.83379936218262
Round Robin,1,post,18.39988088607788,node-c,75774.97001091138,4300.501346588135
Round Robin,1,post,18.433982372283936,node-a,120304.47001611593,1448.4388828277588
Round Robin,1,post,18.443371057510376,node-b,48274.735502384494,78.07683944702148
Round Robin,1,post,18.46465015411377,node-c,211634.72479182432,5240.471601486206
Round Robin,1,post,18.515785217285156,node-a,84322.29433896566,1774.3821144104004
Round Robin,1,post,18.518743753433228,node-b,299115.7208967821,477.65398025512695
Round Robin,1,post,18.543545246124268,node-c,148174.44369960565,5827.293634414673
Round Robin,1,post,18.651561975479126,node-a,101089.16855437131,2130.6381225585938
Round Robin,1,post,18.658739805221558,node-b,78338.91294341805,212.31675148010254
Round Robin,1,post,18.724063873291016,node-c,137290.21303950492,5337.102890014648
Round Robin,1,post,18.72743058204651,node-a,133470.3400495387,2762.2358798980713
Round Robin,1,post,18.91195821762085,node-b,131375.29196939978,221.62795066833496
Round Robin,1,post,18.929653644561768,node-c,161143.65821155973,4946.241617202759
Round Robin,1,post,18.946465730667114,node-a,112490.72995341505,2930.286169052124
Round Robin,1,post,19.021539211273193,node-b,187731.16419230957,294.82269287109375
Round Robin,1,post,19.17741894721985,node-c,72162.12568901753,4094.043493270874
Round Robin,1,post,19.397451877593994,node-a,95657.35123881152,1791.7916774749756
Round Robin,1,post,19.492348194122314,node-b,144351.24133785258,202.59952545166016
Round Robin,1,post,19.61197519302368,node-c,71698.9567143843,3792.9210662841797
Round Robin,1,post,19.687339067459106,node-a,108222.70471164456,1707.4646949768066
Round Robin,1,post,19.70048236846924,node-b,228146.50794454364,429.351806640625
Round Robin,1,post,19.780940055847168,node-c,111647.20435217858,4881.529331207275
Round Robin,1,post,19.79266595840454,node-a,83741.2841387437,1888.465404510498
Round Robin,1,post,19.860674381256104,node-b,186266.8069235166,662.4834537506104
Round Robin,1,post,19.913618326187134,node-c,60009.54224791505,4055.027484893799
Round Robin,1,post,19.938507556915283,node-a,89720.63365262507,1865.567922592163
Round Robin,1,post,19.98748779296875,node-b,180443.64252620435,690.2565956115723
Round Robin,1,post,20.049321174621582,node-c,72057.3367060379,4352.9040813446045
Round Robin,1,post,20.065518140792847,node-a,120468.01584156833,1623.6038208007812
Round Robin,1,post,20.095351696014404,node-b,102265.1416872309,415.1320457458496
Round Robin,1,post,20.125035047531128,node-c,231869.0265431954,5074.495792388916
Round Robin,1,post,20.13140892982483,node-a,52015.86574421094,1839.094638824463
Round Robin,1,post,20.15217113494873,node-b,80782.6011433891,518.6364650726318
Round Robin,1,post,20.222377061843872,node-c,90018.72110567531,4747.5905418396
Round Robin,1,post,20.304291486740112,node-a,127660.92175416625,2279.430866241455
Round Robin,1,post,20.344120025634766,node-b,139555.46984986306,486.45615577697754
Round Robin,1,post,20.386709928512573,node-c,130870.5014858115,5016.057252883911
Round Robin,1,post,20.413240671157837,node-a,215306.15668558233,3282.1929454803467
Round Robin,1,post,20.49435257911682,node-b,148187.55795726058,519.4432735443115
Round Robin,1,post,20.52151894569397,node-c,55814.937033731265,4980.792284011841
Round Robin,1,post,20.58720088005066,node-a,51416.18981174978,1701.8399238586426
Round Robin,1,post,20.631628036499023,node-b,80943.46683048658,367.71464347839355
Round Robin,1,post,20.672897815704346,node-c,81424.78656285298,4824.665784835815
Round Robin,1,post,20.871277332305908,node-a,85123.64677954058,1619.6660995483398
Round Robin,1,post,21.01914072036743,node-b,178902.8546171484,178.2536506652832
Round Robin,1,post,21.084739208221436,node-c,77237.52435378736,4412.2936725616455
Round Robin,1,post,21.167327404022217,node-a,184387.78383982673,2324.551582336426
Round Robin,1,post,21.177428007125854,node-b,188074.93761044092,209.96475219726562
Round Robin,1,post,21.209141969680786,node-c,107563.36047802801,4852.1552085876465
Round Robin,1,post,21.298889636993408,node-a,81604.57151576507,2379.333734512329
Round Robin,1,post,21.36974549293518,node-b,201648.73430563492,218.43290328979492
Round Robin,1,post,21.385812044143677,node-c,69382.83102341021,4597.430229187012
Round Robin,1,post,21.600542306900024,node-a,134552.59274706984,2185.7781410217285
Round Robin,1,post,21.603049755096436,node-b,121361.10049568559,104.18558120727539
Round Robin,1,post,21.679552793502808,node-c,202601.34238370904,5617.866277694702
Round Robin,1,post,21.68647837638855,node-a,126712.30840493829,2214.146614074707
Round Robin,1,post,21.85606622695923,node-b,107025.49892681515,97.57709503173828
Round Robin,1,post,21.861934661865234,node-c,179482.3118714991,6199.1331577301025
Round Robin,1,post,21.96861457824707,node-a,87570.72536225116,2432.018280029297
Round Robin,1,post,21.98114538192749,node-b,140287.34751013835,118.59393119812012
Round Robin,1,post,22.29427981376648,node-c,113166.52048111224,4786.99517250061
Round Robin,1,post,22.334073305130005,node-a,107761.7296735464,2666.855573654175
Round Robin,1,post,22.41504192352295,node-b,50464.69796539789,57.67321586608887
Round Robin,1,post,22.482652187347412,node-c,105678.96167376993,5219.604253768921
Round Robin,1,post,22.528815746307373,node-a,63884.149111374136,2061.006546020508
Round Robin,1,post,22.628442525863647,node-b,138032.8628666001,106.0781478881836
Round Robin,1,post,22.679564476013184,node-c,346321.51188034256,6223.220348358154
Round Robin,1,post,22.868510246276855,node-a,94580.72577780602,1635.5595588684082
Round Robin,1,post,22.87277364730835,node-b,167452.39822727628,134.7343921661377
Round Robin,1,post,23.24204921722412,node-c,175360.3271715634,5157.756805419922
Round Robin,1,post,23.29922342300415,node-a,59531.435535147575,1671.250820159912
Round Robin,1,post,23.319599866867065,node-b,150890.0674162832,122.79367446899414
Round Robin,1,post,23.36012840270996,node-c,90458.83109355089,4637.986183166504
Round Robin,1,post,23.445565700531006,node-a,84993.40779441892,2238.576889038086
Round Robin,1,post,23.514569997787476,node-b,159607.63619481918,159.38305854797363
Round Robin,1,post,23.658645391464233,node-c,80200.73757999485,4508.790731430054
Round Robin,1,post,23.815638303756714,node-a,82122.35237557773,1678.2011985778809
Round Robin,1,post,23.88062882423401,node-b,154700.8732805247,127.9594898223877
Round Robin,1,post,23.98944067955017,node-c,201826.58028281145,5007.363319396973
Round Robin,1,post,24.03562593460083,node-a,109481.65447748237,1655.527114868164
Round Robin,1,post,24.04368758201599,node-b,147839.36950621562,145.93172073364258
Round Robin,1,post,24.081026315689087,node-c,52104.61302448435,4813.141822814941
Round Robin,1,post,24.1015408039093,node-a,100658.41016250035,2767.106533050537
Round Robin,1,post,24.23723840713501,node-b,132416.678198604,137.3913288116455
Round Robin,1,post,24.25330138206482,node-c,69474.97896498324,4707.818269729614
Round Robin,1,post,24.340938329696655,node-a,146169.03393928317,1835.655689239502
Round Robin,1,post,24.49750852584839,node-b,121943.31346428627,94.93517875671387
Round Robin,1,post,24.50721263885498,node-c,122172.43373135518,4593.507766723633
Round Robin,1,post,24.572402477264404,node-a,191521.60458405362,2834.608554840088
Round Robin,1,post,24.752104997634888,node-b,199386.46311843942,381.81614875793457
Round Robin,1,post,24.78822922706604,node-c,57674.68965626617,4010.2224349975586
Round Robin,1,post,24.8220112323761,node-a,76314.76439194145,1267.6942348480225
Round Robin,1,post,24.867570877075195,node-b,138610.1238031853,337.8932476043701
Round Robin,1,post,24.881789684295654,node-c,91099.61596764639,4590.65055847168
Round Robin,1,post,24.89403200149536,node-a,286449.2257964674,2908.6568355560303
Round Robin,1,post,25.108472108840942,node-b,184089.36009388012,229.23874855041504
Round Robin,1,post,25.274402618408203,node-c,70257.16334607518,4492.491006851196
Round Robin,1,post,25.314643621444702,node-a,72564.92206942511,1562.3459815979004
Round Robin,1,post,25.336921453475952,node-b,56247.95585701227,80.5199146270752
Round Robin,1,post,25.429784774780273,node-c,127510.17800701421,4835.107326507568
Round Robin,1,post,25.729368209838867,node-a,78245.81513110461,1453.5503387451172
Round Robin,1,post,25.879011154174805,node-b,75532.42994535102,74.72634315490723
Round Robin,1,post,25.91260552406311,node-c,56250.85261854185,3668.3428287506104
Round Robin,1,post,25.958465337753296,node-a,165231.76898129258,1736.3474369049072
Round Robin,1,post,26.033665657043457,node-b,72894.5339283182,86.38644218444824
Round Robin,1,post,26.085418701171875,node-c,67328.0284276636,4208.641767501831
Round Robin,1,post,26.10790753364563,node-a,41233.62801488571,1493.4484958648682
Round Robin,1,post,26.130228519439697,node-b,129654.00825882104,140.98596572875977
Round Robin,1,post,26.20466923713684,node-c,118831.84813734145,3892.0018672943115
Round Robin,1,post,26.445998907089233,node-a,152644.19493508321,1925.1623153686523
Round Robin,1,post,26.458932638168335,node-b,217075.6487234717,233.367919921875
Round Robin,1,post,26.541056156158447,node-c,117455.39231368856,4054.328203201294
Round Robin,1,post,26.722074031829834,node-a,89149.76306282265,1672.8782653808594
Round Robin,1,post,26.723082780838013,node-b,47493.86654594003,57.88540840148926
Round Robin,1,post,26.760472059249878,node-c,111756.20974918496,4019.481658935547
Round Robin,1,post,26.85371685028076,node-a,126312.3603357382,1634.0126991271973
Round Robin,1,post,27.010348320007324,node-b,120422.17630598572,112.47944831848145
Round Robin,1,post,27.204665899276733,node-c,39997.8052261531,3280.405282974243
Round Robin,1,post,27.22796607017517,node-a,196413.17744105431,1868.9546585083008
Round Robin,1,post,27.232484340667725,node-b,144470.33289601098,146.71826362609863
Round Robin,1,post,27.25629711151123,node-c,87142.6060823483,3523.1285095214844
Round Robin,1,post,27.311984300613403,node-a,91873.9172335986,1563.9727115631104
Weighted Round Robin,1,pre,0.1667792797088623,node-a,119654.26939917752,114.86411094665527
Weighted Round Robin,1,pre,0.32838892936706543,node-b,148647.97144338727,152.09412574768066
Weighted Round Robin,1,pre,0.49256086349487305,node-c,79022.05985088806,66.72453880310059
Weighted Round Robin,1,pre,0.5115830898284912,node-a,67232.39374917865,70.25408744812012
Weighted Round Robin,1,pre,0.5186641216278076,node-b,39117.605618460046,45.892953872680664
Weighted Round Robin,1,pre,0.6179854869842529,node-a,172139.1624641318,135.07628440856934
Weighted Round Robin,1,pre,0.7148525714874268,node-c,106785.31243693535,129.06718254089355
Weighted Round Robin,1,pre,0.9306409358978271,node-a,117373.06071423124,95.84856033325195
Weighted Round Robin,1,pre,0.9360027313232422,node-b,71571.31065757481,77.89945602416992
Weighted Round Robin,1,pre,1.0079619884490967,node-a,195535.26707952996,162.6124382019043
Weighted Round Robin,1,pre,1.0128297805786133,node-b,169710.1584409703,167.79756546020508
Weighted Round Robin,1,pre,1.088076114654541,node-c,99641.60537716291,140.75160026550293
Weighted Round Robin,1,pre,1.2073307037353516,node-a,80202.92726988738,73.79508018493652
Weighted Round Robin,1,pre,1.234179973602295,node-b,88601.25752128064,80.2009105682373
Weighted Round Robin,1,pre,1.3191888332366943,node-a,71035.44455587307,105.20291328430176
Weighted Round Robin,1,pre,1.3299462795257568,node-c,107315.57763191349,111.2055778503418
Weighted Round Robin,1,pre,1.335789680480957,node-a,77820.73270796023,109.07936096191406
Weighted Round Robin,1,pre,1.357771635055542,node-b,141919.9268390948,133.80861282348633
Weighted Round Robin,1,pre,1.4206640720367432,node-a,88478.31161231612,83.5268497467041
Weighted Round Robin,1,pre,1.4485459327697754,node-c,88722.47246302795,107.38587379455566
Weighted Round Robin,1,pre,1.5344891548156738,node-b,228404.5148505335,203.43637466430664
Weighted Round Robin,1,pre,1.5497004985809326,node-a,73672.67580276162,76.01761817932129
Weighted Round Robin,1,pre,1.6763782501220703,node-a,48353.267454000015,49.577951431274414
Weighted Round Robin,1,pre,1.7613048553466797,node-b,127179.48277862475,120.03016471862793
Weighted Round Robin,1,pre,1.8067238330841064,node-c,37470.63228429763,38.33460807800293
Weighted Round Robin,1,pre,1.835155725479126,node-a,120865.82677222678,150.9072780609131
Weighted Round Robin,1,pre,1.866361379623413,node-b,173010.4182405778,234.77411270141602
Weighted Round Robin,1,pre,1.8718059062957764,node-a,109678.05022555597,151.48210525512695
Weighted Round Robin,1,pre,1.8839926719665527,node-c,106391.88231128668,139.82558250427246
Weighted Round Robin,1,pre,1.9317514896392822,node-a,37984.83748920129,109.66253280639648
Weighted Round Robin,1,pre,1.9580879211425781,node-b,139790.31999063617,256.2909126281738
Weighted Round Robin,1,pre,2.0455825328826904,node-a,129106.54922227559,103.68466377258301
Weighted Round Robin,1,pre,2.0940849781036377,node-b,58938.40193931722,181.88071250915527
Weighted Round Robin,1,pre,2.1111974716186523,node-c,275634.8869023092,628.0105113983154
Weighted Round Robin,1,pre,2.142282485961914,node-a,57425.22360401192,54.3208122253418
Weighted Round Robin,1,pre,2.186565637588501,node-b,45734.20846275025,118.9424991607666
Weighted Round Robin,1,pre,2.2106261253356934,node-a,42818.1833856984,34.46221351623535
Weighted Round Robin,1,pre,2.232464075088501,node-c,107283.75030284094,483.1054210662842
Weighted Round Robin,1,pre,2.293330430984497,node-a,125389.81036697161,96.55308723449707
Weighted Round Robin,1,pre,2.313967227935791,node-b,132023.33645011295,112.32757568359375
Weighted Round Robin,1,pre,2.405567169189453,node-a,89461.80314437416,77.7280330657959
Weighted Round Robin,1,pre,2.501826286315918,node-c,70538.1876359737,328.2434940338135
Weighted Round Robin,1,pre,2.5769550800323486,node-b,161398.1080722539,128.1566619873047
Weighted Round Robin,1,pre,2.5813255310058594,node-a,67606.15637248656,63.09223175048828
Weighted Round Robin,1,pre,2.659646511077881,node-a,57833.699365898974,52.30450630187988
Weighted Round Robin,1,pre,2.752838134765625,node-b,213395.99615441845,276.07011795043945
Weighted Round Robin,1,pre,2.8306007385253906,node-c,115732.03744383062,215.44289588928223
Weighted Round Robin,1,pre,2.8500397205352783,node-a,134039.78923679932,156.4486026763916
Weighted Round Robin,1,pre,2.871795177459717,node-b,144808.4877228605,328.45497131347656
Weighted Round Robin,1,pre,2.8834497928619385,node-a,79566.50304639617,125.20956993103027
Weighted Round Robin,1,pre,2.9077253341674805,node-c,81130.62010932782,234.94338989257812
Weighted Round Robin,1,pre,2.909250259399414,node-a,145879.7400966874,271.9690799713135
Weighted Round Robin,1,pre,2.92130970954895,node-b,77782.47360788342,279.4513702392578
Weighted Round Robin,1,pre,3.0112500190734863,node-a,125273.84342376921,192.74449348449707
Weighted Round Robin,1,pre,3.2870094776153564,node-b,101267.13905898957,78.8581371307373
Weighted Round Robin,1,pre,3.3262016773223877,node-c,58285.65364019064,59.99112129211426
Weighted Round Robin,1,pre,3.3456296920776367,node-a,171689.41662572703,184.61298942565918
Weighted Round Robin,1,pre,3.3729965686798096,node-b,55579.2965598796,66.49017333984375
Weighted Round Robin,1,pre,3.3976590633392334,node-a,118982.14799949704,220.81232070922852
Weighted Round Robin,1,pre,3.4069786071777344,node-c,109506.51906553147,128.64017486572266
Weighted Round Robin,1,pre,3.4815847873687744,node-a,199496.6314907078,239.86458778381348
Weighted Round Robin,1,pre,3.5762181282043457,node-b,60502.16388130385,67.41714477539062
Weighted Round Robin,1,pre,3.6804962158203125,node-a,80712.49467682323,90.8212661743164
Weighted Round Robin,1,pre,4.0468175411224365,node-c,100719.40380408113,91.12262725830078
Weighted Round Robin,1,pre,4.191987037658691,node-b,115921.73609017438,101.19390487670898
Weighted Round Robin,1,pre,4.3051276206970215,node-a,163484.84822738767,175.81582069396973
Weighted Round Robin,1,pre,4.377207279205322,node-a,123722.48491775976,169.86584663391113
Weighted Round Robin,1,pre,4.4180333614349365,node-b,107224.20691151342,90.75307846069336
Weighted Round Robin,1,pre,4.421304702758789,node-c,177090.4533134351,322.8609561920166
Weighted Round Robin,1,pre,4.487263441085815,node-a,302029.14342847525,344.0706729888916
Weighted Round Robin,1,pre,4.529807090759277,node-b,53770.72757526354,56.569576263427734
Weighted Round Robin,1,pre,4.634255886077881,node-a,105595.7843405114,197.62873649597168
Weighted Round Robin,1,pre,4.7737486362457275,node-c,154827.51499010788,246.75917625427246
Weighted Round Robin,1,pre,4.79692006111145,node-a,110538.41092542617,148.61536026000977
Weighted Round Robin,1,pre,4.8003716468811035,node-b,216981.18100652858,190.58609008789062
Weighted Round Robin,1,pre,4.863990545272827,node-a,89604.49942134485,123.66294860839844
Weighted Round Robin,1,pre,5.0400168895721436,node-b,63783.20448594567,71.21944427490234
Weighted Round Robin,1,pre,5.096550703048706,node-c,163652.79954784008,230.482816696167
Weighted Round Robin,1,pre,5.243425369262695,node-a,26470.791373668966,39.17503356933594
Weighted Round Robin,1,pre,5.295872688293457,node-b,83480.43927100666,58.68077278137207
Weighted Round Robin,1,pre,5.38609766960144,node-a,345686.2415383439,501.35159492492676
Weighted Round Robin,1,pre,5.405977964401245,node-c,107298.37846057897,239.1667366027832
Weighted Round Robin,1,pre,5.4154253005981445,node-a,126643.22236609798,245.7740306854248
Weighted Round Robin,1,pre,5.425157785415649,node-b,65804.53150660927,72.28255271911621
Weighted Round Robin,1,pre,5.4336254596710205,node-a,104678.97780791689,364.75372314453125
Weighted Round Robin,1,pre,5.437111854553223,node-c,98631.66161704069,290.6837463378906
Weighted Round Robin,1,pre,5.555396556854248,node-b,268180.41915368644,363.0967140197754
Weighted Round Robin,1,pre,5.586238861083984,node-a,63908.38487472544,198.5185146331787
Weighted Round Robin,1,pre,5.613085508346558,node-a,26618.59201712198,162.02950477600098
Weighted Round Robin,1,pre,5.677396297454834,node-b,129776.96262022234,259.9668502807617
Weighted Round Robin,1,pre,5.690809726715088,node-c,229866.71651825486,472.2452163696289
Weighted Round Robin,1,pre,5.823037385940552,node-a,75050.33076007378,99.7154712677002
Weighted Round Robin,1,pre,5.911686897277832,node-b,42552.00801486021,87.42117881774902
Weighted Round Robin,1,pre,5.934599876403809,node-a,61934.713305190075,44.67153549194336
Weighted Round Robin,1,pre,5.948530912399292,node-c,131535.47182510747,391.45374298095703
Weighted Round Robin,1,pre,5.985100507736206,node-a,79946.88111751327,98.97065162658691
Weighted Round Robin,1,pre,6.006075859069824,node-b,108167.42840788569,172.4100112915039
Weighted Round Robin,1,pre,6.011404991149902,node-a,32581.13557596986,75.29759407043457
Weighted Round Robin,1,pre,6.0459208488464355,node-b,81639.25598327503,152.79650688171387
Weighted Round Robin,1,pre,6.201385259628296,node-c,157059.52429418263,340.7459259033203
Weighted Round Robin,1,pre,6.270770788192749,node-a,92773.54874476211,77.25715637207031
Weighted Round Robin,1,pre,6.48352575302124,node-b,63463.8596204823,68.29643249511719
Weighted Round Robin,1,pre,6.624436616897583,node-a,179191.7701984226,148.73409271240234
Weighted Round Robin,1,pre,6.701842784881592,node-c,173465.8910701059,237.3673915863037
Weighted Round Robin,1,pre,6.8294172286987305,node-a,83913.72355863254,79.23269271850586
Weighted Round Robin,1,pre,6.879329681396484,node-b,73081.50308105144,70.5869197845459
Weighted Round Robin,1,pre,6.953276872634888,node-a,200642.08401078187,155.82990646362305
Weighted Round Robin,1,pre,6.9793784618377686,node-c,80441.28271579316,66.92147254943848
Weighted Round Robin,1,pre,6.994593143463135,node-b,97593.46838467619,85.24799346923828
Weighted Round Robin,1,pre,7.142778635025024,node-a,260597.0383421941,394.9277400970459
Weighted Round Robin,1,pre,7.152284145355225,node-a,116270.78894777429,290.4233932495117
Weighted Round Robin,1,pre,7.1651997566223145,node-b,82663.77681848382,77.29935646057129
Weighted Round Robin,1,pre,7.186471462249756,node-c,39420.47084860417,44.22330856323242
Weighted Round Robin,1,pre,7.253254175186157,node-a,107791.08762191169,303.30443382263184
Weighted Round Robin,1,pre,7.281588315963745,node-b,101412.51707936876,82.43083953857422
Weighted Round Robin,1,pre,7.329068422317505,node-a,77522.71719529411,234.4837188720703
Weighted Round Robin,1,pre,7.477869749069214,node-c,168218.75826165217,179.96740341186523
Weighted Round Robin,1,pre,7.583933115005493,node-a,55522.30969450177,60.882568359375
Weighted Round Robin,1,pre,7.664895057678223,node-b,47992.92223419991,45.44687271118164
Weighted Round Robin,1,pre,7.676779270172119,node-a,71407.96851015642,51.407814025878906
Weighted Round Robin,1,pre,7.758508682250977,node-b,103057.3792843034,121.70934677124023
Weighted Round Robin,1,pre,7.790112018585205,node-c,49280.17673490273,45.248985290527344
Weighted Round Robin,1,pre,7.79852819442749,node-a,57867.53360519172,46.514272689819336
Weighted Round Robin,1,pre,7.826226472854614,node-b,68267.58709885331,101.29547119140625
Weighted Round Robin,1,pre,7.830972909927368,node-a,101179.79229267413,88.31048011779785
Weighted Round Robin,1,pre,7.894213914871216,node-c,72053.42896517202,67.48151779174805
Weighted Round Robin,1,pre,7.961188554763794,node-a,166620.69964699418,196.32768630981445
Weighted Round Robin,1,pre,7.981514930725098,node-b,33728.742831403666,27.54664421081543
Weighted Round Robin,1,pre,7.984362363815308,node-a,124311.35737508093,182.91640281677246
Weighted Round Robin,1,pre,8.17283320426941,node-c,75273.91271329261,72.7996826171875
Weighted Round Robin,1,pre,8.228545427322388,node-b,127621.73806317447,88.5770320892334
Weighted Round Robin,1,pre,8.331331729888916,node-a,271567.0536184322,283.125638961792
Weighted Round Robin,1,pre,8.35568642616272,node-a,97601.04732239223,177.57344245910645
Weighted Round Robin,1,pre,8.471370458602905,node-b,111501.98864955924,99.38788414001465
Weighted Round Robin,1,pre,8.584457159042358,node-c,153465.46382928416,171.4766025543213
Weighted Round Robin,1,pre,8.590700387954712,node-a,52044.160439630316,60.601234436035156
Weighted Round Robin,1,pre,8.965141534805298,node-b,140705.86148764763,123.54469299316406
Weighted Round Robin,1,pre,9.011884689331055,node-a,151967.90414639405,126.28746032714844
Weighted Round Robin,1,pre,9.108240604400635,node-c,94463.19692535402,124.65167045593262
Weighted Round Robin,1,pre,9.12495732307434,node-a,140207.9984662558,126.00588798522949
Weighted Round Robin,1,pre,9.192786693572998,node-b,107872.35856851409,182.08837509155273
Weighted Round Robin,1,pre,9.212461709976196,node-a,69075.8677037178,81.72988891601562
Weighted Round Robin,1,pre,9.323955535888672,node-b,52434.84673576756,84.57398414611816
Weighted Round Robin,1,pre,9.355781316757202,node-c,165250.74113101707,177.57391929626465
Weighted Round Robin,1,pre,9.409553050994873,node-a,246485.07009831833,234.5106601715088
Weighted Round Robin,1,pre,9.446046113967896,node-b,68311.71213368057,70.5571174621582
Weighted Round Robin,1,pre,9.497962713241577,node-a,121711.78698361655,215.36612510681152
Weighted Round Robin,1,pre,9.530610799789429,node-c,55196.05635284722,103.26671600341797
Weighted Round Robin,1,pre,9.57273006439209,node-a,80079.15512908196,154.00147438049316
Weighted Round Robin,1,pre,9.574902772903442,node-b,79102.05528001166,56.85901641845703
Weighted Round Robin,1,pre,9.684467077255249,node-a,57353.64395226537,84.56277847290039
Weighted Round Robin,1,pre,9.857460975646973,node-c,97713.26574588924,82.00764656066895
Weighted Round Robin,1,pre,9.89747929573059,node-b,166592.3261930374,121.2151050567627
Weighted Round Robin,1,pre,10.132479190826416,node-a,134325.55697755827,174.0396022796631
Weighted Round Robin,1,pre,10.143550395965576,node-a,78430.34140474182,146.3165283203125
Weighted Round Robin,1,pre,10.335843801498413,node-b,206924.58745601127,167.2806739807129
Weighted Round Robin,1,pre,10.361138582229614,node-c,113419.96972227602,88.9427661895752
Weighted Round Robin,1,pre,10.40699052810669,node-a,250447.2443734577,178.9689064025879
Weighted Round Robin,1,pre,10.57483696937561,node-b,52968.557462068806,57.47246742248535
Weighted Round Robin,1,pre,10.583795070648193,node-a,460477.4901898404,514.6605968475342
Weighted Round Robin,1,pre,10.597036123275757,node-c,93288.20151744378,125.18787384033203
Weighted Round Robin,1,pre,10.689487218856812,node-a,56432.06992814485,131.53457641601562
Weighted Round Robin,1,pre,10.757333993911743,node-b,59816.92183644746,64.21923637390137
Weighted Round Robin,1,pre,10.777373313903809,node-a,162612.22373217624,298.1433868408203
Weighted Round Robin,1,pre,10.80784296989441,node-b,160420.19431308465,169.67105865478516
Weighted Round Robin,1,pre,10.85976529121399,node-c,153196.01156752853,185.5607032775879
Weighted Round Robin,1,pre,10.990589618682861,node-a,138390.3543940742,299.38793182373047
Weighted Round Robin,1,pre,11.015259265899658,node-b,58107.28734687687,56.525468826293945
Weighted Round Robin,1,pre,11.067801475524902,node-a,95042.66193347466,162.32848167419434
Weighted Round Robin,1,pre,11.092560529708862,node-c,32141.881432404673,30.962467193603516
Weighted Round Robin,1,pre,11.113154649734497,node-a,66002.23925401754,186.94138526916504
Weighted Round Robin,1,pre,11.260832071304321,node-b,142957.11503455346,122.50328063964844
Weighted Round Robin,1,pre,11.29899263381958,node-a,39995.89608203431,53.495168685913086
Weighted Round Robin,1,pre,11.391177654266357,node-c,335825.8274213547,642.2371864318848
Weighted Round Robin,1,pre,11.412069082260132,node-b,193103.76007454496,177.16407775878906
Weighted Round Robin,1,pre,11.424952507019043,node-a,57851.62973175353,62.46805191040039
Weighted Round Robin,1,pre,11.50365400314331,node-a,147522.2158283008,120.11957168579102
Weighted Round Robin,1,pre,11.601406574249268,node-b,135672.81941769941,109.45773124694824
Weighted Round Robin,1,pre,11.66704535484314,node-c,95916.600810074,374.758243560791
Weighted Round Robin,1,pre,11.749001741409302,node-a,138126.17770612307,116.14131927490234
Weighted Round Robin,1,pre,11.819505453109741,node-b,90048.67423118152,78.91511917114258
Weighted Round Robin,1,pre,11.894821405410767,node-a,101981.79083083784,89.53857421875
Weighted Round Robin,1,pre,12.05012583732605,node-c,135645.08485507287,196.74944877624512
Weighted Round Robin,1,pre,12.244724035263062,node-a,131276.98706410083,111.78255081176758
Weighted Round Robin,1,pre,12.290342569351196,node-b,122515.0883742183,95.23987770080566
Weighted Round Robin,1,pre,12.296612024307251,node-a,123816.28918031554,126.38640403747559
Weighted Round Robin,1,pre,12.393491268157959,node-b,169270.3483027176,142.6107883453369
Weighted Round Robin,1,post,12.451978206634521,node-c,155099.48514258146,184.51333045959473
Weighted Round Robin,1,post,12.61998200416565,node-a,57935.816267986804,84.8841667175293
Weighted Round Robin,1,post,12.692129373550415,node-b,71905.47549388732,64.93377685546875
Weighted Round Robin,1,post,12.702129364013672,node-a,218440.64718054188,520.7786560058594
Weighted Round Robin,1,post,12.774067401885986,node-c,229998.64174475634,281.2914848327637
Weighted Round Robin,1,post,12.813899517059326,node-a,139246.86102028337,600.8696556091309
Weighted Round Robin,1,post,12.822011232376099,node-b,91966.95736473156,80.44195175170898
Weighted Round Robin,1,post,12.840620279312134,node-a,159184.17845103034,1859.438180923462
Weighted Round Robin,1,post,13.080430507659912,node-c,148599.3625933427,238.09289932250977
Weighted Round Robin,1,post,13.108384609222412,node-b,48785.368890035286,55.4196834564209
Weighted Round Robin,1,post,13.12590742111206,node-a,109455.2586792173,1087.0423316955566
Weighted Round Robin,1,post,13.156475067138672,node-a,52542.69822518533,1056.4746856689453
Weighted Round Robin,1,post,13.299274444580078,node-b,84121.86836049151,79.61654663085938
Weighted Round Robin,1,post,13.374250411987305,node-c,107584.43993812852,77.79622077941895
Weighted Round Robin,1,post,13.387937068939209,node-a,250303.71291262758,1836.0116481781006
Weighted Round Robin,1,post,13.38900089263916,node-b,36753.89186631158,41.54562950134277
Weighted Round Robin,1,post,13.41903281211853,node-a,88613.86385278111,1414.2415523529053
Weighted Round Robin,1,post,13.428930759429932,node-c,148968.65050098553,296.4615821838379
Weighted Round Robin,1,post,13.571795463562012,node-a,147846.67177505337,1466.9475555419922
Weighted Round Robin,1,post,13.578984260559082,node-b,162063.5411859904,126.19757652282715
Weighted Round Robin,1,post,13.62710690498352,node-a,64435.18483968733,1708.3899974822998
Weighted Round Robin,1,post,13.696722269058228,node-b,99273.60543837358,108.49595069885254
Weighted Round Robin,1,post,13.894549369812012,node-c,84033.08638886869,131.85954093933105
Weighted Round Robin,1,post,13.914488315582275,node-a,203899.2730617034,2185.5990886688232
Weighted Round Robin,1,post,14.03372859954834,node-b,98849.23862782108,92.23008155822754
Weighted Round Robin,1,post,14.086682081222534,node-a,106860.34382698603,1911.0870361328125
Weighted Round Robin,1,post,14.206217050552368,node-c,116514.41860963852,139.6772861480713
Weighted Round Robin,1,post,14.230558633804321,node-a,55023.87465350377,1580.627679824829
Weighted Round Robin,1,post,14.25342345237732,node-b,137179.58839877078,133.06331634521484
Weighted Round Robin,1,post,14.271636724472046,node-a,60934.47822805264,1936.525583267212
Weighted Round Robin,1,post,14.343044519424438,node-c,116055.65242323944,191.22695922851562
Weighted Round Robin,1,post,14.388619422912598,node-b,73681.61461889163,127.90393829345703
Weighted Round Robin,1,post,14.447521209716797,node-a,192796.2866436191,3086.2605571746826
Weighted Round Robin,1,post,14.536173820495605,node-a,107925.54391231266,2364.175796508789
Weighted Round Robin,1,post,14.615447044372559,node-b,278095.46418346197,306.4901828765869
Weighted Round Robin,1,post,14.687471389770508,node-c,34656.69546471495,51.73492431640625
Weighted Round Robin,1,post,14.785301685333252,node-a,210326.48404738764,2537.1458530426025
Weighted Round Robin,1,post,14.786811113357544,node-b,162794.29761323842,314.5124912261963
Weighted Round Robin,1,post,14.890460968017578,node-a,122579.31109791767,2117.1493530273438
Weighted Round Robin,1,post,14.9799964427948,node-c,319289.37903608795,565.1357173919678
Weighted Round Robin,1,post,15.010671615600586,node-a,51855.490379824994,2218.0469036102295
Weighted Round Robin,1,post,15.027205467224121,node-b,117775.83944061372,165.1480197906494
Weighted Round Robin,1,post,15.075852632522583,node-a,197571.2925480194,3344.3706035614014
Weighted Round Robin,1,post,15.215786457061768,node-b,143464.9151865811,121.8416690826416
Weighted Round Robin,1,post,15.237765312194824,node-c,87638.98860597401,307.36684799194336
Weighted Round Robin,1,post,15.337096452713013,node-a,146418.27588374415,3985.427141189575
Weighted Round Robin,1,post,15.541737794876099,node-b,86045.9037795076,68.44973564147949
Weighted Round Robin,1,post,15.568907976150513,node-a,89310.4226272456,3669.292449951172
Weighted Round Robin,1,post,15.865797758102417,node-c,76056.90180011994,70.79648971557617
Weighted Round Robin,1,post,15.869824409484863,node-a,179400.66501393775,4150.2814292907715
Weighted Round Robin,1,post,15.872495174407959,node-b,123787.07672331601,108.93392562866211
Weighted Round Robin,1,post,16.000560760498047,node-a,372676.29479120794,4427.080392837524
Weighted Round Robin,1,post,16.04500150680542,node-c,161735.95825557332,186.5394115447998
Weighted Round Robin,1,post,16.08689045906067,node-b,50440.01903815954,50.87447166442871
Weighted Round Robin,1,post,16.22200083732605,node-a,158186.28645772068,3396.1029052734375
Weighted Round Robin,1,post,16.393025159835815,node-a,61441.770225232765,2322.9146003723145
Weighted Round Robin,1,post,16.44958996772766,node-b,92241.15148328245,86.29155158996582
Weighted Round Robin,1,post,16.59486436843872,node-c,113642.69585135432,149.3368148803711
Weighted Round Robin,1,post,16.66439723968506,node-a,61393.330638533014,2753.185272216797
Weighted Round Robin,1,post,16.699484825134277,node-b,82251.97395719671,80.09505271911621
Weighted Round Robin,1,post,16.716692686080933,node-a,75608.66394344022,3108.3126068115234
Weighted Round Robin,1,post,16.811429262161255,node-c,113630.1280655381,130.84006309509277
Weighted Round Robin,1,post,16.9583158493042,node-a,102077.60782127746,3364.396333694458
Weighted Round Robin,1,post,17.14289927482605,node-b,100524.62555084143,92.27609634399414
Weighted Round Robin,1,post,17.163357973098755,node-a,248552.08097117144,5351.372957229614
Weighted Round Robin,1,post,17.23409628868103,node-b,138894.9373214,151.17907524108887
Weighted Round Robin,1,post,17.269838333129883,node-c,131497.09866145434,163.75255584716797
Weighted Round Robin,1,post,17.387644052505493,node-a,183303.13726632108,4745.416164398193
Weighted Round Robin,1,post,17.403069257736206,node-b,268709.89048142923,390.352725982666
Weighted Round Robin,1,post,17.407143592834473,node-a,213068.64231746751,5102.774381637573
Weighted Round Robin,1,post,17.43205165863037,node-c,62487.63792817951,99.66778755187988
Weighted Round Robin,1,post,17.437776565551758,node-a,137903.82320279363,5072.141408920288
Weighted Round Robin,1,post,17.469231128692627,node-b,155930.4933211116,333.71996879577637
Weighted Round Robin,1,post,17.503368377685547,node-a,171458.01752100672,5531.541109085083
Weighted Round Robin,1,post,17.512033224105835,node-c,98685.81121946141,202.94904708862305
Weighted Round Robin,1,post,17.723546504974365,node-b,109781.01152009539,244.37355995178223
Weighted Round Robin,1,post,17.744457006454468,node-a,67993.8861129101,4388.603210449219
Weighted Round Robin,1,post,17.826908111572266,node-a,88077.57907344286,4707.242488861084
Weighted Round Robin,1,post,17.841086864471436,node-b,59103.314508421274,164.28494453430176
Weighted Round Robin,1,post,17.87630581855774,node-c,200235.65928584032,447.56150245666504
Weighted Round Robin,1,post,17.882208347320557,node-a,81675.67911072685,5137.449026107788
Weighted Round Robin,1,post,17.89077591896057,node-b,66430.09762249445,146.32511138916016
Weighted Round Robin,1,post,17.891303062438965,node-a,122751.32482590238,5337.488651275635
Weighted Round Robin,1,post,18.00235939025879,node-c,111707.33674102108,336.79986000061035
Weighted Round Robin,1,post,18.027207612991333,node-a,75140.77035557527,5180.888652801514
Weighted Round Robin,1,post,18.074704885482788,node-b,127844.27688541893,130.90014457702637
Weighted Round Robin,1,post,18.134634733200073,node-a,77431.71179937485,5372.624635696411
Weighted Round Robin,1,post,18.14840006828308,node-b,136657.26954336656,171.76437377929688
Weighted Round Robin,1,post,18.349554300308228,node-c,104479.28661943367,174.54934120178223
Weighted Round Robin,1,post,18.387147426605225,node-a,118059.84598913041,5844.92039680481
Weighted Round Robin,1,post,18.392417669296265,node-b,87528.32660986278,85.12520790100098
Weighted Round Robin,1,post,18.399686813354492,node-a,75774.97001091138,5400.327920913696
Weighted Round Robin,1,post,18.433960437774658,node-c,120304.47001611593,410.40587425231934
Weighted Round Robin,1,post,18.443344831466675,node-a,48274.735502384494,5767.641305923462
Weighted Round Robin,1,post,18.46581220626831,node-b,211634.72479182432,337.99028396606445
Weighted Round Robin,1,post,18.517056703567505,node-a,84322.29433896566,5715.011119842529
Weighted Round Robin,1,post,18.519360542297363,node-c,299115.7208967821,1131.6919326782227
Weighted Round Robin,1,post,18.54487705230713,node-b,148174.44369960565,352.50353813171387
Weighted Round Robin,1,post,18.65236473083496,node-a,101089.16855437131,6058.3202838897705
Weighted Round Robin,1,post,18.658532857894897,node-a,78338.91294341805,5958.024978637695
Weighted Round Robin,1,post,18.724398851394653,node-b,137290.21303950492,282.0889949798584
Weighted Round Robin,1,post,18.727705717086792,node-c,133470.3400495387,599.7300148010254
Weighted Round Robin,1,post,18.91261386871338,node-a,131375.29196939978,5905.925512313843
Weighted Round Robin,1,post,18.930070161819458,node-b,161143.65821155973,201.94721221923828
Weighted Round Robin,1,post,18.94726037979126,node-a,112490.72995341505,6252.297163009644
Weighted Round Robin,1,post,19.022178888320923,node-c,187731.16419230957,723.6502170562744
Weighted Round Robin,1,post,19.17819380760193,node-a,72162.12568901753,6037.888288497925
Weighted Round Robin,1,post,19.397679567337036,node-b,95657.35123881152,67.77572631835938
Weighted Round Robin,1,post,19.493197917938232,node-a,144351.24133785258,7032.33528137207
Weighted Round Robin,1,post,19.612348079681396,node-b,71698.9567143843,102.99301147460938
Weighted Round Robin,1,post,19.688395738601685,node-c,108222.70471164456,238.04640769958496
Weighted Round Robin,1,post,19.7013578414917,node-a,228146.50794454364,7733.804225921631
Weighted Round Robin,1,post,19.781858682632446,node-b,111647.20435217858,97.81670570373535
Weighted Round Robin,1,post,19.793004274368286,node-a,83741.2841387437,6340.033292770386
Weighted Round Robin,1,post,19.861140727996826,node-c,186266.8069235166,954.2739391326904
Weighted Round Robin,1,post,19.914424419403076,node-a,60009.54224791505,6210.127592086792
Weighted Round Robin,1,post,19.938671588897705,node-b,89720.63365262507,65.72437286376953
Weighted Round Robin,1,post,19.987969160079956,node-a,180443.64252620435,7537.286043167114
Weighted Round Robin,1,post,20.050163745880127,node-c,72057.3367060379,575.6161212921143
Weighted Round Robin,1,post,20.065946578979492,node-b,120468.01584156833,129.46295738220215
Weighted Round Robin,1,post,20.094905853271484,node-a,102265.1416872309,6715.029001235962
Weighted Round Robin,1,post,20.124276876449585,node-a,231869.0265431954,8196.646928787231
Weighted Round Robin,1,post,20.13303303718567,node-b,52015.86574421094,85.17336845397949
Weighted Round Robin,1,post,20.152634620666504,node-c,80782.6011433891,584.8801136016846
Weighted Round Robin,1,post,20.22251868247986,node-a,90018.72110567531,6903.185844421387
Weighted Round Robin,1,post,20.304836750030518,node-b,127660.92175416625,93.13201904296875
Weighted Round Robin,1,post,20.3445827960968,node-a,139555.46984986306,7272.540807723999
Weighted Round Robin,1,post,20.386107683181763,node-c,130870.5014858115,555.6259155273438
Weighted Round Robin,1,post,20.41397786140442,node-a,215306.15668558233,7898.939847946167
Weighted Round Robin,1,post,20.49374747276306,node-b,148187.55795726058,127.21991539001465
Weighted Round Robin,1,post,20.5219509601593,node-a,55814.937033731265,7614.06683921814
Weighted Round Robin,1,post,20.589022636413574,node-b,51416.18981174978,96.49062156677246
Weighted Round Robin,1,post,20.632736921310425,node-c,80943.46683048658,396.0528373718262
Weighted Round Robin,1,post,20.673617839813232,node-a,81424.78656285298,7462.399959564209
Weighted Round Robin,1,post,20.871793270111084,node-b,85123.64677954058,71.52605056762695
Weighted Round Robin,1,post,21.019749641418457,node-a,178902.8546171484,8585.867166519165
Weighted Round Robin,1,post,21.08558177947998,node-c,77237.52435378736,77.15725898742676
Weighted Round Robin,1,post,21.167558431625366,node-a,184387.78383982673,9264.45484161377
Weighted Round Robin,1,post,21.177735805511475,node-b,188074.93761044092,140.12718200683594
Weighted Round Robin,1,post,21.209678173065186,node-a,107563.36047802801,8590.31367301941
Weighted Round Robin,1,post,21.299459218978882,node-c,81604.57151576507,129.06360626220703
Weighted Round Robin,1,post,21.370157718658447,node-b,201648.73430563492,159.91902351379395
Weighted Round Robin,1,post,21.386715173721313,node-a,69382.83102341021,8113.056659698486
Weighted Round Robin,1,post,21.601238012313843,node-a,134552.59274706984,9335.259675979614
Weighted Round Robin,1,post,21.603246927261353,node-b,121361.10049568559,81.43067359924316
Weighted Round Robin,1,post,21.680171728134155,node-c,202601.34238370904,248.63004684448242
Weighted Round Robin,1,post,21.687795639038086,node-a,126712.30840493829,9143.213510513306
Weighted Round Robin,1,post,21.856398105621338,node-b,107025.49892681515,115.2946949005127
Weighted Round Robin,1,post,21.863850593566895,node-a,179482.3118714991,9661.417722702026
Weighted Round Robin,1,post,21.969684600830078,node-c,87570.72536225116,70.59431076049805
Weighted Round Robin,1,post,21.98186683654785,node-a,140287.34751013835,8642.81940460205
Weighted Round Robin,1,post,22.29506278038025,node-b,113166.52048111224,98.1130599975586
Weighted Round Robin,1,post,22.334771156311035,node-a,107761.7296735464,8579.147815704346
Weighted Round Robin,1,post,22.415487051010132,node-b,50464.69796539789,51.43260955810547
Weighted Round Robin,1,post,22.48328447341919,node-c,105678.96167376993,148.98180961608887
Weighted Round Robin,1,post,22.52932620048523,node-a,63884.149111374136,7989.332914352417
Weighted Round Robin,1,post,22.629139184951782,node-b,138032.8628666001,109.9245548248291
Weighted Round Robin,1,post,22.679942846298218,node-a,346321.51188034256,10337.443590164185
Weighted Round Robin,1,post,22.869370698928833,node-c,94580.72577780602,80.63817024230957
Weighted Round Robin,1,post,22.873326778411865,node-a,167452.39822727628,9354.46810722351
Weighted Round Robin,1,post,23.242815732955933,node-b,175360.3271715634,172.3029613494873
Weighted Round Robin,1,post,23.300128698349,node-a,59531.435535147575,8514.858484268188
Weighted Round Robin,1,post,23.32021927833557,node-c,150890.0674162832,198.7147331237793
Weighted Round Robin,1,post,23.36089253425598,node-b,90458.83109355089,156.45718574523926
Weighted Round Robin,1,post,23.44643259048462,node-a,84993.40779441892,9258.803844451904
Weighted Round Robin,1,post,23.515113830566406,node-a,159607.63619481918,9495.409965515137
Weighted Round Robin,1,post,23.65885281562805,node-b,80200.73757999485,68.21370124816895
Weighted Round Robin,1,post,23.815878868103027,node-c,82122.35237557773,103.18183898925781
Weighted Round Robin,1,post,23.881174564361572,node-a,154700.8732805247,9352.044343948364
Weighted Round Robin,1,post,23.98988103866577,node-b,201826.58028281145,225.02899169921875
Weighted Round Robin,1,post,24.035939931869507,node-a,109481.65447748237,9480.655670166016
Weighted Round Robin,1,post,24.04427742958069,node-c,147839.36950621562,177.07037925720215
Weighted Round Robin,1,post,24.081620931625366,node-a,52104.61302448435,9335.76774597168
Weighted Round Robin,1,post,24.10195755958557,node-b,100658.41016250035,186.74159049987793
Weighted Round Robin,1,post,24.238100051879883,node-a,132416.678198604,9860.887289047241
Weighted Round Robin,1,post,24.253662109375,node-b,69474.97896498324,114.95614051818848
Weighted Round Robin,1,post,24.34136724472046,node-c,146169.03393928317,174.64685440063477
Weighted Round Robin,1,post,24.498568534851074,node-a,121943.31346428627,9807.040691375732
Weighted Round Robin,1,post,24.507562160491943,node-b,122172.43373135518,94.23971176147461
Weighted Round Robin,1,post,24.57282280921936,node-a,191521.60458405362,10426.096439361572
Weighted Round Robin,1,post,24.753018379211426,node-c,199386.46311843942,302.7017116546631
Weighted Round Robin,1,post,24.788694858551025,node-a,57674.68965626617,9432.362079620361
Weighted Round Robin,1,post,24.822608709335327,node-b,76314.76439194145,61.83171272277832
Weighted Round Robin,1,post,24.86810326576233,node-a,138610.1238031853,10248.655557632446
Weighted Round Robin,1,post,24.88216233253479,node-c,91099.61596764639,251.68442726135254
Weighted Round Robin,1,post,24.894867181777954,node-b,286449.2257964674,230.61060905456543
Weighted Round Robin,1,post,25.10897421836853,node-a,184089.36009388012,10295.263767242432
Weighted Round Robin,1,post,25.274824380874634,node-a,70257.16334607518,9841.934442520142
Weighted Round Robin,1,post,25.315625190734863,node-b,72564.92206942511,72.58462905883789
Weighted Round Robin,1,post,25.337416172027588,node-c,56247.95585701227,181.03647232055664
Weighted Round Robin,1,post,25.430230855941772,node-a,127510.17800701421,11604.952335357666
Weighted Round Robin,1,post,25.730482816696167,node-b,78245.81513110461,69.26679611206055
Weighted Round Robin,1,post,25.879856824874878,node-a,75532.42994535102,9841.860294342041
Weighted Round Robin,1,post,25.913270235061646,node-c,56250.85261854185,59.50927734375
Weighted Round Robin,1,post,25.958744525909424,node-a,165231.76898129258,10771.484851837158
Weighted Round Robin,1,post,26.03468132019043,node-b,72894.5339283182,75.03604888916016
Weighted Round Robin,1,post,26.08617925643921,node-a,67328.0284276636,9646.857976913452
Weighted Round Robin,1,post,26.10971736907959,node-b,41233.62801488571,31.37660026550293
Weighted Round Robin,1,post,26.130907773971558,node-c,129654.00825882104,121.38509750366211
Weighted Round Robin,1,post,26.205101251602173,node-a,118831.84813734145,11201.64442062378
Weighted Round Robin,1,post,26.446045398712158,node-b,152644.19493508321,149.18231964111328
Weighted Round Robin,1,post,26.45969581604004,node-a,217075.6487234717,11153.218746185303
Weighted Round Robin,1,post,26.541499376296997,node-c,117455.39231368856,104.63786125183105
Weighted Round Robin,1,post,26.72260880470276,node-a,89149.76306282265,10202.043056488037
Weighted Round Robin,1,post,26.723694562911987,node-b,47493.86654594003,55.94491958618164
Weighted Round Robin,1,post,26.761250257492065,node-a,111756.20974918496,10273.932933807373
Weighted Round Robin,1,post,26.85442566871643,node-c,126312.3603357382,95.6423282623291
Weighted Round Robin,1,post,27.010935068130493,node-b,120422.17630598572,100.44455528259277
Weighted Round Robin,1,post,27.205373525619507,node-a,39997.8052261531,10098.695278167725
Weighted Round Robin,1,post,27.228359699249268,node-a,196413.17744105431,10692.591190338135
Weighted Round Robin,1,post,27.2333664894104,node-b,144470.33289601098,142.53664016723633
Weighted Round Robin,1,post,27.25668454170227,node-c,87142.6060823483,85.92772483825684
Weighted Round Robin,1,post,27.313843965530396,node-a,91873.9172335986,10516.764640808105
ML-Argmin,1,pre,0.1695423126220703,node-a,119654.26939917752,98.68931770324707
ML-Argmin,1,pre,0.330672025680542,node-b,148647.97144338727,159.10053253173828
ML-Argmin,1,pre,0.49413251876831055,node-c,79022.05985088806,123.84200096130371
ML-Argmin,1,pre,0.5124349594116211,node-c,67232.39374917865,207.05294609069824
ML-Argmin,1,pre,0.5198256969451904,node-c,39117.605618460046,284.257173538208
ML-Argmin,1,pre,0.6196191310882568,node-a,172139.1624641318,136.96551322937012
ML-Argmin,1,pre,0.7178609371185303,node-c,106785.31243693535,275.5465507507324
ML-Argmin,1,pre,0.9334397315979004,node-b,117373.06071423124,97.31388092041016
ML-Argmin,1,pre,0.9409241676330566,node-a,71571.31065757481,72.39508628845215
ML-Argmin,1,pre,1.0097041130065918,node-a,195535.26707952996,288.3267402648926
ML-Argmin,1,pre,1.0154244899749756,node-a,169710.1584409703,275.80738067626953
ML-Argmin,1,pre,1.0883920192718506,node-b,99641.60537716291,89.97464179992676
ML-Argmin,1,pre,1.2079668045043945,node-b,80202.92726988738,90.06404876708984
ML-Argmin,1,pre,1.237576961517334,node-b,88601.25752128064,114.9451732635498
ML-Argmin,1,pre,1.3204598426818848,node-b,71035.44455587307,118.50309371948242
ML-Argmin,1,pre,1.3317761421203613,node-b,107315.57763191349,368.55530738830566
ML-Argmin,1,pre,1.336007833480835,node-b,77820.73270796023,364.32361602783203
ML-Argmin,1,pre,1.3607196807861328,node-b,141919.9268390948,526.648998260498
ML-Argmin,1,pre,1.4217982292175293,node-b,88478.31161231612,566.3037300109863
ML-Argmin,1,pre,1.4510514736175537,node-b,88722.47246302795,669.135570526123
ML-Argmin,1,pre,1.5358195304870605,node-b,228404.5148505335,1383.793830871582
ML-Argmin,1,pre,1.5495030879974365,node-b,73672.67580276162,641.3404941558838
ML-Argmin,1,pre,1.6798994541168213,node-b,48353.267454000015,557.5008392333984
ML-Argmin,1,pre,1.764275074005127,node-b,127179.48277862475,1056.929349899292
ML-Argmin,1,pre,1.8066046237945557,node-c,37470.63228429763,49.47686195373535
ML-Argmin,1,pre,1.8373475074768066,node-b,120865.82677222678,1064.7175312042236
ML-Argmin,1,pre,1.8696770668029785,node-b,173010.4182405778,1225.3539562225342
ML-Argmin,1,pre,1.8736968040466309,node-b,109678.05022555597,1058.7735176086426
ML-Argmin,1,pre,1.8854248523712158,node-b,106391.88231128668,1113.5444641113281
ML-Argmin,1,pre,1.933281421661377,node-c,37984.83748920129,41.895389556884766
ML-Argmin,1,pre,1.959343671798706,node-c,139790.31999063617,428.0376434326172
ML-Argmin,1,pre,2.0489931106567383,node-c,129106.54922227559,565.7134056091309
ML-Argmin,1,pre,2.094423532485962,node-a,58938.40193931722,61.940670013427734
ML-Argmin,1,pre,2.114313840866089,node-c,275634.8869023092,1280.1823616027832
ML-Argmin,1,pre,2.1422157287597656,node-a,57425.22360401192,77.60763168334961
ML-Argmin,1,pre,2.1908435821533203,node-a,45734.20846275025,96.5583324432373
ML-Argmin,1,pre,2.2120113372802734,node-a,42818.1833856984,75.39057731628418
ML-Argmin,1,pre,2.2341766357421875,node-c,107283.75030284094,987.2915744781494
ML-Argmin,1,pre,2.2942440509796143,node-c,125389.81036697161,1123.7845420837402
ML-Argmin,1,pre,2.313295364379883,node-c,132023.33645011295,1779.3874740600586
ML-Argmin,1,pre,2.407180070877075,node-a,89461.80314437416,81.30383491516113
ML-Argmin,1,pre,2.503890037536621,node-a,70538.1876359737,66.50590896606445
ML-Argmin,1,pre,2.580085515975952,node-c,161398.1080722539,2130.566358566284
ML-Argmin,1,pre,2.5832786560058594,node-a,67606.15637248656,61.806678771972656
ML-Argmin,1,pre,2.660752773284912,node-a,57833.699365898974,62.29257583618164
ML-Argmin,1,pre,2.754023313522339,node-c,213395.99615441845,2256.016969680786
ML-Argmin,1,pre,2.832218647003174,node-c,115732.03744383062,1461.4200592041016
ML-Argmin,1,pre,2.851194143295288,node-c,134039.78923679932,2158.334493637085
ML-Argmin,1,pre,2.8726415634155273,node-c,144808.4877228605,2136.8870735168457
ML-Argmin,1,pre,2.885006904602051,node-a,79566.50304639617,107.71751403808594
ML-Argmin,1,pre,2.9089303016662598,node-a,81130.62010932782,159.25860404968262
ML-Argmin,1,pre,2.911635637283325,node-c,145879.7400966874,2801.7919063568115
ML-Argmin,1,pre,2.922215223312378,node-a,77782.47360788342,156.37588500976562
ML-Argmin,1,pre,3.012199878692627,node-c,125273.84342376921,2701.733350753784
ML-Argmin,1,pre,3.287616014480591,node-c,101267.13905898957,2426.3172149658203
ML-Argmin,1,pre,3.327863931655884,node-a,58285.65364019064,127.59160995483398
ML-Argmin,1,pre,3.347564935684204,node-c,171689.41662572703,3256.2320232391357
ML-Argmin,1,pre,3.3759939670562744,node-a,55579.2965598796,89.11800384521484
ML-Argmin,1,pre,3.399996280670166,node-c,118982.14799949704,2825.0129222869873
ML-Argmin,1,pre,3.406240224838257,node-c,109506.51906553147,2910.7344150543213
ML-Argmin,1,pre,3.482750654220581,node-c,199496.6314907078,3715.0092124938965
ML-Argmin,1,pre,3.578151226043701,node-a,60502.16388130385,55.06587028503418
ML-Argmin,1,pre,3.6818933486938477,node-a,80712.49467682323,74.7230052947998
ML-Argmin,1,pre,4.049410104751587,node-a,100719.40380408113,101.31621360778809
ML-Argmin,1,pre,4.191486597061157,node-a,115921.73609017438,81.9542407989502
ML-Argmin,1,pre,4.308278560638428,node-c,163484.84822738767,3207.2179317474365
ML-Argmin,1,pre,4.3767712116241455,node-a,123722.48491775976,169.10266876220703
ML-Argmin,1,pre,4.418984651565552,node-a,107224.20691151342,280.61366081237793
ML-Argmin,1,pre,4.424017429351807,node-a,177090.4533134351,569.6597099304199
ML-Argmin,1,pre,4.487348794937134,node-a,302029.14342847525,692.9409503936768
ML-Argmin,1,pre,4.53391695022583,node-a,53770.72757526354,485.7456684112549
ML-Argmin,1,pre,4.633722305297852,node-a,105595.7843405114,360.5039119720459
ML-Argmin,1,pre,4.775993824005127,node-c,154827.51499010788,4322.80158996582
ML-Argmin,1,pre,4.800394535064697,node-a,110538.41092542617,416.5456295013428
ML-Argmin,1,pre,4.803166627883911,node-c,216981.18100652858,3983.7486743927
ML-Argmin,1,pre,4.863483905792236,node-a,89604.49942134485,393.53060722351074
ML-Argmin,1,pre,5.043022155761719,node-a,63783.20448594567,230.70240020751953
ML-Argmin,1,pre,5.09969687461853,node-c,163652.79954784008,3313.1842613220215
ML-Argmin,1,pre,5.244248867034912,node-b,26470.791373668966,38.442373275756836
ML-Argmin,1,pre,5.296811580657959,node-c,83480.43927100666,2710.6688022613525
ML-Argmin,1,pre,5.387589693069458,node-c,345686.2415383439,4239.379167556763
ML-Argmin,1,pre,5.408276796340942,node-c,107298.37846057897,3015.5539512634277
ML-Argmin,1,pre,5.417834043502808,node-c,126643.22236609798,3781.132459640503
ML-Argmin,1,pre,5.425943613052368,node-c,65804.53150660927,3568.798065185547
ML-Argmin,1,pre,5.435765027999878,node-c,104678.97780791689,3961.2326622009277
ML-Argmin,1,pre,5.441071510314941,node-c,98631.66161704069,4264.216423034668
ML-Argmin,1,pre,5.5547168254852295,node-c,268180.41915368644,6863.287925720215
ML-Argmin,1,pre,5.588008165359497,node-c,63908.38487472544,4911.103248596191
ML-Argmin,1,pre,5.614944219589233,node-b,26618.59201712198,26.592731475830078
ML-Argmin,1,pre,5.681233882904053,node-c,129776.96262022234,5142.008066177368
ML-Argmin,1,pre,5.693628311157227,node-c,229866.71651825486,7121.826648712158
ML-Argmin,1,pre,5.822688341140747,node-c,75050.33076007378,4589.578151702881
ML-Argmin,1,pre,5.9137303829193115,node-b,42552.00801486021,55.3891658782959
ML-Argmin,1,pre,5.939642429351807,node-c,61934.713305190075,5268.860578536987
ML-Argmin,1,pre,5.951320171356201,node-c,131535.47182510747,6553.811550140381
ML-Argmin,1,pre,5.986521005630493,node-c,79946.88111751327,6201.874732971191
ML-Argmin,1,pre,6.0064287185668945,node-c,108167.42840788569,5189.852714538574
ML-Argmin,1,pre,6.015751361846924,node-b,32581.13557596986,43.874502182006836
ML-Argmin,1,pre,6.04775071144104,node-c,81639.25598327503,6270.121335983276
ML-Argmin,1,pre,6.201325178146362,node-c,157059.52429418263,6789.3922328948975
ML-Argmin,1,pre,6.2751874923706055,node-a,92773.54874476211,74.19276237487793
ML-Argmin,1,pre,6.483788013458252,node-a,63463.8596204823,61.82456016540527
ML-Argmin,1,pre,6.626868009567261,node-a,179191.7701984226,183.57014656066895
ML-Argmin,1,pre,6.703595399856567,node-a,173465.8910701059,255.51223754882812
ML-Argmin,1,pre,6.831125974655151,node-a,83913.72355863254,191.07508659362793
ML-Argmin,1,pre,6.878932476043701,node-a,73081.50308105144,143.26858520507812
ML-Argmin,1,pre,6.957328796386719,node-a,200642.08401078187,579.0684223175049
ML-Argmin,1,pre,6.981587648391724,node-a,80441.28271579316,271.85821533203125
ML-Argmin,1,pre,6.995706558227539,node-a,97593.46838467619,422.20520973205566
ML-Argmin,1,pre,7.143737316131592,node-a,260597.0383421941,1033.3662033081055
ML-Argmin,1,pre,7.155513048171997,node-a,116270.78894777429,579.0207386016846
ML-Argmin,1,pre,7.167150974273682,node-a,82663.77681848382,627.3326873779297
ML-Argmin,1,pre,7.1861162185668945,node-c,39420.47084860417,4705.703973770142
ML-Argmin,1,pre,7.255537271499634,node-a,107791.08762191169,478.44696044921875
ML-Argmin,1,pre,7.283222913742065,node-a,101412.51707936876,773.6160755157471
ML-Argmin,1,pre,7.3339526653289795,node-a,77522.71719529411,754.814624786377
ML-Argmin,1,pre,7.477460622787476,node-a,168218.75826165217,742.5525188446045
ML-Argmin,1,pre,7.586183309555054,node-c,55522.30969450177,5000.498533248901
ML-Argmin,1,pre,7.668730735778809,node-c,47992.92223419991,5146.516799926758
ML-Argmin,1,pre,7.680657148361206,node-a,71407.96851015642,394.6647644042969
ML-Argmin,1,pre,7.758414030075073,node-c,103057.3792843034,5254.51922416687
ML-Argmin,1,pre,7.793949365615845,node-c,49280.17673490273,5327.517747879028
ML-Argmin,1,pre,7.800387144088745,node-c,57867.53360519172,5513.493299484253
ML-Argmin,1,pre,7.828502416610718,node-c,68267.58709885331,5557.980537414551
ML-Argmin,1,pre,7.832608699798584,node-c,101179.79229267413,5792.987108230591
ML-Argmin,1,pre,7.896607160568237,node-c,72053.42896517202,6612.797498703003
ML-Argmin,1,pre,7.964898109436035,node-c,166620.69964699418,7029.88076210022
ML-Argmin,1,pre,7.9812188148498535,node-c,33728.742831403666,6226.7279624938965
ML-Argmin,1,pre,7.988225221633911,node-c,124311.35737508093,6609.961748123169
ML-Argmin,1,pre,8.172991514205933,node-c,75273.91271329261,6424.6556758880615
ML-Argmin,1,pre,8.229212045669556,node-c,127621.73806317447,6758.490800857544
ML-Argmin,1,pre,8.336957454681396,node-c,271567.0536184322,7764.799356460571
ML-Argmin,1,pre,8.356652975082397,node-c,97601.04732239223,6742.367506027222
ML-Argmin,1,pre,8.470738172531128,node-c,111501.98864955924,7046.542644500732
ML-Argmin,1,pre,8.587658882141113,node-c,153465.46382928416,7839.4153118133545
ML-Argmin,1,pre,8.593237400054932,node-c,52044.160439630316,7204.062938690186
ML-Argmin,1,pre,8.967633724212646,node-c,140705.86148764763,7654.014825820923
ML-Argmin,1,pre,9.012178421020508,node-c,151967.90414639405,8884.92465019226
ML-Argmin,1,pre,9.110718250274658,node-c,94463.19692535402,7702.161073684692
ML-Argmin,1,pre,9.125274896621704,node-c,140207.9984662558,9384.8876953125
ML-Argmin,1,pre,9.196216106414795,node-c,107872.35856851409,8291.033267974854
ML-Argmin,1,pre,9.214285373687744,node-c,69075.8677037178,8007.383823394775
ML-Argmin,1,pre,9.323733568191528,node-c,52434.84673576756,8182.537078857422
ML-Argmin,1,pre,9.356997013092041,node-c,165250.74113101707,10265.079259872437
ML-Argmin,1,pre,9.411177158355713,node-c,246485.07009831833,10076.082468032837
ML-Argmin,1,pre,9.448340892791748,node-c,68311.71213368057,8371.45185470581
ML-Argmin,1,pre,9.498279809951782,node-c,121711.78698361655,9127.087593078613
ML-Argmin,1,pre,9.534354209899902,node-c,55196.05635284722,9962.12649345398
ML-Argmin,1,pre,9.575993776321411,node-c,80079.15512908196,10022.145986557007
ML-Argmin,1,pre,9.580729722976685,node-c,79102.05528001166,10715.8784866333
ML-Argmin,1,pre,9.686097860336304,node-c,57353.64395226537,9621.261835098267
ML-Argmin,1,pre,9.858983278274536,node-c,97713.26574588924,9857.67126083374
ML-Argmin,1,pre,9.898774862289429,node-c,166592.3261930374,10512.105226516724
ML-Argmin,1,pre,10.136213064193726,node-c,134325.55697755827,11056.93769454956
ML-Argmin,1,pre,10.146219730377197,node-a,78430.34140474182,76.96843147277832
ML-Argmin,1,pre,10.335479497909546,node-c,206924.58745601127,10747.588634490967
ML-Argmin,1,pre,10.364424705505371,node-c,113419.96972227602,10336.862802505493
ML-Argmin,1,pre,10.409068584442139,node-c,250447.2443734577,11995.768070220947
ML-Argmin,1,pre,10.575146198272705,node-a,52968.557462068806,69.74959373474121
ML-Argmin,1,pre,10.588109254837036,node-c,460477.4901898404,13706.204652786255
ML-Argmin,1,pre,10.598120927810669,node-c,93288.20151744378,10710.105419158936
ML-Argmin,1,pre,10.692829370498657,node-a,56432.06992814485,50.89616775512695
ML-Argmin,1,pre,10.759719371795654,node-a,59816.92183644746,65.1235580444336
ML-Argmin,1,pre,10.778676748275757,node-c,162612.22373217624,11926.063537597656
ML-Argmin,1,pre,10.810423851013184,node-c,160420.19431308465,12297.510147094727
ML-Argmin,1,pre,10.86155104637146,node-c,153196.01156752853,11624.44806098938
ML-Argmin,1,pre,10.992396593093872,node-c,138390.3543940742,12020.330667495728
ML-Argmin,1,pre,11.016910791397095,node-a,58107.28734687687,52.11687088012695
ML-Argmin,1,pre,11.07015585899353,node-a,95042.66193347466,108.34908485412598
ML-Argmin,1,pre,11.09374189376831,node-a,32141.881432404673,84.7630500793457
ML-Argmin,1,pre,11.115114688873291,node-a,66002.23925401754,121.57607078552246
ML-Argmin,1,pre,11.26210618019104,node-c,142957.11503455346,11761.132955551147
ML-Argmin,1,pre,11.301142454147339,node-a,39995.89608203431,44.68202590942383
ML-Argmin,1,pre,11.393320322036743,node-c,335825.8274213547,14726.56774520874
ML-Argmin,1,pre,11.413880825042725,node-c,193103.76007454496,13108.126163482666
ML-Argmin,1,pre,11.427054166793823,node-a,57851.62973175353,60.5931282043457
ML-Argmin,1,pre,11.505521535873413,node-c,147522.2158283008,12906.080961227417
ML-Argmin,1,pre,11.600937604904175,node-c,135672.81941769941,13791.179895401001
ML-Argmin,1,pre,11.670873880386353,node-a,95916.600810074,76.45750045776367
ML-Argmin,1,pre,11.822189807891846,node-a,90048.67423118152,70.67346572875977
ML-Argmin,1,pre,11.898006200790405,node-a,101981.79083083784,93.01137924194336
ML-Argmin,1,pre,12.053287029266357,node-c,135645.08485507287,15047.754764556885
ML-Argmin,1,pre,12.246620416641235,node-c,131276.98706410083,15074.646472930908
ML-Argmin,1,post,12.622731447219849,node-a,57935.816267986804,182.87062644958496
ML-Argmin,1,post,12.695911169052124,node-a,71905.47549388732,223.91414642333984
ML-Argmin,1,post,12.919825315475464,node-a,91966.95736473156,191.30301475524902
ML-Argmin,1,post,13.111128330230713,node-a,48785.368890035286,101.36055946350098
ML-Argmin,1,post,13.212488889694214,node-a,52542.69822518533,100.71825981140137
ML-Argmin,1,post,17.22166919708252,node-a,60934.47822805264,59.90338325500488
ML-Argmin,1,post,17.487754583358765,node-a,73681.61461889163,125.05435943603516
ML-Argmin,1,post,17.897610664367676,node-a,34656.69546471495,28.29146385192871
ML-Argmin,1,post,19.487766981124878,node-a,51855.490379824994,54.616689682006836
ML-Argmin,1,post,20.701287508010864,node-a,76056.90180011994,120.68390846252441
ML-Argmin,1,post,22.404836654663086,node-a,50440.01903815954,36.94963455200195
ML-Argmin,1,post,22.48599910736084,node-a,61441.770225232765,120.26166915893555
ML-Argmin,1,post,23.013235569000244,node-a,61393.330638533014,105.76915740966797
ML-Argmin,1,post,23.023772954940796,node-a,82251.97395719671,516.3817405700684
ML-Argmin,1,post,23.10793399810791,node-a,75608.66394344022,511.26718521118164
ML-Argmin,1,post,27.101041793823242,node-a,62487.63792817951,109.73215103149414
ML-Argmin,1,post,27.46732807159424,node-a,67993.8861129101,55.721282958984375
ML-Argmin,1,post,27.82118511199951,node-a,59103.314508421274,93.8558578491211
ML-Argmin,1,post,27.848557233810425,node-a,81675.67911072685,362.03622817993164
ML-Argmin,1,post,27.915040969848633,node-a,66430.09762249445,310.75596809387207
ML-Argmin,1,post,28.152440786361694,node-a,75140.77035557527,293.83039474487305
ML-Argmin,1,post,28.225796937942505,node-a,77431.71179937485,310.7750415802002
ML-Argmin,1,post,28.537081003189087,node-a,75774.97001091138,178.60174179077148
ML-Argmin,1,post,28.71568274497986,node-a,48274.735502384494,105.9722900390625
ML-Argmin,1,post,30.018893718719482,node-a,78338.91294341805,102.86808013916016
ML-Argmin,1,post,31.451517581939697,node-a,72162.12568901753,60.20045280456543
ML-Argmin,1,post,31.84011435508728,node-a,71698.9567143843,72.89004325866699
ML-Argmin,1,post,32.95868420600891,node-a,60009.54224791505,64.80169296264648
ML-Argmin,1,post,33.64225101470947,node-a,72057.3367060379,68.86529922485352
ML-Argmin,1,post,34.57493805885315,node-a,52015.86574421094,56.05769157409668
ML-Argmin,1,post,34.63162612915039,node-a,80782.6011433891,118.47877502441406
ML-Argmin,1,post,35.842113971710205,node-a,55814.937033731265,55.63855171203613
ML-Argmin,1,post,35.89775252342224,node-a,51416.18981174978,41.11361503601074
ML-Argmin,1,post,35.93886613845825,node-a,80943.46683048658,174.97682571411133
ML-Argmin,1,post,36.101768016815186,node-a,81424.78656285298,131.5903663635254
ML-Argmin,1,post,42.337427854537964,node-a,50464.69796539789,51.989078521728516
ML-Argmin,1,post,42.415796995162964,node-a,63884.149111374136,92.27609634399414
ML-Argmin,1,post,47.31811571121216,node-a,57674.68965626617,87.83745765686035
ML-Argmin,1,post,47.40595316886902,node-a,76314.76439194145,122.19071388244629
ML-Argmin,1,post,48.03574061393738,node-a,70257.16334607518,79.4684886932373
ML-Argmin,1,post,48.115209102630615,node-a,72564.92206942511,109.68160629272461
ML-Argmin,1,post,48.22489070892334,node-a,56247.95585701227,101.38487815856934
ML-Argmin,1,post,49.76312255859375,node-a,41233.62801488571,54.42047119140625
ML-Argmin,1,post,52.7658257484436,node-a,39997.8052261531,44.79575157165527
ML-Softmax,1,pre,0.16947317123413086,node-b,119654.26939917752,106.26029968261719
ML-Softmax,1,pre,0.3310368061065674,node-a,148647.97144338727,112.44511604309082
ML-Softmax,1,pre,0.49225759506225586,node-b,79022.05985088806,78.94015312194824
ML-Softmax,1,pre,0.5160598754882812,node-b,67232.39374917865,173.31242561340332
ML-Softmax,1,pre,0.5196192264556885,node-b,39117.605618460046,169.7530746459961
ML-Softmax,1,pre,0.6183555126190186,node-c,172139.1624641318,305.77993392944336
ML-Softmax,1,pre,0.7178552150726318,node-c,106785.31243693535,316.9891834259033
ML-Softmax,1,pre,0.9316079616546631,node-b,117373.06071423124,201.60651206970215
ML-Softmax,1,pre,0.9358794689178467,node-b,71571.31065757481,144.7591781616211
ML-Softmax,1,pre,1.0115668773651123,node-a,195535.26707952996,158.84160995483398
ML-Softmax,1,pre,1.014831304550171,node-c,169710.1584409703,309.56149101257324
ML-Softmax,1,pre,1.0892460346221924,node-a,99641.60537716291,141.9506072998047
ML-Softmax,1,pre,1.2084112167358398,node-b,80202.92726988738,64.73827362060547
ML-Softmax,1,pre,1.235938310623169,node-b,88601.25752128064,138.9029026031494
ML-Softmax,1,pre,1.320662260055542,node-a,71035.44455587307,78.98592948913574
ML-Softmax,1,pre,1.33194899559021,node-b,107315.57763191349,332.29708671569824
ML-Softmax,1,pre,1.338862419128418,node-b,77820.73270796023,235.8264923095703
ML-Softmax,1,pre,1.3593685626983643,node-b,141919.9268390948,402.30846405029297
ML-Softmax,1,pre,1.4193625450134277,node-a,88478.31161231612,139.90187644958496
ML-Softmax,1,pre,1.4520957469940186,node-a,88722.47246302795,130.16843795776367
ML-Softmax,1,pre,1.5339980125427246,node-a,228404.5148505335,314.7885799407959
ML-Softmax,1,pre,1.5547916889190674,node-a,73672.67580276162,173.60949516296387
ML-Softmax,1,pre,1.6781415939331055,node-a,48353.267454000015,156.30316734313965
ML-Softmax,1,pre,1.7627568244934082,node-b,127179.48277862475,183.6831569671631
ML-Softmax,1,pre,1.8082060813903809,node-a,37470.63228429763,70.11675834655762
ML-Softmax,1,pre,1.8371522426605225,node-b,120865.82677222678,300.11725425720215
ML-Softmax,1,pre,1.870168924331665,node-a,173010.4182405778,220.45469284057617
ML-Softmax,1,pre,1.8729400634765625,node-b,109678.05022555597,364.3810749053955
ML-Softmax,1,pre,1.8864474296569824,node-a,106391.88231128668,204.1761875152588
ML-Softmax,1,pre,1.9330496788024902,node-c,37984.83748920129,43.83707046508789
ML-Softmax,1,pre,1.9579658508300781,node-a,139790.31999063617,299.5903491973877
ML-Softmax,1,pre,2.049506187438965,node-a,129106.54922227559,256.8938732147217
ML-Softmax,1,pre,2.0971131324768066,node-c,58938.40193931722,67.30914115905762
ML-Softmax,1,pre,2.1104490756988525,node-b,275634.8869023092,370.8364963531494
ML-Softmax,1,pre,2.1464591026306152,node-c,57425.22360401192,272.4275588989258
ML-Softmax,1,pre,2.1874189376831055,node-c,45734.20846275025,236.58514022827148
ML-Softmax,1,pre,2.2113230228424072,node-c,42818.1833856984,223.036527633667
ML-Softmax,1,pre,2.2367703914642334,node-a,107283.75030284094,204.04720306396484
ML-Softmax,1,pre,2.295022964477539,node-a,125389.81036697161,224.01165962219238
ML-Softmax,1,pre,2.3134348392486572,node-a,132023.33645011295,262.5699043273926
ML-Softmax,1,pre,2.4070651531219482,node-a,89461.80314437416,307.6815605163574
ML-Softmax,1,pre,2.5046145915985107,node-a,70538.1876359737,192.02947616577148
ML-Softmax,1,pre,2.5787179470062256,node-a,161398.1080722539,350.16655921936035
ML-Softmax,1,pre,2.5819287300109863,node-a,67606.15637248656,229.86173629760742
ML-Softmax,1,pre,2.6604535579681396,node-c,57833.699365898974,55.96518516540527
ML-Softmax,1,pre,2.754504680633545,node-a,213395.99615441845,290.6336784362793
ML-Softmax,1,pre,2.8340156078338623,node-b,115732.03744383062,209.55228805541992
ML-Softmax,1,pre,2.8520305156707764,node-b,134039.78923679932,502.98619270324707
ML-Softmax,1,pre,2.8732240200042725,node-b,144808.4877228605,484.5447540283203
ML-Softmax,1,pre,2.8862736225128174,node-c,79566.50304639617,253.5099983215332
ML-Softmax,1,pre,2.9096462726593018,node-c,81130.62010932782,617.5816059112549
ML-Softmax,1,pre,2.912297248840332,node-c,145879.7400966874,630.3935050964355
ML-Softmax,1,pre,2.922339916229248,node-b,77782.47360788342,355.0240993499756
ML-Softmax,1,pre,3.0123131275177,node-c,125273.84342376921,620.246171951294
ML-Softmax,1,pre,3.287980794906616,node-a,101267.13905898957,93.44339370727539
ML-Softmax,1,pre,3.325538396835327,node-a,58285.65364019064,119.81439590454102
ML-Softmax,1,pre,3.3475470542907715,node-a,171689.41662572703,550.743579864502
ML-Softmax,1,pre,3.3770763874053955,node-a,55579.2965598796,120.28694152832031
ML-Softmax,1,pre,3.3992574214935303,node-a,118982.14799949704,454.00428771972656
ML-Softmax,1,pre,3.4077203273773193,node-a,109506.51906553147,541.597843170166
ML-Softmax,1,pre,3.481243848800659,node-a,199496.6314907078,523.7588882446289
ML-Softmax,1,pre,3.577444553375244,node-c,60502.16388130385,143.9533233642578
ML-Softmax,1,pre,3.684095621109009,node-b,80712.49467682323,78.50456237792969
ML-Softmax,1,pre,4.047717094421387,node-b,100719.40380408113,72.95060157775879
ML-Softmax,1,pre,4.193514585494995,node-b,115921.73609017438,148.82516860961914
ML-Softmax,1,pre,4.305202484130859,node-a,163484.84822738767,165.93503952026367
ML-Softmax,1,pre,4.381099224090576,node-a,123722.48491775976,159.2879295349121
ML-Softmax,1,pre,4.419942140579224,node-b,107224.20691151342,169.46125030517578
ML-Softmax,1,pre,4.422069549560547,node-b,177090.4533134351,308.8679313659668
ML-Softmax,1,pre,4.488588571548462,node-c,302029.14342847525,820.9729194641113
ML-Softmax,1,pre,4.530983924865723,node-c,53770.72757526354,200.48952102661133
ML-Softmax,1,pre,4.6358606815338135,node-a,105595.7843405114,98.31476211547852
ML-Softmax,1,pre,4.773743152618408,node-c,154827.51499010788,546.5166568756104
ML-Softmax,1,pre,4.800776243209839,node-b,110538.41092542617,137.8173828125
ML-Softmax,1,pre,4.803338289260864,node-a,216981.18100652858,278.35798263549805
ML-Softmax,1,pre,4.864879131317139,node-a,89604.49942134485,169.40760612487793
ML-Softmax,1,pre,5.042815446853638,node-a,63783.20448594567,134.80806350708008
ML-Softmax,1,pre,5.099262237548828,node-a,163652.79954784008,166.29886627197266
ML-Softmax,1,pre,5.244457960128784,node-a,26470.791373668966,42.26970672607422
ML-Softmax,1,pre,5.298480033874512,node-b,83480.43927100666,85.56604385375977
ML-Softmax,1,pre,5.388347148895264,node-b,345686.2415383439,763.0131244659424
ML-Softmax,1,pre,5.407515048980713,node-b,107298.37846057897,372.99108505249023
ML-Softmax,1,pre,5.416545152664185,node-b,126643.22236609798,543.0495738983154
ML-Softmax,1,pre,5.426724433898926,node-c,65804.53150660927,83.58240127563477
ML-Softmax,1,pre,5.434468507766724,node-c,104678.97780791689,207.122802734375
ML-Softmax,1,pre,5.438876628875732,node-a,98631.66161704069,99.8239517211914
ML-Softmax,1,pre,5.554914236068726,node-a,268180.41915368644,406.85343742370605
ML-Softmax,1,pre,5.590089797973633,node-a,63908.38487472544,93.94145011901855
ML-Softmax,1,pre,5.613055467605591,node-a,26618.59201712198,101.45258903503418
ML-Softmax,1,pre,5.68131685256958,node-a,129776.96262022234,290.1780605316162
ML-Softmax,1,pre,5.691396474838257,node-b,229866.71651825486,591.3441181182861
ML-Softmax,1,pre,5.8244688510894775,node-a,75050.33076007378,295.01843452453613
ML-Softmax,1,pre,5.913549900054932,node-a,42552.00801486021,124.50194358825684
ML-Softmax,1,pre,5.937264680862427,node-a,61934.713305190075,197.95656204223633
ML-Softmax,1,pre,5.949531078338623,node-a,131535.47182510747,252.3977756500244
ML-Softmax,1,pre,5.984731435775757,node-c,79946.88111751327,161.7875099182129
ML-Softmax,1,pre,6.008367538452148,node-c,108167.42840788569,722.9409217834473
ML-Softmax,1,pre,6.013601779937744,node-c,32581.13557596986,221.3115692138672
ML-Softmax,1,pre,6.047726154327393,node-c,81639.25598327503,673.1295585632324
ML-Softmax,1,pre,6.202876329421997,node-c,157059.52429418263,727.6225090026855
ML-Softmax,1,pre,6.273662090301514,node-c,92773.54874476211,554.8572540283203
ML-Softmax,1,pre,6.484642744064331,node-b,63463.8596204823,70.69158554077148
ML-Softmax,1,pre,6.624448537826538,node-b,179191.7701984226,217.16928482055664
ML-Softmax,1,pre,6.703624963760376,node-b,173465.8910701059,391.5231227874756
ML-Softmax,1,pre,6.8328258991241455,node-b,83913.72355863254,226.287841796875
ML-Softmax,1,pre,6.881214618682861,node-a,73081.50308105144,77.16965675354004
ML-Softmax,1,pre,6.954637765884399,node-a,200642.08401078187,438.2514953613281
ML-Softmax,1,pre,6.9802892208099365,node-a,80441.28271579316,159.47961807250977
ML-Softmax,1,pre,6.997023105621338,node-c,97593.46838467619,132.5078010559082
ML-Softmax,1,pre,7.14455771446228,node-c,260597.0383421941,398.59461784362793
ML-Softmax,1,pre,7.153852939605713,node-a,116270.78894777429,236.40871047973633
ML-Softmax,1,pre,7.166245460510254,node-a,82663.77681848382,186.83242797851562
ML-Softmax,1,pre,7.186009168624878,node-b,39420.47084860417,47.08743095397949
ML-Softmax,1,pre,7.254918575286865,node-b,107791.08762191169,173.1102466583252
ML-Softmax,1,pre,7.282666921615601,node-b,101412.51707936876,264.7213935852051
ML-Softmax,1,pre,7.3321919441223145,node-b,77522.71719529411,234.17425155639648
ML-Softmax,1,pre,7.479591369628906,node-a,168218.75826165217,171.9951629638672
ML-Softmax,1,pre,7.583912372589111,node-a,55522.30969450177,101.16910934448242
ML-Softmax,1,pre,7.667709589004517,node-b,47992.92223419991,48.54130744934082
ML-Softmax,1,pre,7.67906379699707,node-b,71407.96851015642,90.61717987060547
ML-Softmax,1,pre,7.760058879852295,node-b,103057.3792843034,115.3562068939209
ML-Softmax,1,pre,7.790568590164185,node-a,49280.17673490273,53.76267433166504
ML-Softmax,1,pre,7.801350355148315,node-c,57867.53360519172,118.31188201904297
ML-Softmax,1,pre,7.828388929367065,node-c,68267.58709885331,185.5919361114502
ML-Softmax,1,pre,7.831967115402222,node-a,101179.79229267413,103.88016700744629
ML-Softmax,1,pre,7.893804550170898,node-a,72053.42896517202,95.40939331054688
ML-Softmax,1,pre,7.9656383991241455,node-a,166620.69964699418,161.27490997314453
ML-Softmax,1,pre,7.982809543609619,node-c,33728.742831403666,57.901859283447266
ML-Softmax,1,pre,7.98627781867981,node-b,124311.35737508093,107.02157020568848
ML-Softmax,1,pre,8.175242900848389,node-a,75273.91271329261,68.91584396362305
ML-Softmax,1,pre,8.230040788650513,node-a,127621.73806317447,114.37726020812988
ML-Softmax,1,pre,8.330578327178955,node-b,271567.0536184322,418.0607795715332
ML-Softmax,1,pre,8.360257148742676,node-b,97601.04732239223,289.78824615478516
ML-Softmax,1,pre,8.47362494468689,node-c,111501.98864955924,151.32904052734375
ML-Softmax,1,pre,8.586320638656616,node-a,153465.46382928416,235.57448387145996
ML-Softmax,1,pre,8.593955755233765,node-a,52044.160439630316,117.2935962677002
ML-Softmax,1,pre,8.967215538024902,node-a,140705.86148764763,199.4941234588623
ML-Softmax,1,pre,9.01287841796875,node-a,151967.90414639405,210.89649200439453
ML-Softmax,1,pre,9.110514163970947,node-a,94463.19692535402,282.9751968383789
ML-Softmax,1,pre,9.124825716018677,node-a,140207.9984662558,283.2200527191162
ML-Softmax,1,pre,9.196942806243896,node-c,107872.35856851409,317.86608695983887
ML-Softmax,1,pre,9.214075565338135,node-c,69075.8677037178,425.2324104309082
ML-Softmax,1,pre,9.323609352111816,node-c,52434.84673576756,327.1303176879883
ML-Softmax,1,pre,9.359058856964111,node-a,165250.74113101707,175.37522315979004
ML-Softmax,1,pre,9.411239624023438,node-b,246485.07009831833,456.4661979675293
ML-Softmax,1,pre,9.44756555557251,node-c,68311.71213368057,597.1848964691162
ML-Softmax,1,pre,9.499867677688599,node-c,121711.78698361655,730.0755977630615
ML-Softmax,1,pre,9.529831171035767,node-b,55196.05635284722,126.79004669189453
ML-Softmax,1,pre,9.57441258430481,node-c,80079.15512908196,558.1953525543213
ML-Softmax,1,pre,9.57441258430481,node-b,79102.05528001166,293.84374618530273
ML-Softmax,1,pre,9.690097093582153,node-c,57353.64395226537,540.3509140014648
ML-Softmax,1,pre,9.859082698822021,node-a,97713.26574588924,106.26101493835449
ML-Softmax,1,pre,9.898401737213135,node-a,166592.3261930374,162.8718376159668
ML-Softmax,1,pre,10.13423228263855,node-a,134325.55697755827,191.47467613220215
ML-Softmax,1,pre,10.145532369613647,node-a,78430.34140474182,182.32011795043945
ML-Softmax,1,pre,10.336998224258423,node-a,206924.58745601127,221.2066650390625
ML-Softmax,1,pre,10.362396955490112,node-b,113419.96972227602,133.9437961578369
ML-Softmax,1,pre,10.409666776657104,node-a,250447.2443734577,358.5951328277588
ML-Softmax,1,pre,10.574767827987671,node-b,52968.557462068806,153.3193588256836
ML-Softmax,1,pre,10.58730959892273,node-a,460477.4901898404,545.9134578704834
ML-Softmax,1,pre,10.599761486053467,node-b,93288.20151744378,183.64906311035156
ML-Softmax,1,pre,10.6905517578125,node-c,56432.06992814485,44.10386085510254
ML-Softmax,1,pre,10.759885549545288,node-a,59816.92183644746,151.29470825195312
ML-Softmax,1,pre,10.778921127319336,node-c,162612.22373217624,246.26803398132324
ML-Softmax,1,pre,10.810813903808594,node-b,160420.19431308465,546.7023849487305
ML-Softmax,1,pre,10.862064838409424,node-b,153196.01156752853,465.5940532684326
ML-Softmax,1,pre,10.992377519607544,node-a,138390.3543940742,257.9972743988037
ML-Softmax,1,pre,11.01675796508789,node-b,58107.28734687687,345.6096649169922
ML-Softmax,1,pre,11.06798005104065,node-a,95042.66193347466,274.6865749359131
ML-Softmax,1,pre,11.095357894897461,node-c,32141.881432404673,41.0001277923584
ML-Softmax,1,pre,11.114200353622437,node-a,66002.23925401754,199.50580596923828
ML-Softmax,1,pre,11.261073112487793,node-a,142957.11503455346,220.52597999572754
ML-Softmax,1,pre,11.302199602127075,node-c,39995.89608203431,52.02913284301758
ML-Softmax,1,pre,11.390485525131226,node-a,335825.8274213547,305.5720329284668
ML-Softmax,1,pre,11.415980100631714,node-b,193103.76007454496,417.2358512878418
ML-Softmax,1,pre,11.426843404769897,node-c,57851.62973175353,67.93570518493652
ML-Softmax,1,pre,11.505617618560791,node-b,147522.2158283008,488.2073402404785
ML-Softmax,1,pre,11.60261869430542,node-b,135672.81941769941,385.2505683898926
ML-Softmax,1,pre,11.66671109199524,node-c,95916.600810074,80.93070983886719
ML-Softmax,1,pre,11.752949237823486,node-a,138126.17770612307,135.08319854736328
ML-Softmax,1,pre,11.821606636047363,node-a,90048.67423118152,110.3675365447998
ML-Softmax,1,pre,11.895491361618042,node-a,101981.79083083784,120.4214096069336
ML-Softmax,1,pre,12.04963207244873,node-a,135645.08485507287,106.3222885131836
ML-Softmax,1,pre,12.246201276779175,node-a,131276.98706410083,257.17806816101074
ML-Softmax,1,pre,12.294158458709717,node-a,122515.0883742183,430.47356605529785
ML-Softmax,1,pre,12.29733395576477,node-a,123816.28918031554,436.0060691833496
ML-Softmax,1,pre,12.394930362701416,node-b,169270.3483027176,174.87263679504395
ML-Softmax,1,post,12.454167127609253,node-a,155099.48514258146,500.96917152404785
ML-Softmax,1,post,12.622218370437622,node-c,57935.816267986804,67.7328109741211
ML-Softmax,1,post,12.693138122558594,node-b,71905.47549388732,72.75223731994629
ML-Softmax,1,post,12.701847553253174,node-c,218440.64718054188,341.04347229003906
ML-Softmax,1,post,12.776790857315063,node-b,229998.64174475634,577.0659446716309
ML-Softmax,1,post,12.815830707550049,node-b,139246.86102028337,761.415958404541
ML-Softmax,1,post,12.825632810592651,node-b,91966.95736473156,337.4900817871094
ML-Softmax,1,post,12.843869686126709,node-b,159184.17845103034,692.296028137207
ML-Softmax,1,post,13.08245849609375,node-a,148599.3625933427,164.8578643798828
ML-Softmax,1,post,13.108737230300903,node-c,48785.368890035286,100.44646263122559
ML-Softmax,1,post,13.128066062927246,node-c,109455.2586792173,311.0225200653076
ML-Softmax,1,post,13.159016847610474,node-c,52542.69822518533,268.5375213623047
ML-Softmax,1,post,13.29979395866394,node-c,84121.86836049151,450.6683349609375
ML-Softmax,1,post,13.376919984817505,node-c,107584.43993812852,536.8998050689697
ML-Softmax,1,post,13.390007495880127,node-c,250303.71291262758,1733.093500137329
ML-Softmax,1,post,13.391526460647583,node-c,36753.89186631158,717.9775238037109
ML-Softmax,1,post,13.420310735702515,node-c,88613.86385278111,1488.5704517364502
ML-Softmax,1,post,13.431955575942993,node-c,148968.65050098553,2281.0919284820557
ML-Softmax,1,post,13.572410821914673,node-c,147846.67177505337,1868.760347366333
ML-Softmax,1,post,13.580984354019165,node-a,162063.5411859904,552.3684024810791
ML-Softmax,1,post,13.627864122390747,node-a,64435.18483968733,298.663854598999
ML-Softmax,1,post,13.69612979888916,node-c,99273.60543837358,1648.1225490570068
ML-Softmax,1,post,13.896424531936646,node-c,84033.08638886869,1442.481279373169
ML-Softmax,1,post,13.918042182922363,node-a,203899.2730617034,1226.0572910308838
ML-Softmax,1,post,14.035543441772461,node-c,98849.23862782108,1485.7163429260254
ML-Softmax,1,post,14.08944821357727,node-c,106860.34382698603,1747.9817867279053
ML-Softmax,1,post,14.205273389816284,node-a,116514.41860963852,826.6704082489014
ML-Softmax,1,post,14.234295845031738,node-c,55023.87465350377,1606.684923171997
ML-Softmax,1,post,14.256224393844604,node-a,137179.58839877078,1079.4963836669922
ML-Softmax,1,post,14.270764827728271,node-a,60934.47822805264,947.8011131286621
ML-Softmax,1,post,14.345264911651611,node-a,116055.65242323944,1286.5383625030518
ML-Softmax,1,post,14.387192964553833,node-c,73681.61461889163,1636.6257667541504
ML-Softmax,1,post,14.451290130615234,node-a,192796.2866436191,2972.756862640381
ML-Softmax,1,post,14.539911985397339,node-b,107925.54391231266,88.74154090881348
ML-Softmax,1,post,14.615811824798584,node-a,278095.46418346197,3014.3752098083496
ML-Softmax,1,post,14.692067384719849,node-a,34656.69546471495,1458.5387706756592
ML-Softmax,1,post,14.784242868423462,node-a,210326.48404738764,4469.642639160156
ML-Softmax,1,post,14.791627645492554,node-b,162794.29761323842,151.8723964691162
ML-Softmax,1,post,14.891409158706665,node-a,122579.31109791767,2527.808427810669
ML-Softmax,1,post,14.979504108428955,node-a,319289.37903608795,5247.977495193481
ML-Softmax,1,post,15.011903524398804,node-b,51855.490379824994,170.8810329437256
ML-Softmax,1,post,15.029823780059814,node-b,117775.83944061372,453.4742832183838
ML-Softmax,1,post,15.076761245727539,node-a,197571.2925480194,3173.320770263672
ML-Softmax,1,post,15.218059062957764,node-b,143464.9151865811,442.4424171447754
ML-Softmax,1,post,15.239444732666016,node-b,87638.98860597401,331.64143562316895
ML-Softmax,1,post,15.3378586769104,node-b,146418.27588374415,701.4026641845703
ML-Softmax,1,post,15.542149305343628,node-b,86045.9037795076,301.99170112609863
ML-Softmax,1,post,15.57277250289917,node-b,89310.4226272456,480.00288009643555
ML-Softmax,1,post,15.867409229278564,node-a,76056.90180011994,2150.7441997528076
ML-Softmax,1,post,15.872902393341064,node-a,179400.66501393775,3375.2119541168213
ML-Softmax,1,post,15.874478816986084,node-a,123787.07672331601,2968.8260555267334
ML-Softmax,1,post,16.002065420150757,node-b,372676.29479120794,561.23948097229
ML-Softmax,1,post,16.047210216522217,node-a,161735.95825557332,4180.27138710022
ML-Softmax,1,post,16.086314916610718,node-b,50440.01903815954,167.78016090393066
ML-Softmax,1,post,16.223764657974243,node-a,158186.28645772068,3608.063220977783
ML-Softmax,1,post,16.394156455993652,node-a,61441.770225232765,2959.6805572509766
ML-Softmax,1,post,16.453531980514526,node-a,92241.15148328245,3870.1300621032715
ML-Softmax,1,post,16.5943546295166,node-c,113642.69585135432,227.4341583251953
ML-Softmax,1,post,16.666382312774658,node-c,61393.330638533014,185.05406379699707
ML-Softmax,1,post,16.703460931777954,node-c,82251.97395719671,425.731897354126
ML-Softmax,1,post,16.71761393547058,node-c,75608.66394344022,519.6123123168945
ML-Softmax,1,post,16.810577869415283,node-c,113630.1280655381,736.9799613952637
ML-Softmax,1,post,16.960529804229736,node-a,102077.60782127746,3675.2123832702637
ML-Softmax,1,post,17.14598560333252,node-c,100524.62555084143,579.5960426330566
ML-Softmax,1,post,17.16306757926941,node-c,248552.08097117144,1845.7608222961426
ML-Softmax,1,post,17.23882794380188,node-c,138894.9373214,1901.1991024017334
ML-Softmax,1,post,17.269073486328125,node-c,131497.09866145434,2382.0135593414307
ML-Softmax,1,post,17.389923572540283,node-c,183303.13726632108,1533.249855041504
ML-Softmax,1,post,17.406458139419556,node-c,268709.89048142923,3126.4235973358154
ML-Softmax,1,post,17.408473014831543,node-a,213068.64231746751,3739.2807006835938
ML-Softmax,1,post,17.433849811553955,node-c,62487.63792817951,1105.2558422088623
ML-Softmax,1,post,17.440196752548218,node-c,137903.82320279363,2903.057098388672
ML-Softmax,1,post,17.46874213218689,node-c,155930.4933211116,2959.3024253845215
ML-Softmax,1,post,17.50566005706787,node-c,171458.01752100672,2631.272554397583
ML-Softmax,1,post,17.515228033065796,node-c,98685.81121946141,2303.5755157470703
ML-Softmax,1,post,17.725581645965576,node-b,109781.01152009539,224.6108055114746
ML-Softmax,1,post,17.746288776397705,node-b,67993.8861129101,119.74549293518066
ML-Softmax,1,post,17.82655119895935,node-b,88077.57907344286,258.12506675720215
ML-Softmax,1,post,17.843645572662354,node-b,59103.314508421274,528.0447006225586
ML-Softmax,1,post,17.879238605499268,node-c,200235.65928584032,3242.4824237823486
ML-Softmax,1,post,17.884655475616455,node-b,81675.67911072685,273.00119400024414
ML-Softmax,1,post,17.89164423942566,node-c,66430.09762249445,2827.8393745422363
ML-Softmax,1,post,17.894267797470093,node-b,122751.32482590238,597.9704856872559
ML-Softmax,1,post,18.00212049484253,node-b,111707.33674102108,443.112850189209
ML-Softmax,1,post,18.030970096588135,node-c,75140.77035557527,2815.9570693969727
ML-Softmax,1,post,18.07514524459839,node-c,127844.27688541893,3444.525718688965
ML-Softmax,1,post,18.13848114013672,node-c,77431.71179937485,3070.748805999756
ML-Softmax,1,post,18.149043798446655,node-b,136657.26954336656,636.3694667816162
ML-Softmax,1,post,18.35080885887146,node-c,104479.28661943367,3364.3391132354736
ML-Softmax,1,post,18.389304637908936,node-c,118059.84598913041,3450.2038955688477
ML-Softmax,1,post,18.39559292793274,node-b,87528.32660986278,395.18022537231445
ML-Softmax,1,post,18.401253938674927,node-b,75774.97001091138,492.22826957702637
ML-Softmax,1,post,18.435861825942993,node-c,120304.47001611593,3882.5154304504395
ML-Softmax,1,post,18.44523334503174,node-c,48274.735502384494,3569.2803859710693
ML-Softmax,1,post,18.464481115341187,node-b,211634.72479182432,668.485164642334
ML-Softmax,1,post,18.519805669784546,node-c,84322.29433896566,3808.1395626068115
ML-Softmax,1,post,18.522462606430054,node-b,299115.7208967821,1360.4693412780762
ML-Softmax,1,post,18.5454204082489,node-c,148174.44369960565,4093.5873985290527
ML-Softmax,1,post,18.653229475021362,node-b,101089.16855437131,1126.5807151794434
ML-Softmax,1,post,18.69928288459778,node-b,78338.91294341805,860.2633476257324
ML-Softmax,1,post,18.725441932678223,node-c,137290.21303950492,4492.69437789917
ML-Softmax,1,post,18.73105788230896,node-b,133470.3400495387,1061.1495971679688
ML-Softmax,1,post,18.912175178527832,node-c,131375.29196939978,5006.225347518921
ML-Softmax,1,post,18.93398642539978,node-c,161143.65821155973,4902.491331100464
ML-Softmax,1,post,18.948134422302246,node-c,112490.72995341505,4600.785255432129
ML-Softmax,1,post,19.023996114730835,node-c,187731.16419230957,5222.691059112549
ML-Softmax,1,post,19.1791570186615,node-c,72162.12568901753,4540.970087051392
ML-Softmax,1,post,19.399943590164185,node-c,95657.35123881152,4651.970624923706
ML-Softmax,1,post,19.49275803565979,node-c,144351.24133785258,5155.548095703125
ML-Softmax,1,post,19.61539125442505,node-c,71698.9567143843,4800.146818161011
ML-Softmax,1,post,19.68993043899536,node-c,108222.70471164456,5056.558132171631
ML-Softmax,1,post,19.702900409698486,node-c,228146.50794454364,6030.876398086548
ML-Softmax,1,post,19.782965183258057,node-c,111647.20435217858,6347.525835037231
ML-Softmax,1,post,19.794310569763184,node-c,83741.2841387437,5744.3907260894775
ML-Softmax,1,post,19.862529516220093,node-c,186266.8069235166,6775.407075881958
ML-Softmax,1,post,19.914225339889526,node-c,60009.54224791505,6019.680500030518
ML-Softmax,1,post,19.941032886505127,node-c,89720.63365262507,6374.752759933472
ML-Softmax,1,post,19.989089965820312,node-c,180443.64252620435,6930.629014968872
ML-Softmax,1,post,20.054449796676636,node-c,72057.3367060379,6265.627861022949
ML-Softmax,1,post,20.068207263946533,node-a,120468.01584156833,1162.163496017456
ML-Softmax,1,post,20.094262838363647,node-c,102265.1416872309,6322.677373886108
ML-Softmax,1,post,20.129485368728638,node-c,231869.0265431954,7503.742694854736
ML-Softmax,1,post,20.133721351623535,node-c,52015.86574421094,6808.271646499634
ML-Softmax,1,post,20.15290379524231,node-c,80782.6011433891,7162.793397903442
ML-Softmax,1,post,20.225417375564575,node-c,90018.72110567531,7416.678667068481
ML-Softmax,1,post,20.304518461227417,node-c,127660.92175416625,7318.986177444458
ML-Softmax,1,post,20.348851680755615,node-c,139555.46984986306,7901.383876800537
ML-Softmax,1,post,20.3854718208313,node-c,130870.5014858115,7854.477643966675
ML-Softmax,1,post,20.417124271392822,node-c,215306.15668558233,9026.99065208435
ML-Softmax,1,post,20.493568420410156,node-c,148187.55795726058,9115.182161331177
ML-Softmax,1,post,20.52595043182373,node-c,55814.937033731265,7996.67763710022
ML-Softmax,1,post,20.589484930038452,node-c,51416.18981174978,8237.444639205933
ML-Softmax,1,post,20.63410997390747,node-b,80943.46683048658,98.64640235900879
ML-Softmax,1,post,20.673702001571655,node-b,81424.78656285298,97.76186943054199
ML-Softmax,1,post,20.874805212020874,node-c,85123.64677954058,8954.701662063599
ML-Softmax,1,post,21.01953101158142,node-c,178902.8546171484,8989.352941513062
ML-Softmax,1,post,21.087332487106323,node-c,77237.52435378736,8349.917650222778
ML-Softmax,1,post,21.17162322998047,node-c,184387.78383982673,9651.298522949219
ML-Softmax,1,post,21.17990493774414,node-c,188074.93761044092,9843.795776367188
ML-Softmax,1,post,21.210843086242676,node-c,107563.36047802801,9017.589092254639
ML-Softmax,1,post,21.29926872253418,node-c,81604.57151576507,9208.974599838257
ML-Softmax,1,post,21.373998403549194,node-c,201648.73430563492,10034.02066230774
ML-Softmax,1,post,21.389688968658447,node-c,69382.83102341021,9557.815551757812
ML-Softmax,1,post,21.60210156440735,node-b,134552.59274706984,280.1527976989746
ML-Softmax,1,post,21.605258226394653,node-b,121361.10049568559,271.7161178588867
ML-Softmax,1,post,21.679581880569458,node-c,202601.34238370904,10147.879123687744
ML-Softmax,1,post,21.690714597702026,node-a,126712.30840493829,248.4574317932129
ML-Softmax,1,post,21.855899810791016,node-c,107025.49892681515,9676.858186721802
ML-Softmax,1,post,21.86506986618042,node-a,179482.3118714991,682.204008102417
ML-Softmax,1,post,21.971592664718628,node-c,87570.72536225116,9971.161603927612
ML-Softmax,1,post,21.984490156173706,node-a,140287.34751013835,659.8794460296631
ML-Softmax,1,post,22.29454517364502,node-a,113166.52048111224,723.4842777252197
ML-Softmax,1,post,22.337560653686523,node-c,107761.7296735464,9611.024856567383
ML-Softmax,1,post,22.416273832321167,node-a,50464.69796539789,418.52879524230957
ML-Softmax,1,post,22.484997034072876,node-c,105678.96167376993,9831.446170806885
ML-Softmax,1,post,22.532353162765503,node-a,63884.149111374136,496.8578815460205
ML-Softmax,1,post,22.631910800933838,node-c,138032.8628666001,10299.255847930908
ML-Softmax,1,post,22.680574655532837,node-a,346321.51188034256,1837.1520042419434
ML-Softmax,1,post,22.872934103012085,node-a,94580.72577780602,671.1862087249756
ML-Softmax,1,post,22.877835988998413,node-a,167452.39822727628,1073.1990337371826
ML-Softmax,1,post,23.24550700187683,node-b,175360.3271715634,143.60499382019043
ML-Softmax,1,post,23.299521684646606,node-c,59531.435535147575,9614.28451538086
ML-Softmax,1,post,23.321606874465942,node-c,150890.0674162832,9611.137628555298
ML-Softmax,1,post,23.36197328567505,node-c,90458.83109355089,9569.72336769104
ML-Softmax,1,post,23.448849201202393,node-b,84993.40779441892,73.27675819396973
ML-Softmax,1,post,23.516628742218018,node-c,159607.63619481918,9911.614894866943
ML-Softmax,1,post,23.661888599395752,node-b,80200.73757999485,74.24092292785645
ML-Softmax,1,post,23.81736135482788,node-c,82122.35237557773,9499.486684799194
ML-Softmax,1,post,23.88353729248047,node-b,154700.8732805247,204.12945747375488
ML-Softmax,1,post,23.993160486221313,node-b,201826.58028281145,381.8316459655762
ML-Softmax,1,post,24.039065837860107,node-a,109481.65447748237,478.15394401550293
ML-Softmax,1,post,24.044899225234985,node-c,147839.36950621562,9768.8889503479
ML-Softmax,1,post,24.083258390426636,node-b,52104.61302448435,172.32799530029297
ML-Softmax,1,post,24.103973865509033,node-c,100658.41016250035,9718.789100646973
ML-Softmax,1,post,24.23727321624756,node-b,132416.678198604,701.676607131958
ML-Softmax,1,post,24.256866693496704,node-b,69474.97896498324,238.85250091552734
ML-Softmax,1,post,24.3426353931427,node-c,146169.03393928317,9787.982702255249
ML-Softmax,1,post,24.50002932548523,node-b,121943.31346428627,527.6370048522949
ML-Softmax,1,post,24.509576320648193,node-b,122172.43373135518,462.460994720459
ML-Softmax,1,post,24.572312831878662,node-b,191521.60458405362,879.3201446533203
ML-Softmax,1,post,24.756699085235596,node-b,199386.46311843942,817.2528743743896
ML-Softmax,1,post,24.788143157958984,node-b,57674.68965626617,598.353385925293
ML-Softmax,1,post,24.824580669403076,node-b,76314.76439194145,555.9663772583008
ML-Softmax,1,post,24.871159553527832,node-c,138610.1238031853,9472.128629684448
ML-Softmax,1,post,24.884899377822876,node-c,91099.61596764639,9738.71111869812
ML-Softmax,1,post,24.89658212661743,node-c,286449.2257964674,10833.40859413147
ML-Softmax,1,post,25.110638856887817,node-c,184089.36009388012,10426.000833511353
ML-Softmax,1,post,25.274449825286865,node-c,70257.16334607518,9633.516788482666
ML-Softmax,1,post,25.31879186630249,node-c,72564.92206942511,10019.999742507935
ML-Softmax,1,post,25.33849549293518,node-c,56247.95585701227,10170.135021209717
ML-Softmax,1,post,25.431255102157593,node-c,127510.17800701421,10710.765838623047
ML-Softmax,1,post,25.733776807785034,node-a,78245.81513110461,92.38481521606445
ML-Softmax,1,post,25.87923765182495,node-a,75532.42994535102,350.57735443115234
ML-Softmax,1,post,25.916717529296875,node-a,56250.85261854185,500.76818466186523
ML-Softmax,1,post,25.959319829940796,node-a,165231.76898129258,1578.1521797180176
ML-Softmax,1,post,26.035974740982056,node-a,72894.5339283182,589.1396999359131
ML-Softmax,1,post,26.088807582855225,node-a,67328.0284276636,748.2650279998779
ML-Softmax,1,post,26.111490726470947,node-a,41233.62801488571,635.5113983154297
ML-Softmax,1,post,26.13314700126648,node-a,129654.00825882104,1398.8897800445557
ML-Softmax,1,post,26.204861164093018,node-b,118831.84813734145,126.5108585357666
ML-Softmax,1,post,26.45087170600891,node-a,152644.19493508321,1583.7764739990234
ML-Softmax,1,post,26.460578203201294,node-a,217075.6487234717,1971.0562229156494
ML-Softmax,1,post,26.542607069015503,node-a,117455.39231368856,2279.559373855591
ML-Softmax,1,post,26.72510600090027,node-a,89149.76306282265,1907.9830646514893
ML-Softmax,1,post,26.726666688919067,node-a,47493.86654594003,1609.0974807739258
ML-Softmax,1,post,26.763378620147705,node-a,111756.20974918496,2085.4835510253906
ML-Softmax,1,post,26.853693962097168,node-a,126312.3603357382,2409.3408584594727
ML-Softmax,1,post,27.01274061203003,node-a,120422.17630598572,2429.232120513916
ML-Softmax,1,post,27.20673155784607,node-a,39997.8052261531,2210.630178451538
ML-Softmax,1,post,27.230275869369507,node-c,196413.17744105431,9278.664112091064
ML-Softmax,1,post,27.23693823814392,node-c,144470.33289601098,9291.465044021606
ML-Softmax,1,post,27.255943536758423,node-a,87142.6060823483,2482.410192489624
ML-Softmax,1,post,27.31624174118042,node-a,91873.9172335986,2415.219306945801
Round Robin,2,pre,0.16625070571899414,node-a,218213.31842459957,148.75245094299316
Round Robin,2,pre,0.3279871940612793,node-b,111457.60703084857,104.05850410461426
Round Robin,2,pre,0.491924524307251,node-c,124694.67280236154,144.45042610168457
Round Robin,2,pre,0.5112490653991699,node-a,186927.89235352064,158.3843231201172
Round Robin,2,pre,0.5179746150970459,node-b,159910.40836183788,133.8057518005371
Round Robin,2,pre,0.6171157360076904,node-c,141453.3524410636,284.7721576690674
Round Robin,2,pre,0.7151439189910889,node-a,87610.9903703628,95.14808654785156
Round Robin,2,pre,0.9302747249603271,node-b,63628.08540957609,68.04776191711426
Round Robin,2,pre,0.9354031085968018,node-c,127814.01390221507,164.63899612426758
Round Robin,2,pre,1.0077431201934814,node-a,81983.00650204683,83.54067802429199
Round Robin,2,pre,1.012441873550415,node-b,160149.7276613798,130.91135025024414
Round Robin,2,pre,1.0878026485443115,node-c,117697.6404377512,144.84429359436035
Round Robin,2,pre,1.206866979598999,node-a,72955.12798029001,64.81504440307617
Round Robin,2,pre,1.2336747646331787,node-b,121068.24249804058,101.33171081542969
Round Robin,2,pre,1.3187634944915771,node-c,150970.12660419452,307.7411651611328
Round Robin,2,pre,1.3290684223175049,node-a,115729.06363961918,97.12910652160645
Round Robin,2,pre,1.3355989456176758,node-b,71608.02823073413,79.10895347595215
Round Robin,2,pre,1.3569865226745605,node-c,120742.0247362599,549.8533248901367
Round Robin,2,pre,1.4194068908691406,node-a,126594.94691661684,109.36236381530762
Round Robin,2,pre,1.447737455368042,node-b,159913.8816702961,117.92302131652832
Round Robin,2,pre,1.5340259075164795,node-c,151943.5323477367,569.2007541656494
Round Robin,2,pre,1.5494005680084229,node-a,67246.36643380923,62.32810020446777
Round Robin,2,pre,1.6763155460357666,node-b,82566.66805819259,80.5349349975586
Round Robin,2,pre,1.7605745792388916,node-c,143358.47430391939,650.8243083953857
Round Robin,2,pre,1.8060553073883057,node-a,45315.64974169424,44.33012008666992
Round Robin,2,pre,1.8346116542816162,node-b,156195.1439530117,217.37909317016602
Round Robin,2,pre,1.8658318519592285,node-c,69600.15529685577,539.2742156982422
Round Robin,2,pre,1.8717541694641113,node-a,85764.39304135942,77.1021842956543
Round Robin,2,pre,1.884361743927002,node-b,217927.34118280868,473.12140464782715
Round Robin,2,pre,1.9309167861938477,node-c,102539.72647625259,1191.3585662841797
Round Robin,2,pre,1.9577686786651611,node-a,91063.05423411833,86.88974380493164
Round Robin,2,pre,2.0451772212982178,node-b,121899.66573644752,320.14966011047363
Round Robin,2,pre,2.0940842628479004,node-c,101040.2843769901,935.6930255889893
Round Robin,2,pre,2.1104323863983154,node-a,77442.61668888119,71.24185562133789
Round Robin,2,pre,2.1420722007751465,node-b,119991.45302657786,464.6897315979004
Round Robin,2,pre,2.186375141143799,node-c,308248.6183349313,2749.7048377990723
Round Robin,2,pre,2.2106552124023438,node-a,167721.8765202017,136.32893562316895
Round Robin,2,pre,2.232668161392212,node-b,131820.95622140958,401.7963409423828
Round Robin,2,pre,2.2934410572052,node-c,120437.84923104082,1224.8108386993408
Round Robin,2,pre,2.314818859100342,node-a,157809.13203342384,127.19178199768066
Round Robin,2,pre,2.4051060676574707,node-b,144681.6495914063,452.05235481262207
Round Robin,2,pre,2.501347064971924,node-c,69001.2033442377,708.9738845825195
Round Robin,2,pre,2.5755696296691895,node-a,136458.52613701043,111.34099960327148
Round Robin,2,pre,2.5808115005493164,node-b,108702.0554711866,269.0751552581787
Round Robin,2,pre,2.6592278480529785,node-c,249739.9268553279,2678.269386291504
Round Robin,2,pre,2.7524869441986084,node-a,95292.74944174572,89.25795555114746
Round Robin,2,pre,2.829801321029663,node-b,198020.91207502445,397.249698638916
Round Robin,2,pre,2.8491287231445312,node-c,59421.096437589345,1060.0814819335938
Round Robin,2,pre,2.871194362640381,node-a,123834.75801374593,150.06470680236816
Round Robin,2,pre,2.8827767372131348,node-b,74200.53474110871,172.00350761413574
Round Robin,2,pre,2.907240867614746,node-c,68292.6631255583,1116.3520812988281
Round Robin,2,pre,2.9087703227996826,node-a,156828.53976737894,206.11286163330078
Round Robin,2,pre,2.920884132385254,node-b,64775.03990311567,305.64236640930176
Round Robin,2,pre,3.0109734535217285,node-c,98833.53138028491,1984.708309173584
Round Robin,2,pre,3.2874982357025146,node-a,74552.21479954233,66.6654109954834
Round Robin,2,pre,3.3254573345184326,node-b,129082.557018691,109.71617698669434
Round Robin,2,pre,3.344898223876953,node-c,121668.61496709446,1458.6997032165527
Round Robin,2,pre,3.3726322650909424,node-a,35877.1713952675,41.09525680541992
Round Robin,2,pre,3.397045850753784,node-b,150375.51156504397,167.0670509338379
Round Robin,2,pre,3.4063756465911865,node-c,78084.97404680376,1426.6207218170166
Round Robin,2,pre,3.4808804988861084,node-a,288990.51593539614,199.90181922912598
Round Robin,2,pre,3.575850486755371,node-b,164780.26744658782,163.1159782409668
Round Robin,2,pre,3.680224895477295,node-c,170855.38445046582,2440.5994415283203
Round Robin,2,pre,4.046078205108643,node-a,32662.090327117512,38.13314437866211
Round Robin,2,pre,4.19119119644165,node-b,254512.03922270326,247.39527702331543
Round Robin,2,pre,4.304929494857788,node-c,109511.90856971427,1822.7756023406982
Round Robin,2,pre,4.376650094985962,node-a,55275.256617759995,58.667659759521484
Round Robin,2,pre,4.417428731918335,node-b,125036.85461884315,154.0389060974121
Round Robin,2,pre,4.420799732208252,node-c,202722.76865848014,3101.748466491699
Round Robin,2,pre,4.4867048263549805,node-a,48976.21694540695,48.42400550842285
Round Robin,2,pre,4.52936577796936,node-b,180741.4129857124,213.24801445007324
Round Robin,2,pre,4.63353157043457,node-c,91413.92758223484,1561.6371631622314
Round Robin,2,pre,4.780816555023193,node-a,81204.50174534754,74.88632202148438
Round Robin,2,pre,4.796209096908569,node-b,87141.38485593077,71.31719589233398
Round Robin,2,pre,4.799400329589844,node-c,71480.6287554426,1511.1806392669678
Round Robin,2,pre,4.863255739212036,node-a,118174.01539082656,105.44967651367188
Round Robin,2,pre,5.039536476135254,node-b,121035.69226641765,92.67115592956543
Round Robin,2,pre,5.096038103103638,node-c,178195.4629776408,2024.6789455413818
Round Robin,2,pre,5.243371486663818,node-a,212311.13597099026,160.98713874816895
Round Robin,2,pre,5.294865369796753,node-b,91490.34472977764,77.3019790649414
Round Robin,2,pre,5.385868072509766,node-c,181168.85728987886,2138.7386322021484
Round Robin,2,pre,5.405435562133789,node-a,60650.054317633025,55.91583251953125
Round Robin,2,pre,5.415064096450806,node-b,146044.40599747308,237.56003379821777
Round Robin,2,pre,5.424926996231079,node-c,62584.069902216645,1369.9805736541748
Round Robin,2,pre,5.433014869689941,node-a,81252.30330619596,83.98818969726562
Round Robin,2,pre,5.436362981796265,node-b,143612.45941904746,270.13444900512695
Round Robin,2,pre,5.555016756057739,node-c,74559.75776394318,1389.0902996063232
Round Robin,2,pre,5.586029052734375,node-a,135712.6829001382,108.61873626708984
Round Robin,2,pre,5.612660646438599,node-b,52521.570601488296,132.3103904724121
Round Robin,2,pre,5.677053451538086,node-c,75527.27630821263,2043.7376499176025
Round Robin,2,pre,5.6900129318237305,node-a,138371.44789793502,120.36848068237305
Round Robin,2,pre,5.822356462478638,node-b,221505.19387872738,214.58983421325684
Round Robin,2,pre,5.9113929271698,node-c,60735.25994119714,1991.4770126342773
Round Robin,2,pre,5.933878421783447,node-a,229413.92149047562,253.26299667358398
Round Robin,2,pre,5.948059558868408,node-b,121097.94509989381,294.65627670288086
Round Robin,2,pre,5.98437762260437,node-c,319955.3556408464,3717.480421066284
Round Robin,2,pre,6.006717205047607,node-a,91903.06180031507,179.87298965454102
Round Robin,2,pre,6.011652946472168,node-b,83262.61359693868,230.53979873657227
Round Robin,2,pre,6.0455639362335205,node-c,124633.86123717103,2165.938377380371
Round Robin,2,pre,6.200706481933594,node-a,62960.52020738735,47.34444618225098
Round Robin,2,pre,6.270298004150391,node-b,113124.85776853017,96.37308120727539
Round Robin,2,pre,6.483052968978882,node-c,103142.78702012755,1824.3308067321777
Round Robin,2,pre,6.624077320098877,node-a,202436.6787934618,157.60064125061035
Round Robin,2,pre,6.7012975215911865,node-b,125577.48676878189,115.28491973876953
Round Robin,2,pre,6.828880548477173,node-c,57849.81407137689,1897.7820873260498
Round Robin,2,pre,6.878689527511597,node-a,56262.78260919485,59.25917625427246
Round Robin,2,pre,6.9525158405303955,node-b,66759.93373838057,49.10469055175781
Round Robin,2,pre,6.978953123092651,node-c,39053.9584329441,1623.703956604004
Round Robin,2,pre,6.993851661682129,node-a,37435.687393403605,42.11068153381348
Round Robin,2,pre,7.141997575759888,node-b,297358.4559712549,526.6506671905518
Round Robin,2,pre,7.151747465133667,node-c,70902.23696239552,2083.0907821655273
Round Robin,2,pre,7.164364576339722,node-a,199031.12053762726,150.8009433746338
Round Robin,2,pre,7.1860387325286865,node-b,74073.64433606842,163.3744239807129
Round Robin,2,pre,7.252759218215942,node-c,87250.66809787253,2068.748712539673
Round Robin,2,pre,7.281249761581421,node-a,46224.35989219092,68.16339492797852
Round Robin,2,pre,7.328232765197754,node-b,197108.20921418018,428.513765335083
Round Robin,2,pre,7.47721004486084,node-c,87812.07084383666,1849.6143817901611
Round Robin,2,pre,7.583665132522583,node-a,240319.8538693721,183.11524391174316
Round Robin,2,pre,7.664398431777954,node-b,75500.97188660632,153.1975269317627
Round Robin,2,pre,7.6759772300720215,node-c,199563.97666278764,3825.2322673797607
Round Robin,2,pre,7.758331298828125,node-a,220377.80958509035,209.45191383361816
Round Robin,2,pre,7.789785146713257,node-b,51005.137561874566,61.95712089538574
Round Robin,2,pre,7.798177242279053,node-c,132959.5267691617,2609.095811843872
Round Robin,2,pre,7.825453519821167,node-a,64195.76969845652,135.6334686279297
Round Robin,2,pre,7.830284118652344,node-b,60363.411125764105,95.58415412902832
Round Robin,2,pre,7.8933610916137695,node-c,112701.95900297708,2917.860984802246
Round Robin,2,pre,7.960529327392578,node-a,158197.55595403787,128.0076503753662
Round Robin,2,pre,7.980947494506836,node-b,206033.2788852547,188.94600868225098
Round Robin,2,pre,7.9841437339782715,node-c,89792.58615725704,2724.992036819458
Round Robin,2,pre,8.171990871429443,node-a,172729.78164989504,140.6257152557373
Round Robin,2,pre,8.227705955505371,node-b,139873.0188860312,105.8511734008789
Round Robin,2,pre,8.330381393432617,node-c,105498.81499823197,2087.998151779175
Round Robin,2,pre,8.354740619659424,node-a,66594.88907882475,55.405378341674805
Round Robin,2,pre,8.470557451248169,node-b,108112.61172418865,98.24275970458984
Round Robin,2,pre,8.583822250366211,node-c,598346.4975434506,5944.685459136963
Round Robin,2,pre,8.590039014816284,node-a,66879.65519607144,57.268619537353516
Round Robin,2,pre,8.964693546295166,node-b,97343.81090915356,84.68198776245117
Round Robin,2,pre,9.011504173278809,node-c,68158.23393630906,1588.4599685668945
Round Robin,2,pre,9.10779356956482,node-a,208406.19271255654,186.1560344696045
Round Robin,2,pre,9.124530792236328,node-b,257634.29274614493,332.658052444458
Round Robin,2,pre,9.19242238998413,node-c,204816.35926088237,4602.254867553711
Round Robin,2,pre,9.212097644805908,node-a,281092.3544582931,270.9686756134033
Round Robin,2,pre,9.323161125183105,node-b,101773.18245903993,237.0903491973877
Round Robin,2,pre,9.355004072189331,node-c,241677.4375960463,3046.2448596954346
Round Robin,2,pre,9.409085988998413,node-a,70298.45191990283,109.05599594116211
Round Robin,2,pre,9.44566035270691,node-b,227555.69672433857,568.4897899627686
Round Robin,2,pre,9.49759578704834,node-c,220355.2022919788,3833.9693546295166
Round Robin,2,pre,9.529812574386597,node-a,77527.26482530926,82.68427848815918
Round Robin,2,pre,9.572201490402222,node-b,168286.94166818928,387.5312805175781
Round Robin,2,pre,9.574284791946411,node-c,61856.90444857818,3126.9278526306152
Round Robin,2,pre,9.6835355758667,node-a,52682.816264068606,54.69083786010742
Round Robin,2,pre,9.856577157974243,node-b,52912.93225855121,175.54020881652832
Round Robin,2,pre,9.896700382232666,node-c,60969.9222489509,2612.1225357055664
Round Robin,2,pre,10.13153624534607,node-a,59824.23875112267,44.56472396850586
Round Robin,2,pre,10.143471717834473,node-b,99574.76599762234,81.14242553710938
Round Robin,2,pre,10.335074424743652,node-c,249522.33935689338,4184.869289398193
Round Robin,2,pre,10.360575675964355,node-a,92633.39674482694,81.24113082885742
Round Robin,2,pre,10.4067542552948,node-b,68942.87116652673,49.47829246520996
Round Robin,2,pre,10.574754238128662,node-c,147261.85073473316,3250.746726989746
Round Robin,2,pre,10.58331823348999,node-a,92844.89875971882,78.24158668518066
Round Robin,2,pre,10.59624981880188,node-b,109835.52144200479,112.88595199584961
Round Robin,2,pre,10.689069032669067,node-c,127741.19551709681,3228.057622909546
Round Robin,2,pre,10.75707459449768,node-a,130334.83922551262,111.13810539245605
Round Robin,2,pre,10.776666402816772,node-b,74575.350095239,55.67789077758789
Round Robin,2,pre,10.80748200416565,node-c,92767.60884113966,3411.4599227905273
Round Robin,2,pre,10.858729839324951,node-a,166768.79174821536,121.89531326293945
Round Robin,2,pre,10.99010682106018,node-b,86969.26859527297,80.50894737243652
Round Robin,2,pre,11.014923095703125,node-c,92999.45216783627,3906.6848754882812
Round Robin,2,pre,11.067615270614624,node-a,122095.5499709237,105.69286346435547
Round Robin,2,pre,11.092027187347412,node-b,129302.21621782823,124.71151351928711
Round Robin,2,pre,11.113087177276611,node-c,89527.59843819555,3903.7997722625732
Round Robin,2,pre,11.259750843048096,node-a,138709.3764617829,118.77608299255371
Round Robin,2,pre,11.29820203781128,node-b,104489.01608911462,88.95611763000488
Round Robin,2,pre,11.390847206115723,node-c,54544.72448643392,3421.5590953826904
Round Robin,2,pre,11.411718130111694,node-a,144863.6358168491,112.22290992736816
Round Robin,2,pre,11.424602270126343,node-b,67949.87952299506,63.443899154663086
Round Robin,2,pre,11.503262042999268,node-c,483900.159027796,5912.979602813721
Round Robin,2,pre,11.600844383239746,node-a,121255.39048944013,93.48917007446289
Round Robin,2,pre,11.666749954223633,node-b,91223.17074295388,79.63299751281738
Round Robin,2,pre,11.748536348342896,node-c,160566.60350698358,4166.186094284058
Round Robin,2,pre,11.818732976913452,node-a,218245.9137634305,158.5845947265625
Round Robin,2,pre,11.894280195236206,node-b,223880.29121497835,215.5630588531494
Round Robin,2,pre,12.04967188835144,node-c,122376.2772654135,3671.7517375946045
Round Robin,2,pre,12.244502067565918,node-a,179570.89543583003,130.9661865234375
Round Robin,2,pre,12.290231227874756,node-b,149625.4244515642,142.78054237365723
Round Robin,2,pre,12.296600341796875,node-c,110157.04872010525,3839.287519454956
Round Robin,2,pre,12.39300012588501,node-a,49478.328977244884,46.98801040649414
Round Robin,2,post,12.451616764068604,node-b,106566.18291696778,86.57407760620117
Round Robin,2,post,12.6195068359375,node-c,29187.71490520153,3313.1637573242188
Round Robin,2,post,12.69182538986206,node-a,67673.61977134302,60.4856014251709
Round Robin,2,post,12.701212644577026,node-b,208133.36883841024,262.99524307250977
Round Robin,2,post,12.774093866348267,node-c,115240.76474990943,3930.3691387176514
Round Robin,2,post,12.813323974609375,node-a,103145.22089347088,131.78181648254395
Round Robin,2,post,12.821430206298828,node-b,68126.82615807439,145.47109603881836
Round Robin,2,post,12.840441226959229,node-c,68747.38710563972,3984.1177463531494
Round Robin,2,post,13.079643487930298,node-a,74828.63260091827,66.3602352142334
Round Robin,2,post,13.107543230056763,node-b,52563.87215809876,54.98027801513672
Round Robin,2,post,13.125490427017212,node-c,33848.499864860736,3493.734836578369
Round Robin,2,post,13.156114339828491,node-a,176323.73704637637,397.04036712646484
Round Robin,2,post,13.298550128936768,node-b,240672.4599439869,269.29402351379395
Round Robin,2,post,13.373512983322144,node-c,76535.51112696729,3557.8126907348633
Round Robin,2,post,13.387656688690186,node-a,154460.06890337676,560.9886646270752
Round Robin,2,post,13.388187885284424,node-b,56836.029187296306,142.94934272766113
Round Robin,2,post,13.418770790100098,node-c,125358.4485266038,4281.471490859985
Round Robin,2,post,13.429797649383545,node-a,52626.6439172561,422.18804359436035
Round Robin,2,post,13.571078062057495,node-b,165789.76504629658,195.37734985351562
Round Robin,2,post,13.578516244888306,node-c,108005.69946039325,4129.722833633423
Round Robin,2,post,13.625784873962402,node-a,55580.948502297404,295.6066131591797
Round Robin,2,post,13.69600796699524,node-b,138335.2093606862,172.6241111755371
Round Robin,2,post,13.894420862197876,node-c,240028.41599784963,5109.9700927734375
Round Robin,2,post,13.913915634155273,node-a,105430.34537875067,599.5504856109619
Round Robin,2,post,14.033166885375977,node-b,102992.43471963843,91.05610847473145
Round Robin,2,post,14.08618712425232,node-c,105688.00494322715,3818.8095092773438
Round Robin,2,post,14.205538511276245,node-a,111909.2667845413,536.2815856933594
Round Robin,2,post,14.229864597320557,node-b,196377.11303107353,189.2223358154297
Round Robin,2,post,14.25319790840149,node-c,200461.4418466268,5647.737503051758
Round Robin,2,post,14.270271062850952,node-a,36602.558243676765,255.6169033050537
Round Robin,2,post,14.34224271774292,node-b,192307.43661564428,390.1183605194092
Round Robin,2,post,14.387356519699097,node-c,94920.7024923591,4540.182113647461
Round Robin,2,post,14.447202920913696,node-a,241870.9865697281,1976.1497974395752
Round Robin,2,post,14.535671472549438,node-b,132307.6487810209,327.2225856781006
Round Robin,2,post,14.615063190460205,node-c,170084.5581446378,5319.09441947937
Round Robin,2,post,14.687419891357422,node-a,81245.5843662284,447.90124893188477
Round Robin,2,post,14.783859252929688,node-b,53768.91929943072,131.42108917236328
Round Robin,2,post,14.785867929458618,node-c,118482.33676792201,4531.1431884765625
Round Robin,2,post,14.88951826095581,node-a,170218.95709774297,1154.585361480713
Round Robin,2,post,14.97936201095581,node-b,151848.8679548389,143.56660842895508
Round Robin,2,post,15.00978422164917,node-c,155436.86305753337,5922.172784805298
Round Robin,2,post,15.026138544082642,node-a,117623.90820172158,1087.3181819915771
Round Robin,2,post,15.075127124786377,node-b,150520.36879865042,181.76913261413574
Round Robin,2,post,15.215020418167114,node-c,69487.8660330493,4520.18404006958
Round Robin,2,post,15.237494468688965,node-a,97732.28565088607,1011.0645294189453
Round Robin,2,post,15.336281299591064,node-b,48164.82199504199,61.52963638305664
Round Robin,2,post,15.540971994400024,node-c,102171.57224973959,4653.36537361145
Round Robin,2,post,15.568624019622803,node-a,89867.17059529426,1162.656545639038
Round Robin,2,post,15.865354299545288,node-b,107803.23522243656,88.05489540100098
Round Robin,2,post,15.870210409164429,node-c,176925.49518747363,5142.777442932129
Round Robin,2,post,15.87233304977417,node-a,108334.32124380568,1048.9113330841064
Round Robin,2,post,16.00001072883606,node-b,24517.79481296957,44.09289360046387
Round Robin,2,post,16.04462194442749,node-c,208486.09750618594,5649.558544158936
Round Robin,2,post,16.086549282073975,node-a,113312.94129430827,752.1200180053711
Round Robin,2,post,16.22151231765747,node-b,154854.5901983375,118.5297966003418
Round Robin,2,post,16.39233088493347,node-c,70596.16125926025,4312.957525253296
Round Robin,2,post,16.44929075241089,node-a,158822.58404132997,1663.8007164001465
Round Robin,2,post,16.594382762908936,node-b,226208.11271286613,262.4671459197998
Round Robin,2,post,16.66398286819458,node-c,46692.82095186679,3945.5182552337646
Round Robin,2,post,16.6987087726593,node-a,194250.8800445946,1814.6204948425293
Round Robin,2,post,16.71546506881714,node-b,65696.99447412546,149.23381805419922
Round Robin,2,post,16.810569763183594,node-c,71366.54965163015,4202.418088912964
Round Robin,2,post,16.95770788192749,node-a,105025.7414821986,781.2273502349854
Round Robin,2,post,17.142274856567383,node-b,298454.2470902574,470.99900245666504
Round Robin,2,post,17.162843942642212,node-c,42424.48280982193,3672.8391647338867
Round Robin,2,post,17.233682870864868,node-a,76195.00013681319,1014.8169994354248
Round Robin,2,post,17.26890993118286,node-b,107154.66716004397,385.90002059936523
Round Robin,2,post,17.387285947799683,node-c,145454.76462361164,4207.123041152954
Round Robin,2,post,17.40273427963257,node-a,99130.54422161706,926.0249137878418
Round Robin,2,post,17.406699419021606,node-b,130139.61027968214,437.7899169921875
Round Robin,2,post,17.431122303009033,node-c,62457.75161743906,4072.338104248047
Round Robin,2,post,17.436868906021118,node-a,154593.597285403,1686.3946914672852
Round Robin,2,post,17.468850135803223,node-b,178055.50393605273,467.9286479949951
Round Robin,2,post,17.503128051757812,node-c,60389.11493359494,4216.304302215576
Round Robin,2,post,17.511806964874268,node-a,70697.02543803833,1213.1612300872803
Round Robin,2,post,17.723400115966797,node-b,128098.60563933243,495.3267574310303
Round Robin,2,post,17.744130611419678,node-c,124079.9792054047,4470.759153366089
Round Robin,2,post,17.82646131515503,node-a,136941.07180141992,1318.7201023101807
Round Robin,2,post,17.84013080596924,node-b,56889.57582847403,273.47397804260254
Round Robin,2,post,17.875662803649902,node-c,86231.53258722594,4318.602800369263
Round Robin,2,post,17.881426334381104,node-a,82117.94746789703,1131.575345993042
Round Robin,2,post,17.890074491500854,node-b,207811.02067755413,554.8079013824463
Round Robin,2,post,17.890578269958496,node-c,100237.47051930545,4504.712820053101
Round Robin,2,post,18.00224542617798,node-a,81563.99286031356,1121.0181713104248
Round Robin,2,post,18.026536464691162,node-b,66632.56567311268,323.6098289489746
Round Robin,2,post,18.074429750442505,node-c,105165.4714177063,4425.662279129028
Round Robin,2,post,18.13403010368347,node-a,191580.22604395245,2284.9838733673096
Round Robin,2,post,18.14649271965027,node-b,48133.83776963968,265.80190658569336
Round Robin,2,post,18.34909725189209,node-c,111423.9461925741,4455.939531326294
Round Robin,2,post,18.386331796646118,node-a,135879.0678238477,2032.682180404663
Round Robin,2,post,18.3916175365448,node-b,286464.85378330556,632.5781345367432
Round Robin,2,post,18.39894461631775,node-c,148164.60899869652,4715.458631515503
Round Robin,2,post,18.433112859725952,node-a,207993.58813365016,2414.677143096924
Round Robin,2,post,18.4427227973938,node-b,107548.95664164053,413.252592086792
Round Robin,2,post,18.464919328689575,node-c,52201.82436379145,4452.47220993042
Round Robin,2,post,18.516112804412842,node-a,51345.38906274144,2097.1133708953857
Round Robin,2,post,18.518802404403687,node-b,73176.32322850969,325.64473152160645
Round Robin,2,post,18.54409909248352,node-c,112557.54050625555,5056.378364562988
Round Robin,2,post,18.65203833580017,node-a,90938.08663624784,2094.7210788726807
Round Robin,2,post,18.658093214035034,node-b,83055.93017385181,374.1316795349121
Round Robin,2,post,18.724968194961548,node-c,261691.67329798266,8396.285057067871
Round Robin,2,post,18.727906227111816,node-a,31419.92615996716,1706.2675952911377
Round Robin,2,post,18.91222620010376,node-b,61913.92481622444,217.4515724182129
Round Robin,2,post,18.929625511169434,node-c,351215.4698861071,7502.011060714722
Round Robin,2,post,18.946555852890015,node-a,122759.769924736,2098.806619644165
Round Robin,2,post,19.021525144577026,node-b,74909.21630865114,148.3592987060547
Round Robin,2,post,19.17735505104065,node-c,59631.05039628698,4534.809350967407
Round Robin,2,post,19.39734435081482,node-a,157703.5385249165,2115.6857013702393
Round Robin,2,post,19.492780208587646,node-b,149483.9719226128,135.70094108581543
Round Robin,2,post,19.612040281295776,node-c,158132.2511753922,5502.628803253174
Round Robin,2,post,19.687848806381226,node-a,54635.277508150444,1554.2175769805908
Round Robin,2,post,19.700849294662476,node-b,112442.02610133163,105.90529441833496
Round Robin,2,post,19.78100609779358,node-c,93988.92992877011,4753.440380096436
Round Robin,2,post,19.79268503189087,node-a,131343.10978650517,2154.9642086029053
Round Robin,2,post,19.861019134521484,node-b,46472.2707131857,75.31237602233887
Round Robin,2,post,19.913593530654907,node-c,141779.47399966652,4985.605955123901
Round Robin,2,post,19.93843388557434,node-a,227912.2600376685,3894.534111022949
Round Robin,2,post,19.98722195625305,node-b,52625.72753116662,57.97743797302246
Round Robin,2,post,20.04950475692749,node-c,163416.81262342646,6351.164817810059
Round Robin,2,post,20.065471172332764,node-a,244710.8012593837,3655.881881713867
Round Robin,2,post,20.094399213790894,node-b,164532.1818903794,227.48875617980957
Round Robin,2,post,20.12351942062378,node-c,102717.7796094212,5805.190324783325
Round Robin,2,post,20.131706476211548,node-a,112458.80223164367,2908.189296722412
Round Robin,2,post,20.151442289352417,node-b,80575.91646631433,182.2521686553955
Round Robin,2,post,20.222957849502563,node-c,117804.93146999965,6106.242418289185
Round Robin,2,post,20.304497718811035,node-a,62313.01445882569,2613.4181022644043
Round Robin,2,post,20.344905376434326,node-b,108390.65084539958,91.40396118164062
Round Robin,2,post,20.385226488113403,node-c,68953.02417074329,5846.16494178772
Round Robin,2,post,20.412867784500122,node-a,50662.25700527687,2234.0478897094727
Round Robin,2,post,20.493194580078125,node-b,225302.67041490105,238.35158348083496
Round Robin,2,post,20.52127170562744,node-c,41329.883902482296,5807.928562164307
Round Robin,2,post,20.58727240562439,node-a,260586.76976453327,3448.5762119293213
Round Robin,2,post,20.631362676620483,node-b,35070.334807336214,94.18034553527832
Round Robin,2,post,20.673115730285645,node-c,169653.83570552754,6034.5258712768555
Round Robin,2,post,20.87124490737915,node-a,116210.71508287721,2771.5353965759277
Round Robin,2,post,21.01902174949646,node-b,46602.38491453153,59.988975524902344
Round Robin,2,post,21.084861993789673,node-c,81736.95691759237,6127.023935317993
Round Robin,2,post,21.167232513427734,node-a,63071.06264108798,2264.066219329834
Round Robin,2,post,21.177464962005615,node-b,65242.188182291946,65.15717506408691
Round Robin,2,post,21.209200143814087,node-c,165164.5445387355,6497.77889251709
Round Robin,2,post,21.29913592338562,node-a,58259.124075115105,2654.999256134033
Round Robin,2,post,21.369428157806396,node-b,39886.97761605406,40.03500938415527
Round Robin,2,post,21.385828971862793,node-c,185971.28940662378,6522.219896316528
Round Robin,2,post,21.600345849990845,node-a,128790.65812230951,2931.9350719451904
Round Robin,2,post,21.603027820587158,node-b,105834.48611357775,103.8658618927002
Round Robin,2,post,21.679641485214233,node-c,91578.58150842469,5824.384927749634
Round Robin,2,post,21.686163425445557,node-a,150449.6116543441,3757.3275566101074
Round Robin,2,post,21.85565710067749,node-b,127656.8050984174,100.99458694458008
Round Robin,2,post,21.86175036430359,node-c,99783.96721064666,6243.132829666138
Round Robin,2,post,21.96901249885559,node-a,78385.51487620636,2859.2982292175293
Round Robin,2,post,21.981107473373413,node-b,182636.82692129948,175.7194995880127
Round Robin,2,post,22.294513702392578,node-c,221151.14031290569,6121.615409851074
Round Robin,2,post,22.334365367889404,node-a,134287.12359647918,3298.4399795532227
Round Robin,2,post,22.41539764404297,node-b,483184.36228924984,649.6992111206055
Round Robin,2,post,22.48259711265564,node-c,118759.5160277153,5938.796758651733
Round Robin,2,post,22.52915906906128,node-a,116350.9117667674,3197.4878311157227
Round Robin,2,post,22.628517627716064,node-b,228907.40926121105,519.7916030883789
Round Robin,2,post,22.679292678833008,node-c,123011.09149633635,5927.513122558594
Round Robin,2,post,22.868474006652832,node-a,120981.39694306221,2959.3658447265625
Round Robin,2,post,22.87282633781433,node-b,88395.30492295694,336.7033004760742
Round Robin,2,post,23.242130279541016,node-c,135134.15364588873,5870.54967880249
Round Robin,2,post,23.299201726913452,node-a,45103.34854093962,1846.7681407928467
Round Robin,2,post,23.319746255874634,node-b,73154.71737081907,72.30949401855469
Round Robin,2,post,23.36019206047058,node-c,61212.0594300639,5752.487897872925
Round Robin,2,post,23.445903301239014,node-a,34929.54887934183,1802.0715713500977
Round Robin,2,post,23.51438307762146,node-b,184292.0794179169,137.49313354492188
Round Robin,2,post,23.6585636138916,node-c,89524.08602886311,5558.234214782715
Round Robin,2,post,23.815337657928467,node-a,67716.66348925135,2006.784200668335
Round Robin,2,post,23.880706787109375,node-b,128406.72788351933,137.16411590576172
Round Robin,2,post,23.989250898361206,node-c,56280.70335737203,5122.874736785889
Round Robin,2,post,24.03584861755371,node-a,167089.2690236387,2308.669328689575
Round Robin,2,post,24.043873071670532,node-b,216511.45816703694,186.86938285827637
Round Robin,2,post,24.080788135528564,node-c,51223.55000947013,5151.858806610107
Round Robin,2,post,24.101261615753174,node-a,193628.5303399264,3041.111469268799
Round Robin,2,post,24.237553358078003,node-b,117546.89359880175,103.00469398498535
Round Robin,2,post,24.25320529937744,node-c,188463.3655731039,5742.668151855469
Round Robin,2,post,24.34118103981018,node-a,117201.91875021096,2888.1759643554688
Round Robin,2,post,24.497869968414307,node-b,69002.78502523685,67.72923469543457
Round Robin,2,post,24.507042407989502,node-c,47125.11825212916,5086.792230606079
Round Robin,2,post,24.57214617729187,node-a,60260.33740732804,2548.5734939575195
Round Robin,2,post,24.752257823944092,node-b,82124.94966572685,74.37396049499512
Round Robin,2,post,24.787766933441162,node-c,181051.80350096658,5444.477558135986
Round Robin,2,post,24.821707487106323,node-a,146384.69936449625,2398.0205059051514
Round Robin,2,post,24.86742901802063,node-b,123612.60281440307,178.35354804992676
Round Robin,2,post,24.8816556930542,node-c,223335.85584656562,5853.720903396606
Round Robin,2,post,24.894407033920288,node-a,41648.59688107484,2437.926769256592
Round Robin,2,post,25.108641147613525,node-b,58407.765761723305,62.22367286682129
Round Robin,2,post,25.27404022216797,node-c,59330.1572935418,5040.900707244873
Round Robin,2,post,25.314632415771484,node-a,109773.54121579713,2328.1352519989014
Round Robin,2,post,25.33711814880371,node-b,45553.85332281193,52.008628845214844
Round Robin,2,post,25.429992198944092,node-c,78855.28187149494,5183.349132537842
Round Robin,2,post,25.729767322540283,node-a,212309.7240926999,3007.4644088745117
Round Robin,2,post,25.878825187683105,node-b,176214.11014440862,165.10748863220215
Round Robin,2,post,25.912442207336426,node-c,232877.36051661134,5981.275796890259
Round Robin,2,post,25.958303213119507,node-a,79661.32070675152,2085.0601196289062
Round Robin,2,post,26.03360676765442,node-b,62976.07335801964,81.04395866394043
Round Robin,2,post,26.085502862930298,node-c,121817.1068458981,6241.619348526001
Round Robin,2,post,26.107797145843506,node-a,66519.11612575708,2004.929780960083
Round Robin,2,post,26.130263805389404,node-b,101591.7694211906,88.33098411560059
Round Robin,2,post,26.204806327819824,node-c,99282.53714184857,6204.662799835205
Round Robin,2,post,26.44561791419983,node-a,139503.98009728824,2672.21999168396
Round Robin,2,post,26.458959341049194,node-b,220728.43885744936,199.18084144592285
Round Robin,2,post,26.540913105010986,node-c,215107.6128691223,5976.971864700317
Round Robin,2,post,26.72226309776306,node-a,171224.8417604041,2310.8956813812256
Round Robin,2,post,26.72309112548828,node-b,95996.98192425158,68.28856468200684
Round Robin,2,post,26.760894298553467,node-c,148991.1330082209,5654.425621032715
Round Robin,2,post,26.853719234466553,node-a,87920.28855003945,1672.8594303131104
Round Robin,2,post,27.010497570037842,node-b,67119.79394623883,64.8350715637207
Round Robin,2,post,27.204885005950928,node-c,49262.26371755969,4523.000717163086
Round Robin,2,post,27.227747201919556,node-a,79719.35182931223,2020.5934047698975
Round Robin,2,post,27.23248052597046,node-b,137641.36687346364,104.05898094177246
Round Robin,2,post,27.255956649780273,node-c,151155.31458106294,5245.658397674561
Round Robin,2,post,27.31183099746704,node-a,109141.61865804168,2023.9369869232178
Weighted Round Robin,2,pre,0.16656064987182617,node-a,218213.31842459957,164.02816772460938
Weighted Round Robin,2,pre,0.32849788665771484,node-b,111457.60703084857,89.23029899597168
Weighted Round Robin,2,pre,0.493255615234375,node-c,124694.67280236154,117.64860153198242
Weighted Round Robin,2,pre,0.5115714073181152,node-a,186927.89235352064,225.144624710083
Weighted Round Robin,2,pre,0.5182344913482666,node-b,159910.40836183788,160.5546474456787
Weighted Round Robin,2,pre,0.6177599430084229,node-a,141453.3524410636,187.78538703918457
Weighted Round Robin,2,pre,0.7149677276611328,node-c,87610.9903703628,88.50669860839844
Weighted Round Robin,2,pre,0.9306628704071045,node-a,63628.08540957609,71.69938087463379
Weighted Round Robin,2,pre,0.9359040260314941,node-b,127814.01390221507,104.6745777130127
Weighted Round Robin,2,pre,1.0081756114959717,node-a,81983.00650204683,89.5848274230957
Weighted Round Robin,2,pre,1.0129284858703613,node-b,160149.7276613798,163.0115509033203
Weighted Round Robin,2,pre,1.0878236293792725,node-c,117697.6404377512,117.75350570678711
Weighted Round Robin,2,pre,1.2076690196990967,node-a,72955.12798029001,86.96889877319336
Weighted Round Robin,2,pre,1.2345516681671143,node-b,121068.24249804058,97.15151786804199
Weighted Round Robin,2,pre,1.3192284107208252,node-a,150970.12660419452,233.046293258667
Weighted Round Robin,2,pre,1.329566478729248,node-c,115729.06363961918,146.63958549499512
Weighted Round Robin,2,pre,1.3358092308044434,node-a,71608.02823073413,140.3968334197998
Weighted Round Robin,2,pre,1.3575949668884277,node-b,120742.0247362599,99.92527961730957
Weighted Round Robin,2,pre,1.4205710887908936,node-a,126594.94691661684,259.39226150512695
Weighted Round Robin,2,pre,1.4493179321289062,node-c,159913.8816702961,248.6257553100586
Weighted Round Robin,2,pre,1.5350265502929688,node-b,151943.5323477367,117.31266975402832
Weighted Round Robin,2,pre,1.5498945713043213,node-a,67246.36643380923,132.7531337738037
Weighted Round Robin,2,pre,1.6765899658203125,node-a,82566.66805819259,72.46732711791992
Weighted Round Robin,2,pre,1.7611699104309082,node-b,143358.47430391939,118.67976188659668
Weighted Round Robin,2,pre,1.8066802024841309,node-c,45315.64974169424,51.119089126586914
Weighted Round Robin,2,pre,1.8354957103729248,node-a,156195.1439530117,211.93790435791016
Weighted Round Robin,2,pre,1.8666954040527344,node-b,69600.15529685577,87.47601509094238
Weighted Round Robin,2,pre,1.8718655109405518,node-a,85764.39304135942,175.5681037902832
Weighted Round Robin,2,pre,1.8840875625610352,node-c,217927.34118280868,301.45978927612305
Weighted Round Robin,2,pre,1.931269884109497,node-a,102539.72647625259,239.7785186767578
Weighted Round Robin,2,pre,1.9583714008331299,node-b,91063.05423411833,87.9964828491211
Weighted Round Robin,2,pre,2.046367883682251,node-a,121899.66573644752,190.77658653259277
Weighted Round Robin,2,pre,2.0945026874542236,node-b,101040.2843769901,85.11185646057129
Weighted Round Robin,2,pre,2.1107630729675293,node-c,77442.61668888119,199.2950439453125
Weighted Round Robin,2,pre,2.1426749229431152,node-a,119991.45302657786,248.01278114318848
Weighted Round Robin,2,pre,2.1865646839141846,node-b,308248.6183349313,533.3852767944336
Weighted Round Robin,2,pre,2.210405111312866,node-a,167721.8765202017,263.6270523071289
Weighted Round Robin,2,pre,2.232727289199829,node-c,131820.95622140958,268.62049102783203
Weighted Round Robin,2,pre,2.293306827545166,node-a,120437.84923104082,306.14352226257324
Weighted Round Robin,2,pre,2.3136754035949707,node-b,157809.13203342384,338.46187591552734
Weighted Round Robin,2,pre,2.4055588245391846,node-a,144681.6495914063,257.87949562072754
Weighted Round Robin,2,pre,2.501861095428467,node-c,69001.2033442377,101.34100914001465
Weighted Round Robin,2,pre,2.576220989227295,node-b,136458.52613701043,288.67316246032715
Weighted Round Robin,2,pre,2.5820350646972656,node-a,108702.0554711866,204.29301261901855
Weighted Round Robin,2,pre,2.6597578525543213,node-a,249739.9268553279,269.1841125488281
Weighted Round Robin,2,pre,2.7530710697174072,node-b,95292.74944174572,184.8471164703369
Weighted Round Robin,2,pre,2.83070707321167,node-c,198020.91207502445,369.54259872436523
Weighted Round Robin,2,pre,2.8497250080108643,node-a,59421.096437589345,148.3287811279297
Weighted Round Robin,2,pre,2.871746063232422,node-b,123834.75801374593,288.07973861694336
Weighted Round Robin,2,pre,2.8831052780151367,node-a,74200.53474110871,212.65554428100586
Weighted Round Robin,2,pre,2.907731533050537,node-c,68292.6631255583,275.9976387023926
Weighted Round Robin,2,pre,2.90946626663208,node-a,156828.53976737894,319.22101974487305
Weighted Round Robin,2,pre,2.9214649200439453,node-b,64775.03990311567,204.91576194763184
Weighted Round Robin,2,pre,3.0113494396209717,node-a,98833.53138028491,198.34661483764648
Weighted Round Robin,2,pre,3.287010431289673,node-b,74552.21479954233,83.43672752380371
Weighted Round Robin,2,pre,3.325995922088623,node-c,129082.557018691,155.3966999053955
Weighted Round Robin,2,pre,3.3453855514526367,node-a,121668.61496709446,128.86857986450195
Weighted Round Robin,2,pre,3.3731112480163574,node-b,35877.1713952675,56.260108947753906
Weighted Round Robin,2,pre,3.397925853729248,node-a,150375.51156504397,286.3781452178955
Weighted Round Robin,2,pre,3.4067223072052,node-c,78084.97404680376,189.95237350463867
Weighted Round Robin,2,pre,3.4819207191467285,node-a,288990.51593539614,503.1278133392334
Weighted Round Robin,2,pre,3.576996088027954,node-b,164780.26744658782,176.04398727416992
Weighted Round Robin,2,pre,3.680466651916504,node-a,170855.38445046582,342.9689407348633
Weighted Round Robin,2,pre,4.0464746952056885,node-c,32662.090327117512,38.89131546020508
Weighted Round Robin,2,pre,4.19189190864563,node-b,254512.03922270326,239.15624618530273
Weighted Round Robin,2,pre,4.3055949211120605,node-a,109511.90856971427,97.57399559020996
Weighted Round Robin,2,pre,4.377094984054565,node-a,55275.256617759995,60.94551086425781
Weighted Round Robin,2,pre,4.4182024002075195,node-b,125036.85461884315,156.01301193237305
Weighted Round Robin,2,pre,4.421402454376221,node-c,202722.76865848014,388.4472846984863
Weighted Round Robin,2,pre,4.487327575683594,node-a,48976.21694540695,56.8699836730957
Weighted Round Robin,2,pre,4.530251979827881,node-b,180741.4129857124,226.90272331237793
Weighted Round Robin,2,pre,4.633955478668213,node-a,91413.92758223484,66.77937507629395
Weighted Round Robin,2,pre,4.773868083953857,node-c,81204.50174534754,205.42192459106445
Weighted Round Robin,2,pre,4.79706072807312,node-a,87141.38485593077,92.32020378112793
Weighted Round Robin,2,pre,4.7999677658081055,node-b,71480.6287554426,74.11408424377441
Weighted Round Robin,2,pre,4.864058494567871,node-a,118174.01539082656,127.24161148071289
Weighted Round Robin,2,pre,5.039885997772217,node-b,121035.69226641765,93.9016342163086
Weighted Round Robin,2,pre,5.096928834915161,node-c,178195.4629776408,200.96921920776367
Weighted Round Robin,2,pre,5.243863582611084,node-a,212311.13597099026,163.21825981140137
Weighted Round Robin,2,pre,5.295457601547241,node-b,91490.34472977764,80.34062385559082
Weighted Round Robin,2,pre,5.386075973510742,node-a,181168.85728987886,344.0520763397217
Weighted Round Robin,2,pre,5.406035661697388,node-c,60650.054317633025,65.36722183227539
Weighted Round Robin,2,pre,5.415493011474609,node-a,146044.40599747308,252.3801326751709
Weighted Round Robin,2,pre,5.425507307052612,node-b,62584.069902216645,55.890798568725586
Weighted Round Robin,2,pre,5.433409214019775,node-a,81252.30330619596,331.44283294677734
Weighted Round Robin,2,pre,5.437155485153198,node-c,143612.45941904746,250.61297416687012
Weighted Round Robin,2,pre,5.555263996124268,node-b,74559.75776394318,66.19429588317871
Weighted Round Robin,2,pre,5.586369752883911,node-a,135712.6829001382,339.14685249328613
Weighted Round Robin,2,pre,5.612858772277832,node-a,52521.570601488296,243.5019016265869
Weighted Round Robin,2,pre,5.67732572555542,node-b,75527.27630821263,53.846120834350586
Weighted Round Robin,2,pre,5.690370082855225,node-c,138371.44789793502,198.4269618988037
Weighted Round Robin,2,pre,5.822570323944092,node-a,221505.19387872738,425.50134658813477
Weighted Round Robin,2,pre,5.911761522293091,node-b,60735.25994119714,55.8626651763916
Weighted Round Robin,2,pre,5.934820652008057,node-a,229413.92149047562,496.6297149658203
Weighted Round Robin,2,pre,5.948443174362183,node-c,121097.94509989381,137.620210647583
Weighted Round Robin,2,pre,5.985123634338379,node-a,319955.3556408464,725.5821228027344
Weighted Round Robin,2,pre,6.0060834884643555,node-b,91903.06180031507,117.93637275695801
Weighted Round Robin,2,pre,6.0112175941467285,node-a,83262.61359693868,371.3104724884033
Weighted Round Robin,2,pre,6.0462422370910645,node-b,124633.86123717103,191.79630279541016
Weighted Round Robin,2,pre,6.201575517654419,node-c,62960.52020738735,61.540842056274414
Weighted Round Robin,2,pre,6.270782709121704,node-a,113124.85776853017,369.523286819458
Weighted Round Robin,2,pre,6.483453273773193,node-b,103142.78702012755,98.86622428894043
Weighted Round Robin,2,pre,6.624633312225342,node-a,202436.6787934618,255.54847717285156
Weighted Round Robin,2,pre,6.701544761657715,node-c,125577.48676878189,108.8104248046875
Weighted Round Robin,2,pre,6.829523801803589,node-a,57849.81407137689,76.33209228515625
Weighted Round Robin,2,pre,6.879657745361328,node-b,56262.78260919485,47.76930809020996
Weighted Round Robin,2,pre,6.953127861022949,node-a,66759.93373838057,66.79630279541016
Weighted Round Robin,2,pre,6.9793860912323,node-c,39053.9584329441,40.53807258605957
Weighted Round Robin,2,pre,6.994542837142944,node-b,37435.687393403605,46.69523239135742
Weighted Round Robin,2,pre,7.143024206161499,node-a,297358.4559712549,432.0676326751709
Weighted Round Robin,2,pre,7.152177810668945,node-a,70902.23696239552,201.26795768737793
Weighted Round Robin,2,pre,7.1650307178497314,node-b,199031.12053762726,265.96665382385254
Weighted Round Robin,2,pre,7.186535835266113,node-c,74073.64433606842,90.06428718566895
Weighted Round Robin,2,pre,7.253173589706421,node-a,87250.66809787253,397.5040912628174
Weighted Round Robin,2,pre,7.2814600467681885,node-b,46224.35989219092,141.60895347595215
Weighted Round Robin,2,pre,7.32888650894165,node-a,197108.20921418018,471.58288955688477
Weighted Round Robin,2,pre,7.477836608886719,node-c,87812.07084383666,110.29195785522461
Weighted Round Robin,2,pre,7.584138870239258,node-a,240319.8538693721,371.55652046203613
Weighted Round Robin,2,pre,7.665140867233276,node-b,75500.97188660632,81.15315437316895
Weighted Round Robin,2,pre,7.676647663116455,node-a,199563.97666278764,743.7782287597656
Weighted Round Robin,2,pre,7.758515357971191,node-b,220377.80958509035,385.18381118774414
Weighted Round Robin,2,pre,7.789949655532837,node-c,51005.137561874566,56.89263343811035
Weighted Round Robin,2,pre,7.798338174819946,node-a,132959.5267691617,638.1402015686035
Weighted Round Robin,2,pre,7.825947284698486,node-b,64195.76969845652,199.2952823638916
Weighted Round Robin,2,pre,7.831206321716309,node-a,60363.411125764105,266.9799327850342
Weighted Round Robin,2,pre,7.8940043449401855,node-c,112701.95900297708,108.99496078491211
Weighted Round Robin,2,pre,7.960987091064453,node-a,158197.55595403787,459.4388008117676
Weighted Round Robin,2,pre,7.981582403182983,node-b,206033.2788852547,350.79073905944824
Weighted Round Robin,2,pre,7.984843015670776,node-a,89792.58615725704,351.2139320373535
Weighted Round Robin,2,pre,8.172569274902344,node-c,172729.78164989504,223.00028800964355
Weighted Round Robin,2,pre,8.228538274765015,node-b,139873.0188860312,228.09147834777832
Weighted Round Robin,2,pre,8.331326961517334,node-a,105498.81499823197,240.65375328063965
Weighted Round Robin,2,pre,8.355684041976929,node-a,66594.88907882475,219.53701972961426
Weighted Round Robin,2,pre,8.470911502838135,node-b,108112.61172418865,101.59540176391602
Weighted Round Robin,2,pre,8.58422040939331,node-c,598346.4975434506,1208.4498405456543
Weighted Round Robin,2,pre,8.59048318862915,node-a,66879.65519607144,61.81979179382324
Weighted Round Robin,2,pre,8.965304374694824,node-b,97343.81090915356,98.42061996459961
Weighted Round Robin,2,pre,9.01165771484375,node-a,68158.23393630906,58.04634094238281
Weighted Round Robin,2,pre,9.108023166656494,node-c,208406.19271255654,1099.34401512146
Weighted Round Robin,2,pre,9.125096321105957,node-a,257634.29274614493,292.3307418823242
Weighted Round Robin,2,pre,9.193091630935669,node-b,204816.35926088237,439.18466567993164
Weighted Round Robin,2,pre,9.212529420852661,node-a,281092.3544582931,462.73207664489746
Weighted Round Robin,2,pre,9.324011087417603,node-b,101773.18245903993,258.3885192871094
Weighted Round Robin,2,pre,9.355788469314575,node-c,241677.4375960463,1360.12601852417
Weighted Round Robin,2,pre,9.409596920013428,node-a,70298.45191990283,144.73819732666016
Weighted Round Robin,2,pre,9.445843696594238,node-b,227555.69672433857,477.4487018585205
Weighted Round Robin,2,pre,9.498029708862305,node-a,220355.2022919788,360.4722023010254
Weighted Round Robin,2,pre,9.53064489364624,node-c,77527.26482530926,760.7991695404053
Weighted Round Robin,2,pre,9.573760986328125,node-a,168286.94166818928,370.7852363586426
Weighted Round Robin,2,pre,9.574767112731934,node-b,61856.90444857818,176.52606964111328
Weighted Round Robin,2,pre,9.6843740940094,node-a,52682.816264068606,123.21043014526367
Weighted Round Robin,2,pre,9.857447385787964,node-c,52912.93225855121,617.0437335968018
Weighted Round Robin,2,pre,9.897402286529541,node-b,60969.9222489509,64.41044807434082
Weighted Round Robin,2,pre,10.13233232498169,node-a,59824.23875112267,111.21916770935059
Weighted Round Robin,2,pre,10.143817901611328,node-a,99574.76599762234,151.87430381774902
Weighted Round Robin,2,pre,10.335889339447021,node-b,249522.33935689338,219.10429000854492
Weighted Round Robin,2,pre,10.361086368560791,node-c,92633.39674482694,413.4402275085449
Weighted Round Robin,2,pre,10.407066345214844,node-a,68942.87116652673,72.24202156066895
Weighted Round Robin,2,pre,10.575491189956665,node-b,147261.85073473316,145.78747749328613
Weighted Round Robin,2,pre,10.583665132522583,node-a,92844.89875971882,76.84087753295898
Weighted Round Robin,2,pre,10.59700083732605,node-c,109835.52144200479,406.97216987609863
Weighted Round Robin,2,pre,10.689501762390137,node-a,127741.19551709681,121.60682678222656
Weighted Round Robin,2,pre,10.757444381713867,node-b,130334.83922551262,184.6613883972168
Weighted Round Robin,2,pre,10.777122735977173,node-a,74575.350095239,86.21907234191895
Weighted Round Robin,2,pre,10.80755352973938,node-b,92767.60884113966,170.58229446411133
Weighted Round Robin,2,pre,10.859418392181396,node-c,166768.79174821536,443.27425956726074
Weighted Round Robin,2,pre,10.990440845489502,node-a,86969.26859527297,73.7767219543457
Weighted Round Robin,2,pre,11.015215396881104,node-b,92999.45216783627,86.06719970703125
Weighted Round Robin,2,pre,11.06810975074768,node-a,122095.5499709237,170.7749366760254
Weighted Round Robin,2,pre,11.092355012893677,node-c,129302.21621782823,393.5573101043701
Weighted Round Robin,2,pre,11.113456010818481,node-a,89527.59843819555,141.59703254699707
Weighted Round Robin,2,pre,11.260383605957031,node-b,138709.3764617829,158.78701210021973
Weighted Round Robin,2,pre,11.298938512802124,node-a,104489.01608911462,95.75200080871582
Weighted Round Robin,2,pre,11.391252517700195,node-c,54544.72448643392,126.19447708129883
Weighted Round Robin,2,pre,11.412180423736572,node-b,144863.6358168491,134.83262062072754
Weighted Round Robin,2,pre,11.42501974105835,node-a,67949.87952299506,77.4221420288086
Weighted Round Robin,2,pre,11.50395655632019,node-a,483900.159027796,450.5622386932373
Weighted Round Robin,2,pre,11.60153317451477,node-b,121255.39048944013,145.8914279937744
Weighted Round Robin,2,pre,11.667279481887817,node-c,91223.17074295388,124.14693832397461
Weighted Round Robin,2,pre,11.748999834060669,node-a,160566.60350698358,290.81106185913086
Weighted Round Robin,2,pre,11.819027423858643,node-b,218245.9137634305,196.42186164855957
Weighted Round Robin,2,pre,11.89462685585022,node-a,223880.29121497835,271.34037017822266
Weighted Round Robin,2,pre,12.04999041557312,node-c,122376.2772654135,159.00421142578125
Weighted Round Robin,2,pre,12.244834423065186,node-a,179570.89543583003,218.3668613433838
Weighted Round Robin,2,pre,12.290721654891968,node-b,149625.4244515642,240.88191986083984
Weighted Round Robin,2,pre,12.296930313110352,node-a,110157.04872010525,180.76109886169434
Weighted Round Robin,2,pre,12.393418073654175,node-b,49478.328977244884,141.52860641479492
Weighted Round Robin,2,post,12.451921463012695,node-c,106566.18291696778,227.39911079406738
Weighted Round Robin,2,post,12.620514869689941,node-a,29187.71490520153,33.34331512451172
Weighted Round Robin,2,post,12.69240951538086,node-b,67673.61977134302,61.873435974121094
Weighted Round Robin,2,post,12.70214295387268,node-a,208133.36883841024,817.1470165252686
Weighted Round Robin,2,post,12.774434328079224,node-c,115240.76474990943,137.88986206054688
Weighted Round Robin,2,post,12.813926458358765,node-a,103145.22089347088,796.9138622283936
Weighted Round Robin,2,post,12.821620464324951,node-b,68126.82615807439,71.55704498291016
Weighted Round Robin,2,post,12.840590715408325,node-a,68747.38710563972,582.0431709289551
Weighted Round Robin,2,post,13.080107927322388,node-c,74828.63260091827,100.35872459411621
Weighted Round Robin,2,post,13.108194828033447,node-b,52563.87215809876,50.61697959899902
Weighted Round Robin,2,post,13.126096963882446,node-a,33848.499864860736,478.70421409606934
Weighted Round Robin,2,post,13.156633615493774,node-a,176323.73704637637,1349.2445945739746
Weighted Round Robin,2,post,13.299060821533203,node-b,240672.4599439869,317.0764446258545
Weighted Round Robin,2,post,13.374427318572998,node-c,76535.51112696729,118.0422306060791
Weighted Round Robin,2,post,13.388020992279053,node-a,154460.06890337676,2420.017957687378
Weighted Round Robin,2,post,13.388020992279053,node-b,56836.029187296306,174.93891716003418
Weighted Round Robin,2,post,13.418859720230103,node-a,125358.4485266038,1980.4739952087402
Weighted Round Robin,2,post,13.429075241088867,node-c,52626.6439172561,157.07921981811523
Weighted Round Robin,2,post,13.571519374847412,node-a,165789.76504629658,1543.9867973327637
Weighted Round Robin,2,post,13.579153537750244,node-b,108005.69946039325,157.57203102111816
Weighted Round Robin,2,post,13.625885486602783,node-a,55580.948502297404,1164.0782356262207
Weighted Round Robin,2,post,13.696223974227905,node-b,138335.2093606862,168.3199405670166
Weighted Round Robin,2,post,13.8943612575531,node-c,240028.41599784963,297.8806495666504
Weighted Round Robin,2,post,13.914223670959473,node-a,105430.34537875067,1591.766595840454
Weighted Round Robin,2,post,14.03387713432312,node-b,102992.43471963843,91.19057655334473
Weighted Round Robin,2,post,14.086755752563477,node-a,105688.00494322715,1807.276725769043
Weighted Round Robin,2,post,14.206080913543701,node-c,111909.2667845413,176.01370811462402
Weighted Round Robin,2,post,14.230703830718994,node-a,196377.11303107353,1980.900526046753
Weighted Round Robin,2,post,14.2536780834198,node-b,200461.4418466268,271.8377113342285
Weighted Round Robin,2,post,14.271222352981567,node-a,36602.558243676765,1622.2598552703857
Weighted Round Robin,2,post,14.343005895614624,node-c,192307.43661564428,340.0864601135254
Weighted Round Robin,2,post,14.388721466064453,node-b,94920.7024923591,265.3229236602783
Weighted Round Robin,2,post,14.447947978973389,node-a,241870.9865697281,2764.9991512298584
Weighted Round Robin,2,post,14.53674602508545,node-a,132307.6487810209,2381.631374359131
Weighted Round Robin,2,post,14.6158447265625,node-b,170084.5581446378,213.73558044433594
Weighted Round Robin,2,post,14.687817811965942,node-c,81245.5843662284,106.3542366027832
Weighted Round Robin,2,post,14.784369945526123,node-a,53768.91929943072,1933.7470531463623
Weighted Round Robin,2,post,14.786705493927002,node-b,118482.33676792201,170.22991180419922
Weighted Round Robin,2,post,14.890122175216675,node-a,170218.95709774297,3123.887538909912
Weighted Round Robin,2,post,14.980242013931274,node-c,151848.8679548389,225.3272533416748
Weighted Round Robin,2,post,15.010308504104614,node-a,155436.86305753337,2699.3112564086914
Weighted Round Robin,2,post,15.026689529418945,node-b,117623.90820172158,94.69270706176758
Weighted Round Robin,2,post,15.075843095779419,node-a,150520.36879865042,3537.555932998657
Weighted Round Robin,2,post,15.216142654418945,node-b,69487.8660330493,68.81880760192871
Weighted Round Robin,2,post,15.237776756286621,node-c,97732.28565088607,254.12821769714355
Weighted Round Robin,2,post,15.336769580841064,node-a,48164.82199504199,2854.780673980713
Weighted Round Robin,2,post,15.5416841506958,node-b,102171.57224973959,88.3796215057373
Weighted Round Robin,2,post,15.569078922271729,node-a,89867.17059529426,3144.188404083252
Weighted Round Robin,2,post,15.86610198020935,node-c,107803.23522243656,135.44130325317383
Weighted Round Robin,2,post,15.869933605194092,node-a,176925.49518747363,2650.507926940918
Weighted Round Robin,2,post,15.872579336166382,node-b,108334.32124380568,108.29305648803711
Weighted Round Robin,2,post,16.00079607963562,node-a,24517.79481296957,2587.1100425720215
Weighted Round Robin,2,post,16.044955253601074,node-c,208486.09750618594,265.11549949645996
Weighted Round Robin,2,post,16.087010860443115,node-b,113312.94129430827,86.6231918334961
Weighted Round Robin,2,post,16.222355127334595,node-a,154854.5901983375,3374.8340606689453
Weighted Round Robin,2,post,16.39281916618347,node-a,70596.16125926025,3118.594169616699
Weighted Round Robin,2,post,16.449846744537354,node-b,158822.58404132997,184.81135368347168
Weighted Round Robin,2,post,16.594711303710938,node-c,226208.11271286613,290.59433937072754
Weighted Round Robin,2,post,16.664628267288208,node-a,46692.82095186679,2627.4499893188477
Weighted Round Robin,2,post,16.699141025543213,node-b,194250.8800445946,169.07429695129395
Weighted Round Robin,2,post,16.71606731414795,node-a,65696.99447412546,2603.264093399048
Weighted Round Robin,2,post,16.811249494552612,node-c,71366.54965163015,180.44686317443848
Weighted Round Robin,2,post,16.95842957496643,node-a,105025.7414821986,3031.8355560302734
Weighted Round Robin,2,post,17.14276671409607,node-b,298454.2470902574,537.151575088501
Weighted Round Robin,2,post,17.16348958015442,node-a,42424.48280982193,2337.1896743774414
Weighted Round Robin,2,post,17.234091758728027,node-b,76195.00013681319,208.1129550933838
Weighted Round Robin,2,post,17.269612550735474,node-c,107154.66716004397,142.4415111541748
Weighted Round Robin,2,post,17.38792085647583,node-a,145454.76462361164,2804.311752319336
Weighted Round Robin,2,post,17.40421986579895,node-b,99130.54422161706,209.2907428741455
Weighted Round Robin,2,post,17.407317876815796,node-a,130139.61027968214,2784.91473197937
Weighted Round Robin,2,post,17.432344436645508,node-c,62457.75161743906,78.03130149841309
Weighted Round Robin,2,post,17.437220335006714,node-a,154593.597285403,3746.835470199585
Weighted Round Robin,2,post,17.46966028213501,node-b,178055.50393605273,463.5324478149414
Weighted Round Robin,2,post,17.502737998962402,node-a,60389.11493359494,3296.0684299468994
Weighted Round Robin,2,post,17.511439085006714,node-c,70697.02543803833,100.37112236022949
Weighted Round Robin,2,post,17.723514556884766,node-b,128098.60563933243,324.831485748291
Weighted Round Robin,2,post,17.7442729473114,node-a,124079.9792054047,3962.9106521606445
Weighted Round Robin,2,post,17.827154636383057,node-a,136941.07180141992,3670.2191829681396
Weighted Round Robin,2,post,17.840744256973267,node-b,56889.57582847403,283.3261489868164
Weighted Round Robin,2,post,17.876600980758667,node-c,86231.53258722594,117.79475212097168
Weighted Round Robin,2,post,17.882667779922485,node-a,82117.94746789703,3725.7230281829834
Weighted Round Robin,2,post,17.890167236328125,node-b,207811.02067755413,567.2709941864014
Weighted Round Robin,2,post,17.891231298446655,node-a,100237.47051930545,4023.8096714019775
Weighted Round Robin,2,post,18.002458333969116,node-c,81563.99286031356,102.57434844970703
Weighted Round Robin,2,post,18.027098178863525,node-a,66632.56567311268,3977.064609527588
Weighted Round Robin,2,post,18.074520111083984,node-b,105165.4714177063,398.40102195739746
Weighted Round Robin,2,post,18.13472604751587,node-a,191580.22604395245,5264.353275299072
Weighted Round Robin,2,post,18.146881818771362,node-b,48133.83776963968,297.2254753112793
Weighted Round Robin,2,post,18.349281787872314,node-c,111423.9461925741,153.90944480895996
Weighted Round Robin,2,post,18.387120723724365,node-a,135879.0678238477,4496.690273284912
Weighted Round Robin,2,post,18.39271855354309,node-b,286464.85378330556,630.6438446044922
Weighted Round Robin,2,post,18.399800300598145,node-a,148164.60899869652,4992.342233657837
Weighted Round Robin,2,post,18.4336576461792,node-c,207993.58813365016,565.9389495849609
Weighted Round Robin,2,post,18.44410729408264,node-a,107548.95664164053,5057.858228683472
Weighted Round Robin,2,post,18.465399265289307,node-b,52201.82436379145,265.89345932006836
Weighted Round Robin,2,post,18.51662302017212,node-a,51345.38906274144,4494.1370487213135
Weighted Round Robin,2,post,18.519380807876587,node-c,73176.32322850969,363.16776275634766
Weighted Round Robin,2,post,18.544091939926147,node-b,112557.54050625555,388.75341415405273
Weighted Round Robin,2,post,18.652652740478516,node-a,90938.08663624784,4942.504167556763
Weighted Round Robin,2,post,18.6576931476593,node-a,83055.93017385181,5156.454086303711
Weighted Round Robin,2,post,18.724358797073364,node-b,261691.67329798266,733.9580059051514
Weighted Round Robin,2,post,18.72808837890625,node-c,31419.92615996716,268.8179016113281
Weighted Round Robin,2,post,18.912352085113525,node-a,61913.92481622444,4996.511220932007
Weighted Round Robin,2,post,18.93017292022705,node-b,351215.4698861071,1086.2936973571777
Weighted Round Robin,2,post,18.94698476791382,node-a,122759.769924736,5071.854591369629
Weighted Round Robin,2,post,19.022289276123047,node-c,74909.21630865114,90.41810035705566
Weighted Round Robin,2,post,19.178046226501465,node-a,59631.05039628698,5522.653102874756
Weighted Round Robin,2,post,19.398217916488647,node-b,157703.5385249165,523.362398147583
Weighted Round Robin,2,post,19.49296760559082,node-a,149483.9719226128,5899.037599563599
Weighted Round Robin,2,post,19.612316608428955,node-b,158132.2511753922,733.2262992858887
Weighted Round Robin,2,post,19.68798542022705,node-c,54635.277508150444,61.541080474853516
Weighted Round Robin,2,post,19.701152801513672,node-a,112442.02610133163,5190.219879150391
Weighted Round Robin,2,post,19.7816162109375,node-b,93988.92992877011,462.841272354126
Weighted Round Robin,2,post,19.79314661026001,node-a,131343.10978650517,5305.774211883545
Weighted Round Robin,2,post,19.86121702194214,node-c,46472.2707131857,60.3632926940918
Weighted Round Robin,2,post,19.914319276809692,node-a,141779.47399966652,5683.009147644043
Weighted Round Robin,2,post,19.938708543777466,node-b,227912.2600376685,995.8937168121338
Weighted Round Robin,2,post,19.987809658050537,node-a,52625.72753116662,5105.234146118164
Weighted Round Robin,2,post,20.05025577545166,node-c,163416.81262342646,329.4644355773926
Weighted Round Robin,2,post,20.066314458847046,node-b,244710.8012593837,894.5484161376953
Weighted Round Robin,2,post,20.094889163970947,node-a,164532.1818903794,6510.282039642334
Weighted Round Robin,2,post,20.12493085861206,node-a,102717.7796094212,5462.788820266724
Weighted Round Robin,2,post,20.132859230041504,node-b,112458.80223164367,828.5820484161377
Weighted Round Robin,2,post,20.152230739593506,node-c,80575.91646631433,256.3600540161133
Weighted Round Robin,2,post,20.22282338142395,node-a,117804.93146999965,6582.517862319946
Weighted Round Robin,2,post,20.304996013641357,node-b,62313.01445882569,650.6881713867188
Weighted Round Robin,2,post,20.344582080841064,node-a,108390.65084539958,6461.294889450073
Weighted Round Robin,2,post,20.386143922805786,node-c,68953.02417074329,125.97084045410156
Weighted Round Robin,2,post,20.413333415985107,node-a,50662.25700527687,5790.758371353149
Weighted Round Robin,2,post,20.493684768676758,node-b,225302.67041490105,1147.5310325622559
Weighted Round Robin,2,post,20.521822214126587,node-a,41329.883902482296,6293.698310852051
Weighted Round Robin,2,post,20.588001489639282,node-b,260586.76976453327,1145.395278930664
Weighted Round Robin,2,post,20.6331729888916,node-c,35070.334807336214,67.99721717834473
Weighted Round Robin,2,post,20.67428708076477,node-a,169653.83570552754,6924.539089202881
Weighted Round Robin,2,post,20.87252926826477,node-b,116210.71508287721,659.4734191894531
Weighted Round Robin,2,post,21.01940369606018,node-a,46602.38491453153,5796.219110488892
Weighted Round Robin,2,post,21.085142612457275,node-c,81736.95691759237,95.48330307006836
Weighted Round Robin,2,post,21.167705059051514,node-a,63071.06264108798,5845.059156417847
Weighted Round Robin,2,post,21.17793369293213,node-b,65242.188182291946,575.160026550293
Weighted Round Robin,2,post,21.209662914276123,node-a,165164.5445387355,6686.108350753784
Weighted Round Robin,2,post,21.29941749572754,node-c,58259.124075115105,67.3518180847168
Weighted Round Robin,2,post,21.370485544204712,node-b,39886.97761605406,287.1115207672119
Weighted Round Robin,2,post,21.38656997680664,node-a,185971.28940662378,6834.328651428223
Weighted Round Robin,2,post,21.600660800933838,node-a,128790.65812230951,6698.280811309814
Weighted Round Robin,2,post,21.603447675704956,node-b,105834.48611357775,249.08971786499023
Weighted Round Robin,2,post,21.68000602722168,node-c,91578.58150842469,113.95096778869629
Weighted Round Robin,2,post,21.686902284622192,node-a,150449.6116543441,7413.308382034302
Weighted Round Robin,2,post,21.856197595596313,node-b,127656.8050984174,112.884521484375
Weighted Round Robin,2,post,21.862099170684814,node-a,99783.96721064666,6934.364080429077
Weighted Round Robin,2,post,21.96932864189148,node-c,78385.51487620636,111.65738105773926
Weighted Round Robin,2,post,21.981531381607056,node-a,182636.82692129948,7834.339618682861
Weighted Round Robin,2,post,22.294842004776,node-b,221151.14031290569,370.7430362701416
Weighted Round Robin,2,post,22.334813594818115,node-a,134287.12359647918,7075.147390365601
Weighted Round Robin,2,post,22.415614128112793,node-b,483184.36228924984,917.7181720733643
Weighted Round Robin,2,post,22.483204126358032,node-c,118759.5160277153,192.66366958618164
Weighted Round Robin,2,post,22.52933645248413,node-a,116350.9117667674,6986.819744110107
Weighted Round Robin,2,post,22.628883600234985,node-b,228907.40926121105,545.5248355865479
Weighted Round Robin,2,post,22.679827213287354,node-a,123011.09149633635,7536.389350891113
Weighted Round Robin,2,post,22.86907720565796,node-c,120981.39694306221,137.24899291992188
Weighted Round Robin,2,post,22.873505353927612,node-a,88395.30492295694,7239.7918701171875
Weighted Round Robin,2,post,23.242876291275024,node-b,135134.15364588873,233.11400413513184
Weighted Round Robin,2,post,23.299981832504272,node-a,45103.34854093962,6803.662538528442
Weighted Round Robin,2,post,23.32002902030945,node-c,73154.71737081907,75.84691047668457
Weighted Round Robin,2,post,23.360836505889893,node-b,61212.0594300639,157.91869163513184
Weighted Round Robin,2,post,23.446604251861572,node-a,34929.54887934183,6769.6123123168945
Weighted Round Robin,2,post,23.51507806777954,node-a,184292.0794179169,8291.003227233887
Weighted Round Robin,2,post,23.65900993347168,node-b,89524.08602886311,81.40993118286133
Weighted Round Robin,2,post,23.81625723838806,node-c,67716.66348925135,79.8029899597168
Weighted Round Robin,2,post,23.88140034675598,node-a,128406.72788351933,7035.319805145264
Weighted Round Robin,2,post,23.989758729934692,node-b,56280.70335737203,54.410457611083984
Weighted Round Robin,2,post,24.03608536720276,node-a,167089.2690236387,8256.04796409607
Weighted Round Robin,2,post,24.04472851753235,node-c,216511.45816703694,340.8229351043701
Weighted Round Robin,2,post,24.081787824630737,node-a,51223.55000947013,7012.432098388672
Weighted Round Robin,2,post,24.101924180984497,node-b,193628.5303399264,166.89610481262207
Weighted Round Robin,2,post,24.23769783973694,node-a,117546.89359880175,7364.162445068359
Weighted Round Robin,2,post,24.253766775131226,node-b,188463.3655731039,201.6134262084961
Weighted Round Robin,2,post,24.341232776641846,node-c,117201.91875021096,246.15979194641113
Weighted Round Robin,2,post,24.49823021888733,node-a,69002.78502523685,7393.510103225708
Weighted Round Robin,2,post,24.50730037689209,node-b,47125.11825212916,55.54676055908203
Weighted Round Robin,2,post,24.572868585586548,node-a,60260.33740732804,7326.3115882873535
Weighted Round Robin,2,post,24.752644538879395,node-c,82124.94966572685,127.21467018127441
Weighted Round Robin,2,post,24.788320541381836,node-a,181051.80350096658,7713.661909103394
Weighted Round Robin,2,post,24.82216477394104,node-b,146384.69936449625,152.57620811462402
Weighted Round Robin,2,post,24.868439197540283,node-a,123612.60281440307,7541.860580444336
Weighted Round Robin,2,post,24.88249397277832,node-c,223335.85584656562,312.608003616333
Weighted Round Robin,2,post,24.894546508789062,node-b,41648.59688107484,80.19447326660156
Weighted Round Robin,2,post,25.109104871749878,node-a,58407.765761723305,7596.267461776733
Weighted Round Robin,2,post,25.27486753463745,node-a,59330.1572935418,7616.740465164185
Weighted Round Robin,2,post,25.31512761116028,node-b,109773.54121579713,100.27360916137695
Weighted Round Robin,2,post,25.337751865386963,node-c,45553.85332281193,57.93499946594238
Weighted Round Robin,2,post,25.430291652679443,node-a,78855.28187149494,7653.866291046143
Weighted Round Robin,2,post,25.73011088371277,node-b,212309.7240926999,192.44909286499023
Weighted Round Robin,2,post,25.879708290100098,node-a,176214.11014440862,7820.433855056763
Weighted Round Robin,2,post,25.913102865219116,node-c,232877.36051661134,486.29093170166016
Weighted Round Robin,2,post,25.958802700042725,node-a,79661.32070675152,7731.216669082642
Weighted Round Robin,2,post,26.034454822540283,node-b,62976.07335801964,71.51460647583008
Weighted Round Robin,2,post,26.086098670959473,node-a,121817.1068458981,8522.818088531494
Weighted Round Robin,2,post,26.10867142677307,node-b,66519.11612575708,70.05500793457031
Weighted Round Robin,2,post,26.130465745925903,node-c,101591.7694211906,356.5948009490967
Weighted Round Robin,2,post,26.205755472183228,node-a,99282.53714184857,7797.691106796265
Weighted Round Robin,2,post,26.446350574493408,node-b,139503.98009728824,112.91098594665527
Weighted Round Robin,2,post,26.459425926208496,node-a,220728.43885744936,8747.562646865845
Weighted Round Robin,2,post,26.54160976409912,node-c,215107.6128691223,263.19122314453125
Weighted Round Robin,2,post,26.722575902938843,node-a,171224.8417604041,8473.575830459595
Weighted Round Robin,2,post,26.723103046417236,node-b,95996.98192425158,95.48807144165039
Weighted Round Robin,2,post,26.761698722839355,node-a,148991.1330082209,8454.235315322876
Weighted Round Robin,2,post,26.85481357574463,node-c,87920.28855003945,130.67626953125
Weighted Round Robin,2,post,27.011169910430908,node-b,67119.79394623883,65.58942794799805
Weighted Round Robin,2,post,27.20543074607849,node-a,49262.26371755969,7511.047124862671
Weighted Round Robin,2,post,27.228239059448242,node-a,79719.35182931223,8084.403276443481
Weighted Round Robin,2,post,27.233086109161377,node-b,137641.36687346364,110.48388481140137
Weighted Round Robin,2,post,27.256869077682495,node-c,151155.31458106294,223.38509559631348
Weighted Round Robin,2,post,27.312730312347412,node-a,109141.61865804168,8098.459243774414
ML-Argmin,2,pre,0.16625261306762695,node-a,218213.31842459957,197.127103805542
ML-Argmin,2,pre,0.33328890800476074,node-b,111457.60703084857,130.3091049194336
ML-Argmin,2,pre,0.49466681480407715,node-c,124694.67280236154,244.95816230773926
ML-Argmin,2,pre,0.5136494636535645,node-c,186927.89235352064,715.6445980072021
ML-Argmin,2,pre,0.5212862491607666,node-c,159910.40836183788,735.384464263916
ML-Argmin,2,pre,0.6198129653930664,node-b,141453.3524410636,178.04813385009766
ML-Argmin,2,pre,0.7150566577911377,node-b,87610.9903703628,160.752534866333
ML-Argmin,2,pre,0.9344861507415771,node-a,63628.08540957609,68.94564628601074
ML-Argmin,2,pre,0.9394562244415283,node-b,127814.01390221507,149.9168872833252
ML-Argmin,2,pre,1.009498119354248,node-b,81983.00650204683,270.6778049468994
ML-Argmin,2,pre,1.0141863822937012,node-b,160149.7276613798,395.0679302215576
ML-Argmin,2,pre,1.0898804664611816,node-a,117697.6404377512,93.29605102539062
ML-Argmin,2,pre,1.2094085216522217,node-a,72955.12798029001,122.23434448242188
ML-Argmin,2,pre,1.2351555824279785,node-a,121068.24249804058,160.13693809509277
ML-Argmin,2,pre,1.3204398155212402,node-b,150970.12660419452,475.51608085632324
ML-Argmin,2,pre,1.3316428661346436,node-a,115729.06363961918,265.7051086425781
ML-Argmin,2,pre,1.3358683586120605,node-a,71608.02823073413,225.97360610961914
ML-Argmin,2,pre,1.3594081401824951,node-a,120742.0247362599,321.49386405944824
ML-Argmin,2,pre,1.4247050285339355,node-b,126594.94691661684,461.5199565887451
ML-Argmin,2,pre,1.4500212669372559,node-b,159913.8816702961,614.8805618286133
ML-Argmin,2,pre,1.5361335277557373,node-b,151943.5323477367,458.698034286499
ML-Argmin,2,pre,1.5521411895751953,node-a,67246.36643380923,149.5523452758789
ML-Argmin,2,pre,1.6798105239868164,node-a,82566.66805819259,92.14353561401367
ML-Argmin,2,pre,1.7642993927001953,node-a,143358.47430391939,150.12502670288086
ML-Argmin,2,pre,1.8072547912597656,node-c,45315.64974169424,48.40803146362305
ML-Argmin,2,pre,1.837003231048584,node-a,156195.1439530117,447.78919219970703
ML-Argmin,2,pre,1.8680405616760254,node-a,69600.15529685577,327.9600143432617
ML-Argmin,2,pre,1.8728015422821045,node-a,85764.39304135942,437.6811981201172
ML-Argmin,2,pre,1.8862249851226807,node-a,217927.34118280868,514.735221862793
ML-Argmin,2,pre,1.9310786724090576,node-a,102539.72647625259,679.5141696929932
ML-Argmin,2,pre,1.960902452468872,node-a,91063.05423411833,573.2059478759766
ML-Argmin,2,pre,2.0466010570526123,node-a,121899.66573644752,537.1809005737305
ML-Argmin,2,pre,2.097719430923462,node-a,101040.2843769901,638.1323337554932
ML-Argmin,2,pre,2.1138908863067627,node-a,77442.61668888119,586.34352684021
ML-Argmin,2,pre,2.1421663761138916,node-a,119991.45302657786,652.8308391571045
ML-Argmin,2,pre,2.1923012733459473,node-a,308248.6183349313,1538.3870601654053
ML-Argmin,2,pre,2.2101874351501465,node-a,167721.8765202017,883.8236331939697
ML-Argmin,2,pre,2.235825300216675,node-a,131820.95622140958,1066.6530132293701
ML-Argmin,2,pre,2.2953293323516846,node-a,120437.84923104082,1185.1353645324707
ML-Argmin,2,pre,2.316277265548706,node-a,157809.13203342384,1079.604148864746
ML-Argmin,2,pre,2.407419204711914,node-a,144681.6495914063,1261.873483657837
ML-Argmin,2,pre,2.5020158290863037,node-a,69001.2033442377,1106.2541007995605
ML-Argmin,2,pre,2.579838275909424,node-c,136458.52613701043,288.75184059143066
ML-Argmin,2,pre,2.5837819576263428,node-c,108702.0554711866,350.4507541656494
ML-Argmin,2,pre,2.6612658500671387,node-a,249739.9268553279,1453.4835815429688
ML-Argmin,2,pre,2.752548933029175,node-a,95292.74944174572,1093.785285949707
ML-Argmin,2,pre,2.833808183670044,node-a,198020.91207502445,1794.912338256836
ML-Argmin,2,pre,2.8518102169036865,node-a,59421.096437589345,1095.9932804107666
ML-Argmin,2,pre,2.8733692169189453,node-a,123834.75801374593,1533.3375930786133
ML-Argmin,2,pre,2.885128974914551,node-a,74200.53474110871,1443.4661865234375
ML-Argmin,2,pre,2.907559633255005,node-a,68292.6631255583,1683.7127208709717
ML-Argmin,2,pre,2.9133846759796143,node-a,156828.53976737894,1702.620506286621
ML-Argmin,2,pre,2.9223825931549072,node-a,64775.03990311567,1620.605707168579
ML-Argmin,2,pre,3.0136895179748535,node-a,98833.53138028491,1591.3279056549072
ML-Argmin,2,pre,3.286463737487793,node-a,74552.21479954233,1828.8447856903076
ML-Argmin,2,pre,3.3290321826934814,node-a,129082.557018691,1608.3664894104004
ML-Argmin,2,pre,3.3452706336975098,node-a,121668.61496709446,1885.021448135376
ML-Argmin,2,pre,3.3766069412231445,node-a,35877.1713952675,1577.2383213043213
ML-Argmin,2,pre,3.399590253829956,node-a,150375.51156504397,1735.7001304626465
ML-Argmin,2,pre,3.4085893630981445,node-a,78084.97404680376,1626.9893646240234
ML-Argmin,2,pre,3.482569694519043,node-b,288990.51593539614,375.73790550231934
ML-Argmin,2,pre,3.5776498317718506,node-a,164780.26744658782,1630.2683353424072
ML-Argmin,2,pre,3.6813056468963623,node-c,170855.38445046582,259.1068744659424
ML-Argmin,2,pre,4.04904842376709,node-c,32662.090327117512,49.9422550201416
ML-Argmin,2,pre,4.192488193511963,node-c,254512.03922270326,1036.7176532745361
ML-Argmin,2,pre,4.3066489696502686,node-c,109511.90856971427,640.3098106384277
ML-Argmin,2,pre,4.381393194198608,node-c,55275.256617759995,554.3761253356934
ML-Argmin,2,pre,4.420692443847656,node-c,125036.85461884315,1042.632818222046
ML-Argmin,2,pre,4.4235358238220215,node-c,202722.76865848014,1624.1974830627441
ML-Argmin,2,pre,4.4877705574035645,node-c,48976.21694540695,672.2910404205322
ML-Argmin,2,pre,4.533879041671753,node-c,180741.4129857124,2095.3235626220703
ML-Argmin,2,pre,4.6356377601623535,node-c,91413.92758223484,1902.3785591125488
ML-Argmin,2,pre,4.775146961212158,node-c,81204.50174534754,1794.532060623169
ML-Argmin,2,pre,4.799100875854492,node-c,87141.38485593077,1770.578145980835
ML-Argmin,2,pre,4.801764011383057,node-c,71480.6287554426,1647.4130153656006
ML-Argmin,2,pre,4.8653481006622314,node-c,118174.01539082656,1791.529893875122
ML-Argmin,2,pre,5.043011426925659,node-b,121035.69226641765,151.28660202026367
ML-Argmin,2,pre,5.098527908325195,node-b,178195.4629776408,377.9304027557373
ML-Argmin,2,pre,5.245479345321655,node-b,212311.13597099026,668.9958572387695
ML-Argmin,2,pre,5.295287132263184,node-b,91490.34472977764,384.3984603881836
ML-Argmin,2,pre,5.389296054840088,node-b,181168.85728987886,920.9849834442139
ML-Argmin,2,pre,5.405906438827515,node-b,60650.054317633025,575.1512050628662
ML-Argmin,2,pre,5.419156551361084,node-b,146044.40599747308,751.4908313751221
ML-Argmin,2,pre,5.426628828048706,node-b,62584.069902216645,749.3276596069336
ML-Argmin,2,pre,5.435124397277832,node-b,81252.30330619596,922.844648361206
ML-Argmin,2,pre,5.437772274017334,node-b,143612.45941904746,1262.049674987793
ML-Argmin,2,pre,5.555334091186523,node-b,74559.75776394318,1413.9766693115234
ML-Argmin,2,pre,5.589853048324585,node-b,135712.6829001382,1680.9837818145752
ML-Argmin,2,pre,5.61548924446106,node-b,52521.570601488296,993.3044910430908
ML-Argmin,2,pre,5.679057836532593,node-b,75527.27630821263,1576.066017150879
ML-Argmin,2,pre,5.691876173019409,node-b,138371.44789793502,1863.1556034088135
ML-Argmin,2,pre,5.822135925292969,node-b,221505.19387872738,1896.1918354034424
ML-Argmin,2,pre,5.91607403755188,node-b,60735.25994119714,1447.4461078643799
ML-Argmin,2,pre,5.936049938201904,node-b,229413.92149047562,1825.2289295196533
ML-Argmin,2,pre,5.95072865486145,node-b,121097.94509989381,1761.0185146331787
ML-Argmin,2,pre,5.986952543258667,node-b,319955.3556408464,2820.484161376953
ML-Argmin,2,pre,6.0056140422821045,node-b,91903.06180031507,2102.912425994873
ML-Argmin,2,pre,6.015052080154419,node-b,83262.61359693868,2178.4512996673584
ML-Argmin,2,pre,6.047733306884766,node-b,124633.86123717103,3250.5409717559814
ML-Argmin,2,pre,6.202719688415527,node-b,62960.52020738735,2299.506187438965
ML-Argmin,2,pre,6.270812273025513,node-b,113124.85776853017,2541.4111614227295
ML-Argmin,2,pre,6.487785577774048,node-b,103142.78702012755,3224.3454456329346
ML-Argmin,2,pre,6.6241748332977295,node-b,202436.6787934618,3138.627290725708
ML-Argmin,2,pre,6.705672740936279,node-b,125577.48676878189,2186.1789226531982
ML-Argmin,2,pre,6.8305442333221436,node-b,57849.81407137689,2841.0048484802246
ML-Argmin,2,pre,6.881823539733887,node-b,56262.78260919485,2399.4767665863037
ML-Argmin,2,pre,6.953142166137695,node-b,66759.93373838057,2642.9779529571533
ML-Argmin,2,pre,6.983452081680298,node-b,39053.9584329441,2315.3464794158936
ML-Argmin,2,pre,6.997849941253662,node-b,37435.687393403605,2724.5423793792725
ML-Argmin,2,pre,7.142289638519287,node-b,297358.4559712549,3830.481767654419
ML-Argmin,2,pre,7.155221223831177,node-a,70902.23696239552,100.9669303894043
ML-Argmin,2,pre,7.164493560791016,node-b,199031.12053762726,2933.680534362793
ML-Argmin,2,pre,7.190284490585327,node-a,74073.64433606842,93.27816963195801
ML-Argmin,2,pre,7.255123853683472,node-a,87250.66809787253,125.88262557983398
ML-Argmin,2,pre,7.2846763134002686,node-a,46224.35989219092,95.80588340759277
ML-Argmin,2,pre,7.328446388244629,node-b,197108.20921418018,3067.6887035369873
ML-Argmin,2,pre,7.479776620864868,node-a,87812.07084383666,85.86764335632324
ML-Argmin,2,pre,7.584996938705444,node-b,240319.8538693721,4075.8025646209717
ML-Argmin,2,pre,7.667781114578247,node-a,75500.97188660632,66.3003921508789
ML-Argmin,2,pre,7.678227424621582,node-b,199563.97666278764,4030.4040908813477
ML-Argmin,2,pre,7.761824131011963,node-b,220377.80958509035,4292.926788330078
ML-Argmin,2,pre,7.791415691375732,node-a,51005.137561874566,57.80649185180664
ML-Argmin,2,pre,7.799957752227783,node-a,132959.5267691617,191.2994384765625
ML-Argmin,2,pre,7.825868129730225,node-a,64195.76969845652,177.63519287109375
ML-Argmin,2,pre,7.833768606185913,node-a,60363.411125764105,209.61904525756836
ML-Argmin,2,pre,7.894622802734375,node-a,112701.95900297708,320.2061653137207
ML-Argmin,2,pre,7.961815595626831,node-a,158197.55595403787,338.54222297668457
ML-Argmin,2,pre,7.985008478164673,node-b,206033.2788852547,3888.1173133850098
ML-Argmin,2,pre,7.98815655708313,node-a,89792.58615725704,313.2505416870117
ML-Argmin,2,pre,8.172777891159058,node-c,172729.78164989504,373.98457527160645
ML-Argmin,2,pre,8.231151819229126,node-c,139873.0188860312,623.7936019897461
ML-Argmin,2,pre,8.333498001098633,node-c,105498.81499823197,800.7662296295166
ML-Argmin,2,pre,8.355747699737549,node-c,66594.88907882475,688.9047622680664
ML-Argmin,2,pre,8.47282361984253,node-c,108112.61172418865,785.8898639678955
ML-Argmin,2,pre,8.587998390197754,node-b,598346.4975434506,6696.555376052856
ML-Argmin,2,pre,8.594434261322021,node-c,66879.65519607144,561.121940612793
ML-Argmin,2,pre,8.964675664901733,node-c,97343.81090915356,690.3951168060303
ML-Argmin,2,pre,9.013371706008911,node-c,68158.23393630906,641.6990756988525
ML-Argmin,2,pre,9.112775325775146,node-a,208406.19271255654,188.68207931518555
ML-Argmin,2,pre,9.126531600952148,node-b,257634.29274614493,3855.28302192688
ML-Argmin,2,pre,9.192254304885864,node-a,204816.35926088237,224.1222858428955
ML-Argmin,2,pre,9.216618299484253,node-b,281092.3544582931,3962.719440460205
ML-Argmin,2,pre,9.323915719985962,node-c,101773.18245903993,516.0951614379883
ML-Argmin,2,pre,9.359739780426025,node-b,241677.4375960463,2951.4737129211426
ML-Argmin,2,pre,9.410981893539429,node-c,70298.45191990283,662.2514724731445
ML-Argmin,2,pre,9.447933435440063,node-a,227555.69672433857,163.069486618042
ML-Argmin,2,pre,9.49738073348999,node-b,220355.2022919788,4368.476152420044
ML-Argmin,2,pre,9.534366369247437,node-c,77527.26482530926,700.6659507751465
ML-Argmin,2,pre,9.574889183044434,node-c,168286.94166818928,1095.1673984527588
ML-Argmin,2,pre,9.575900077819824,node-c,61856.90444857818,1171.6713905334473
ML-Argmin,2,pre,9.687483549118042,node-c,52682.816264068606,963.6037349700928
ML-Argmin,2,pre,9.856581211090088,node-c,52912.93225855121,614.5820617675781
ML-Argmin,2,pre,9.899715423583984,node-c,60969.9222489509,862.1363639831543
ML-Argmin,2,pre,10.135664939880371,node-b,59824.23875112267,3159.2211723327637
ML-Argmin,2,pre,10.148195028305054,node-b,99574.76599762234,2712.7954959869385
ML-Argmin,2,pre,10.33539605140686,node-b,249522.33935689338,3836.009740829468
ML-Argmin,2,pre,10.364713430404663,node-b,92633.39674482694,2843.926191329956
ML-Argmin,2,pre,10.407427310943604,node-b,68942.87116652673,3214.86496925354
ML-Argmin,2,pre,10.576897859573364,node-b,147261.85073473316,3977.587938308716
ML-Argmin,2,pre,10.585581302642822,node-b,92844.89875971882,3184.0715408325195
ML-Argmin,2,pre,10.597856521606445,node-b,109835.52144200479,3391.706705093384
ML-Argmin,2,pre,10.689139127731323,node-b,127741.19551709681,3674.541711807251
ML-Argmin,2,pre,10.76245665550232,node-b,130334.83922551262,3726.9906997680664
ML-Argmin,2,pre,10.776650190353394,node-b,74575.350095239,3918.4372425079346
ML-Argmin,2,pre,10.811203479766846,node-b,92767.60884113966,4296.712160110474
ML-Argmin,2,pre,10.859058141708374,node-b,166768.79174821536,4306.361198425293
ML-Argmin,2,pre,10.99310040473938,node-b,86969.26859527297,4213.270902633667
ML-Argmin,2,pre,11.01774263381958,node-b,92999.45216783627,3958.0905437469482
ML-Argmin,2,pre,11.07077693939209,node-c,122095.5499709237,290.8620834350586
ML-Argmin,2,pre,11.093563795089722,node-c,129302.21621782823,376.875638961792
ML-Argmin,2,pre,11.113275051116943,node-a,89527.59843819555,66.90406799316406
ML-Argmin,2,pre,11.26428508758545,node-c,138709.3764617829,892.5445079803467
ML-Argmin,2,pre,11.299808740615845,node-c,104489.01608911462,652.6665687561035
ML-Argmin,2,pre,11.394468069076538,node-c,54544.72448643392,375.5624294281006
ML-Argmin,2,pre,11.411460399627686,node-c,144863.6358168491,748.1434345245361
ML-Argmin,2,pre,11.428116083145142,node-c,67949.87952299506,1134.8741054534912
ML-Argmin,2,pre,11.504942417144775,node-c,483900.159027796,4729.5403480529785
ML-Argmin,2,pre,11.60454773902893,node-a,121255.39048944013,124.92227554321289
ML-Argmin,2,pre,11.671005964279175,node-a,91223.17074295388,105.78393936157227
ML-Argmin,2,pre,11.748835325241089,node-c,160566.60350698358,1604.7468185424805
ML-Argmin,2,pre,11.820649862289429,node-c,218245.9137634305,3532.087564468384
ML-Argmin,2,pre,11.897839784622192,node-c,223880.29121497835,2967.8385257720947
ML-Argmin,2,pre,12.051016807556152,node-a,122376.2772654135,105.81278800964355
ML-Argmin,2,pre,12.24560022354126,node-c,179570.89543583003,2506.157159805298
ML-Argmin,2,pre,12.292363405227661,node-c,149625.4244515642,2046.0107326507568
ML-Argmin,2,pre,12.299315214157104,node-c,110157.04872010525,2736.295223236084
ML-Argmin,2,pre,12.39328384399414,node-c,49478.328977244884,1253.9703845977783
ML-Argmin,2,post,12.456153154373169,node-c,106566.18291696778,3212.9080295562744
ML-Argmin,2,post,12.62100625038147,node-a,29187.71490520153,38.18774223327637
ML-Argmin,2,post,12.694167852401733,node-c,67673.61977134302,1861.3975048065186
ML-Argmin,2,post,12.704694986343384,node-c,208133.36883841024,3645.9431648254395
ML-Argmin,2,post,12.775446653366089,node-c,115240.76474990943,3277.9722213745117
ML-Argmin,2,post,12.814210414886475,node-c,103145.22089347088,3246.655225753784
ML-Argmin,2,post,12.82697868347168,node-c,68126.82615807439,3101.0944843292236
ML-Argmin,2,post,12.843672275543213,node-a,68747.38710563972,124.67288970947266
ML-Argmin,2,post,13.080333948135376,node-b,74828.63260091827,2228.1596660614014
ML-Argmin,2,post,13.1117525100708,node-b,52563.87215809876,2196.176528930664
ML-Argmin,2,post,13.126159429550171,node-b,33848.499864860736,2248.5222816467285
ML-Argmin,2,post,13.15791940689087,node-b,176323.73704637637,3004.0791034698486
ML-Argmin,2,post,13.303579330444336,node-b,240672.4599439869,3604.478120803833
ML-Argmin,2,post,13.376229524612427,node-b,76535.51112696729,2703.2904624938965
ML-Argmin,2,post,13.390597343444824,node-b,154460.06890337676,2809.71622467041
ML-Argmin,2,post,13.39387583732605,node-b,56836.029187296306,2788.139820098877
ML-Argmin,2,post,13.4181969165802,node-b,125358.4485266038,3071.965217590332
ML-Argmin,2,post,13.433050632476807,node-b,52626.6439172561,2554.1646480560303
ML-Argmin,2,post,13.573057651519775,node-b,165789.76504629658,3188.6613368988037
ML-Argmin,2,post,13.580849409103394,node-b,108005.69946039325,3025.8944034576416
ML-Argmin,2,post,13.628054857254028,node-b,55580.948502297404,3080.242156982422
ML-Argmin,2,post,13.696686029434204,node-b,138335.2093606862,3584.357500076294
ML-Argmin,2,post,13.897346258163452,node-b,240028.41599784963,3998.5718727111816
ML-Argmin,2,post,13.916043519973755,node-b,105430.34537875067,3365.000009536743
ML-Argmin,2,post,14.035372257232666,node-b,102992.43471963843,3153.0473232269287
ML-Argmin,2,post,14.08711314201355,node-b,105688.00494322715,3666.9437885284424
ML-Argmin,2,post,14.206890106201172,node-b,111909.2667845413,3801.039934158325
ML-Argmin,2,post,14.230735063552856,node-b,196377.11303107353,3777.1949768066406
ML-Argmin,2,post,14.256012916564941,node-b,200461.4418466268,4006.635904312134
ML-Argmin,2,post,14.275104999542236,node-b,36602.558243676765,3833.6892127990723
ML-Argmin,2,post,14.344343185424805,node-b,192307.43661564428,4320.043087005615
ML-Argmin,2,post,14.387545585632324,node-b,94920.7024923591,4291.784763336182
ML-Argmin,2,post,14.45221471786499,node-b,241870.9865697281,5212.207794189453
ML-Argmin,2,post,14.535276651382446,node-b,132307.6487810209,4777.754068374634
ML-Argmin,2,post,14.619073390960693,node-b,170084.5581446378,4588.667154312134
ML-Argmin,2,post,14.690222978591919,node-b,81245.5843662284,4283.058881759644
ML-Argmin,2,post,14.785710096359253,node-b,53768.91929943072,4368.994235992432
ML-Argmin,2,post,14.789391040802002,node-b,118482.33676792201,5097.246885299683
ML-Argmin,2,post,14.889887809753418,node-b,170218.95709774297,5282.942056655884
ML-Argmin,2,post,14.98451018333435,node-b,151848.8679548389,4902.662992477417
ML-Argmin,2,post,15.012617826461792,node-b,155436.86305753337,5257.146596908569
ML-Argmin,2,post,15.027328968048096,node-b,117623.90820172158,5284.509658813477
ML-Argmin,2,post,15.079627752304077,node-b,150520.36879865042,5229.562282562256
ML-Argmin,2,post,15.216902494430542,node-a,69487.8660330493,143.7849998474121
ML-Argmin,2,post,15.239771842956543,node-a,97732.28565088607,338.7324810028076
ML-Argmin,2,post,15.338878870010376,node-a,48164.82199504199,236.41705513000488
ML-Argmin,2,post,15.541054248809814,node-a,102171.57224973959,326.01475715637207
ML-Argmin,2,post,15.572052955627441,node-a,89867.17059529426,327.8348445892334
ML-Argmin,2,post,15.867069005966187,node-a,107803.23522243656,619.964599609375
ML-Argmin,2,post,15.870265483856201,node-a,176925.49518747363,1319.7622299194336
ML-Argmin,2,post,15.873907089233398,node-a,108334.32124380568,1004.145622253418
ML-Argmin,2,post,16.00048041343689,node-a,24517.79481296957,366.1928176879883
ML-Argmin,2,post,16.04872989654541,node-a,208486.09750618594,1647.1278667449951
ML-Argmin,2,post,16.089248657226562,node-a,113312.94129430827,1386.002540588379
ML-Argmin,2,post,16.221726655960083,node-a,154854.5901983375,1871.9077110290527
ML-Argmin,2,post,16.393953800201416,node-a,70596.16125926025,1476.5474796295166
ML-Argmin,2,post,16.451250553131104,node-a,158822.58404132997,2009.4289779663086
ML-Argmin,2,post,16.59783363342285,node-a,226208.11271286613,2968.71018409729
ML-Argmin,2,post,16.664506673812866,node-a,46692.82095186679,1926.7199039459229
ML-Argmin,2,post,16.70358681678772,node-a,194250.8800445946,2472.607135772705
ML-Argmin,2,post,16.71739649772644,node-a,65696.99447412546,2361.3638877868652
ML-Argmin,2,post,16.810738563537598,node-a,71366.54965163015,2274.7881412506104
ML-Argmin,2,post,16.961629629135132,node-a,105025.7414821986,2610.186815261841
ML-Argmin,2,post,17.143146276474,node-b,298454.2470902574,4465.28172492981
ML-Argmin,2,post,17.166959524154663,node-a,42424.48280982193,2420.7887649536133
ML-Argmin,2,post,17.23427653312683,node-a,76195.00013681319,2726.410150527954
ML-Argmin,2,post,17.273077726364136,node-a,107154.66716004397,2715.3806686401367
ML-Argmin,2,post,17.38943862915039,node-a,145454.76462361164,2976.4294624328613
ML-Argmin,2,post,17.40571093559265,node-b,99130.54422161706,3315.397262573242
ML-Argmin,2,post,17.408363580703735,node-b,130139.61027968214,4267.869234085083
ML-Argmin,2,post,17.433342218399048,node-b,62457.75161743906,3337.2201919555664
ML-Argmin,2,post,17.43934941291809,node-b,154593.597285403,4059.9453449249268
ML-Argmin,2,post,17.471604824066162,node-b,178055.50393605273,4096.413135528564
ML-Argmin,2,post,17.502705335617065,node-b,60389.11493359494,3680.7727813720703
ML-Argmin,2,post,17.51366424560547,node-b,70697.02543803833,4257.129907608032
ML-Argmin,2,post,17.724594116210938,node-b,128098.60563933243,3935.4939460754395
ML-Argmin,2,post,17.744333505630493,node-b,124079.9792054047,4121.622562408447
ML-Argmin,2,post,17.83157968521118,node-b,136941.07180141992,4345.146894454956
ML-Argmin,2,post,17.844679594039917,node-b,56889.57582847403,4255.0694942474365
ML-Argmin,2,post,17.877700567245483,node-b,86231.53258722594,4330.220937728882
ML-Argmin,2,post,17.883479118347168,node-b,82117.94746789703,4602.746963500977
ML-Argmin,2,post,17.892056703567505,node-b,207811.02067755413,4989.171266555786
ML-Argmin,2,post,17.893656492233276,node-b,100237.47051930545,4583.994626998901
ML-Argmin,2,post,18.004401206970215,node-b,81563.99286031356,4481.303453445435
ML-Argmin,2,post,18.02731490135193,node-b,66632.56567311268,4593.223810195923
ML-Argmin,2,post,18.076340198516846,node-b,105165.4714177063,4877.689838409424
ML-Argmin,2,post,18.13758659362793,node-b,191580.22604395245,5522.377967834473
ML-Argmin,2,post,18.150364875793457,node-b,48133.83776963968,4908.611536026001
ML-Argmin,2,post,18.348777770996094,node-b,111423.9461925741,5215.805768966675
ML-Argmin,2,post,18.391269207000732,node-b,135879.0678238477,5392.566919326782
ML-Argmin,2,post,18.39721655845642,node-b,286464.85378330556,6309.967517852783
ML-Argmin,2,post,18.400489568710327,node-b,148164.60899869652,5668.448686599731
ML-Argmin,2,post,18.435746669769287,node-b,207993.58813365016,6623.429536819458
ML-Argmin,2,post,18.443795442581177,node-b,107548.95664164053,6031.3122272491455
ML-Argmin,2,post,18.466333150863647,node-b,52201.82436379145,5727.686405181885
ML-Argmin,2,post,18.51645255088806,node-b,51345.38906274144,5938.668012619019
ML-Argmin,2,post,18.522868394851685,node-b,73176.32322850969,6144.089221954346
ML-Argmin,2,post,18.543696641921997,node-b,112557.54050625555,6449.3982791900635
ML-Argmin,2,post,18.657111167907715,node-b,90938.08663624784,6230.494976043701
ML-Argmin,2,post,18.66009759902954,node-b,83055.93017385181,6418.244361877441
ML-Argmin,2,post,18.72563886642456,node-b,261691.67329798266,6733.374118804932
ML-Argmin,2,post,18.73074722290039,node-b,31419.92615996716,5847.5518226623535
ML-Argmin,2,post,18.912728309631348,node-b,61913.92481622444,6200.460195541382
ML-Argmin,2,post,18.93151330947876,node-b,351215.4698861071,7255.044221878052
ML-Argmin,2,post,18.948824882507324,node-b,122759.769924736,6919.1734790802
ML-Argmin,2,post,19.023712396621704,node-b,74909.21630865114,6853.141784667969
ML-Argmin,2,post,19.179405212402344,node-b,59631.05039628698,6679.939270019531
ML-Argmin,2,post,19.39734387397766,node-b,157703.5385249165,6904.765367507935
ML-Argmin,2,post,19.49703860282898,node-b,149483.9719226128,7592.48423576355
ML-Argmin,2,post,19.61293315887451,node-b,158132.2511753922,7603.833198547363
ML-Argmin,2,post,19.6873517036438,node-b,54635.277508150444,6728.625774383545
ML-Argmin,2,post,19.703633546829224,node-b,112442.02610133163,7205.662250518799
ML-Argmin,2,post,19.784332752227783,node-b,93988.92992877011,7269.164800643921
ML-Argmin,2,post,19.795676469802856,node-b,131343.10978650517,7426.474332809448
ML-Argmin,2,post,19.862072706222534,node-b,46472.2707131857,7158.226728439331
ML-Argmin,2,post,19.913812398910522,node-b,141779.47399966652,7661.121845245361
ML-Argmin,2,post,19.94072127342224,node-b,227912.2600376685,8760.309219360352
ML-Argmin,2,post,19.991677045822144,node-b,52625.72753116662,7577.357292175293
ML-Argmin,2,post,20.04964780807495,node-b,163416.81262342646,8404.181957244873
ML-Argmin,2,post,20.067650318145752,node-b,244710.8012593837,8505.31029701233
ML-Argmin,2,post,20.099018335342407,node-b,164532.1818903794,8509.251356124878
ML-Argmin,2,post,20.124245405197144,node-b,102717.7796094212,7748.763561248779
ML-Argmin,2,post,20.1728298664093,node-b,112458.80223164367,8280.999898910522
ML-Argmin,2,post,20.26976442337036,node-b,80575.91646631433,8484.053134918213
ML-Argmin,2,post,20.309700965881348,node-b,117804.93146999965,8588.496208190918
ML-Argmin,2,post,20.311838626861572,node-b,62313.01445882569,8463.821411132812
ML-Argmin,2,post,20.365868091583252,node-b,108390.65084539958,8602.594375610352
ML-Argmin,2,post,20.721108198165894,node-b,68953.02417074329,8369.55714225769
ML-Argmin,2,post,20.770562410354614,node-b,50662.25700527687,8320.10293006897
ML-Argmin,2,post,21.183478116989136,node-b,225302.67041490105,8410.470962524414
ML-Argmin,2,post,21.499294757843018,node-b,41329.883902482296,7771.199941635132
ML-Argmin,2,post,21.56854009628296,node-b,260586.76976453327,8317.172527313232
ML-Argmin,2,post,21.608933687210083,node-c,35070.334807336214,40.67349433898926
ML-Argmin,2,post,21.649607181549072,node-c,169653.83570552754,994.513750076294
ML-Argmin,2,post,21.66060185432434,node-c,116210.71508287721,683.7036609649658
ML-Argmin,2,post,21.67623281478882,node-c,46602.38491453153,271.59643173217773
ML-Argmin,2,post,21.7707941532135,node-c,81736.95691759237,657.3214530944824
ML-Argmin,2,post,21.86595606803894,node-c,63071.06264108798,673.4635829925537
ML-Argmin,2,post,21.94834542274475,node-c,65242.188182291946,779.7219753265381
ML-Argmin,2,post,22.10027003288269,node-c,165164.5445387355,1538.8298034667969
ML-Argmin,2,post,22.176726579666138,node-c,58259.124075115105,973.1848239898682
ML-Argmin,2,post,22.207921504974365,node-c,39886.97761605406,835.6814384460449
ML-Argmin,2,post,22.344305515289307,node-b,185971.28940662378,8309.472560882568
ML-Argmin,2,post,22.42862319946289,node-c,128790.65812230951,1199.2855072021484
ML-Argmin,2,post,22.477651119232178,node-c,105834.48611357775,1682.5449466705322
ML-Argmin,2,post,22.48570466041565,node-c,91578.58150842469,1250.9465217590332
ML-Argmin,2,post,22.486226081848145,node-c,150449.6116543441,1851.5441417694092
ML-Argmin,2,post,22.539419651031494,node-c,127656.8050984174,1818.0365562438965
ML-Argmin,2,post,22.62053871154785,node-c,99783.96721064666,1717.2315120697021
ML-Argmin,2,post,22.6446270942688,node-c,78385.51487620636,1417.9294109344482
ML-Argmin,2,post,22.72806739807129,node-a,182636.82692129948,251.13773345947266
ML-Argmin,2,post,22.88122797012329,node-b,221151.14031290569,7802.767753601074
ML-Argmin,2,post,22.954535007476807,node-c,134287.12359647918,2210.212230682373
ML-Argmin,2,post,22.97920513153076,node-b,483184.36228924984,9806.209564208984
ML-Argmin,2,post,23.04360294342041,node-c,118759.5160277153,2409.149169921875
ML-Argmin,2,post,23.05948233604431,node-c,116350.9117667674,2095.7181453704834
ML-Argmin,2,post,23.150432348251343,node-b,228907.40926121105,9022.356033325195
ML-Argmin,2,post,23.565149307250977,node-c,123011.09149633635,1697.336196899414
ML-Argmin,2,post,23.628415822982788,node-c,120981.39694306221,2228.689432144165
ML-Argmin,2,post,23.639099836349487,node-c,88395.30492295694,2097.2352027893066
ML-Argmin,2,post,23.659964561462402,node-c,135134.15364588873,2480.2803993225098
ML-Argmin,2,post,23.73717427253723,node-c,45103.34854093962,2097.4254608154297
ML-Argmin,2,post,23.783836126327515,node-c,73154.71737081907,2282.9744815826416
ML-Argmin,2,post,24.062556505203247,node-c,61212.0594300639,2180.8440685272217
ML-Argmin,2,post,24.06893825531006,node-c,34929.54887934183,2100.8248329162598
ML-Argmin,2,post,24.16019606590271,node-b,184292.0794179169,8132.330417633057
ML-Argmin,2,post,24.19456171989441,node-c,89524.08602886311,2270.030736923218
ML-Argmin,2,post,24.337770223617554,node-c,67716.66348925135,2700.5112171173096
ML-Argmin,2,post,24.337770223617554,node-c,128406.72788351933,2805.4370880126953
ML-Argmin,2,post,24.35745620727539,node-c,56280.70335737203,2669.8849201202393
ML-Argmin,2,post,24.45512056350708,node-c,167089.2690236387,2995.8009719848633
ML-Argmin,2,post,24.475107669830322,node-b,216511.45816703694,7478.416442871094
ML-Argmin,2,post,24.578299045562744,node-c,51223.55000947013,2777.8398990631104
ML-Argmin,2,post,24.66695761680603,node-b,193628.5303399264,8349.108219146729
ML-Argmin,2,post,24.707184076309204,node-c,117546.89359880175,3343.0023193359375
ML-Argmin,2,post,24.887606143951416,node-b,188463.3655731039,8394.606113433838
ML-Argmin,2,post,24.99309492111206,node-c,117201.91875021096,3342.2882556915283
ML-Argmin,2,post,25.059176206588745,node-c,69002.78502523685,2789.330244064331
ML-Argmin,2,post,25.078855514526367,node-c,47125.11825212916,3081.3026428222656
ML-Argmin,2,post,25.11318850517273,node-c,60260.33740732804,2932.17134475708
ML-Argmin,2,post,25.155200481414795,node-c,82124.94966572685,3186.091184616089
ML-Argmin,2,post,25.16474723815918,node-b,181051.80350096658,6813.554763793945
ML-Argmin,2,post,25.26248550415039,node-c,146384.69936449625,4172.255754470825
ML-Argmin,2,post,25.452752113342285,node-c,123612.60281440307,3806.854009628296
ML-Argmin,2,post,25.459012985229492,node-b,223335.85584656562,7551.656007766724
ML-Argmin,2,post,25.736838817596436,node-c,41648.59688107484,2910.845994949341
ML-Argmin,2,post,25.83459973335266,node-c,58407.765761723305,3425.00638961792
ML-Argmin,2,post,25.857105255126953,node-c,59330.1572935418,3392.2767639160156
ML-Argmin,2,post,25.859344482421875,node-c,109773.54121579713,3599.001407623291
ML-Argmin,2,post,25.868141889572144,node-c,45553.85332281193,3359.7652912139893
ML-Argmin,2,post,25.876854181289673,node-c,78855.28187149494,3974.0211963653564
ML-Argmin,2,post,26.066810607910156,node-b,212309.7240926999,7221.081018447876
ML-Argmin,2,post,26.140244960784912,node-a,176214.11014440862,257.5039863586426
ML-Argmin,2,post,26.170268297195435,node-b,232877.36051661134,7341.8872356414795
ML-Argmin,2,post,26.18655753135681,node-c,79661.32070675152,3940.9408569335938
ML-Argmin,2,post,26.24340057373047,node-c,62976.07335801964,3625.3836154937744
ML-Argmin,2,post,26.30273723602295,node-c,121817.1068458981,3836.6527557373047
ML-Argmin,2,post,26.397748947143555,node-c,66519.11612575708,3636.699676513672
ML-Argmin,2,post,26.415977478027344,node-c,101591.7694211906,3933.0403804779053
ML-Argmin,2,post,26.465150117874146,node-c,99282.53714184857,4102.067470550537
ML-Argmin,2,post,26.909295797348022,node-c,139503.98009728824,4148.36573600769
ML-Argmin,2,post,27.02083992958069,node-b,220728.43885744936,6439.561367034912
ML-Argmin,2,post,27.02734112739563,node-b,215107.6128691223,6556.146144866943
ML-Argmin,2,post,27.038281440734863,node-a,171224.8417604041,249.1891384124756
ML-Argmin,2,post,27.05400276184082,node-c,95996.98192425158,4197.143316268921
ML-Argmin,2,post,27.090057373046875,node-c,148991.1330082209,4573.668718338013
ML-Argmin,2,post,27.14320731163025,node-c,87920.28855003945,4284.199476242065
ML-Argmin,2,post,27.217275142669678,node-c,67119.79394623883,4043.450355529785
ML-Argmin,2,post,27.222150802612305,node-c,49262.26371755969,4332.777500152588
ML-Argmin,2,post,27.289271116256714,node-c,79719.35182931223,4363.349437713623
ML-Argmin,2,post,27.356138944625854,node-c,137641.36687346364,4994.067668914795
ML-Argmin,2,post,27.451428413391113,node-c,151155.31458106294,4884.174823760986
ML-Argmin,2,post,27.5695641040802,node-c,109141.61865804168,4796.682119369507
ML-Softmax,2,pre,0.1692218780517578,node-b,218213.31842459957,210.06512641906738
ML-Softmax,2,pre,0.331326961517334,node-c,111457.60703084857,86.48681640625
ML-Softmax,2,pre,0.4928436279296875,node-b,124694.67280236154,113.13271522521973
ML-Softmax,2,pre,0.5163190364837646,node-c,186927.89235352064,199.53680038452148
ML-Softmax,2,pre,0.5204730033874512,node-a,159910.40836183788,116.64795875549316
ML-Softmax,2,pre,0.6182191371917725,node-a,141453.3524410636,123.43859672546387
ML-Softmax,2,pre,0.7185280323028564,node-b,87610.9903703628,61.91658973693848
ML-Softmax,2,pre,0.9329943656921387,node-c,63628.08540957609,55.5880069732666
ML-Softmax,2,pre,0.939795970916748,node-a,127814.01390221507,92.32974052429199
ML-Softmax,2,pre,1.010547161102295,node-c,81983.00650204683,93.80292892456055
ML-Softmax,2,pre,1.0155301094055176,node-b,160149.7276613798,166.99624061584473
ML-Softmax,2,pre,1.0883588790893555,node-a,117697.6404377512,86.75599098205566
ML-Softmax,2,pre,1.2116036415100098,node-b,72955.12798029001,70.2822208404541
ML-Softmax,2,pre,1.2342336177825928,node-a,121068.24249804058,112.64514923095703
ML-Softmax,2,pre,1.3230867385864258,node-a,150970.12660419452,135.8628273010254
ML-Softmax,2,pre,1.3317759037017822,node-b,115729.06363961918,172.42074012756348
ML-Softmax,2,pre,1.3387548923492432,node-c,71608.02823073413,66.62130355834961
ML-Softmax,2,pre,1.360703468322754,node-b,120742.0247362599,259.8614692687988
ML-Softmax,2,pre,1.4228100776672363,node-c,126594.94691661684,185.1329803466797
ML-Softmax,2,pre,1.4515819549560547,node-a,159913.8816702961,123.46267700195312
ML-Softmax,2,pre,1.5366172790527344,node-b,151943.5323477367,226.94969177246094
ML-Softmax,2,pre,1.5507991313934326,node-a,67246.36643380923,76.25627517700195
ML-Softmax,2,pre,1.6772964000701904,node-a,82566.66805819259,78.07183265686035
ML-Softmax,2,pre,1.7662298679351807,node-c,143358.47430391939,314.69273567199707
ML-Softmax,2,pre,1.806168794631958,node-c,45315.64974169424,268.91255378723145
ML-Softmax,2,pre,1.837625503540039,node-a,156195.1439530117,125.40340423583984
ML-Softmax,2,pre,1.8705170154571533,node-b,69600.15529685577,198.6985206604004
ML-Softmax,2,pre,1.873262643814087,node-b,85764.39304135942,284.05165672302246
ML-Softmax,2,pre,1.8865716457366943,node-b,217927.34118280868,680.4080009460449
ML-Softmax,2,pre,1.933253288269043,node-b,102539.72647625259,534.2741012573242
ML-Softmax,2,pre,1.961202621459961,node-b,91063.05423411833,629.1837692260742
ML-Softmax,2,pre,2.0478246212005615,node-b,121899.66573644752,609.1666221618652
ML-Softmax,2,pre,2.0954537391662598,node-c,101040.2843769901,120.697021484375
ML-Softmax,2,pre,2.114973545074463,node-a,77442.61668888119,114.00771141052246
ML-Softmax,2,pre,2.1443519592285156,node-a,119991.45302657786,224.5314121246338
ML-Softmax,2,pre,2.189035177230835,node-a,308248.6183349313,464.4746780395508
ML-Softmax,2,pre,2.2118897438049316,node-c,167721.8765202017,476.41563415527344
ML-Softmax,2,pre,2.235658884048462,node-b,131820.95622140958,484.16876792907715
ML-Softmax,2,pre,2.2950522899627686,node-a,120437.84923104082,287.5502109527588
ML-Softmax,2,pre,2.3153774738311768,node-c,157809.13203342384,579.437255859375
ML-Softmax,2,pre,2.406538963317871,node-a,144681.6495914063,443.3445930480957
ML-Softmax,2,pre,2.506699800491333,node-a,69001.2033442377,269.4671154022217
ML-Softmax,2,pre,2.579379081726074,node-c,136458.52613701043,503.99231910705566
ML-Softmax,2,pre,2.583108901977539,node-a,108702.0554711866,279.1717052459717
ML-Softmax,2,pre,2.661804437637329,node-a,249739.9268553279,484.6794605255127
ML-Softmax,2,pre,2.755488634109497,node-c,95292.74944174572,429.5203685760498
ML-Softmax,2,pre,2.8303074836730957,node-b,198020.91207502445,450.22010803222656
ML-Softmax,2,pre,2.8536479473114014,node-b,59421.096437589345,427.4749755859375
ML-Softmax,2,pre,2.8747103214263916,node-a,123834.75801374593,215.5325412750244
ML-Softmax,2,pre,2.8852200508117676,node-b,74200.53474110871,331.1796188354492
ML-Softmax,2,pre,2.9096977710723877,node-b,68292.6631255583,272.68505096435547
ML-Softmax,2,pre,2.912541151046753,node-b,156828.53976737894,758.4249973297119
ML-Softmax,2,pre,2.9228062629699707,node-b,64775.03990311567,652.7292728424072
ML-Softmax,2,pre,3.014387369155884,node-b,98833.53138028491,700.3762722015381
ML-Softmax,2,pre,3.289071798324585,node-b,74552.21479954233,425.1434803009033
ML-Softmax,2,pre,3.3276166915893555,node-a,129082.557018691,271.8660831451416
ML-Softmax,2,pre,3.3461084365844727,node-a,121668.61496709446,246.9017505645752
ML-Softmax,2,pre,3.3777291774749756,node-a,35877.1713952675,298.88367652893066
ML-Softmax,2,pre,3.3994052410125732,node-a,150375.51156504397,474.55334663391113
ML-Softmax,2,pre,3.4096808433532715,node-a,78084.97404680376,373.85010719299316
ML-Softmax,2,pre,3.4815804958343506,node-a,288990.51593539614,801.1677265167236
ML-Softmax,2,pre,3.580599308013916,node-a,164780.26744658782,634.2835426330566
ML-Softmax,2,pre,3.6831119060516357,node-a,170855.38445046582,547.9931831359863
ML-Softmax,2,pre,4.048544883728027,node-c,32662.090327117512,39.86644744873047
ML-Softmax,2,pre,4.195026636123657,node-b,254512.03922270326,261.60240173339844
ML-Softmax,2,pre,4.309692621231079,node-c,109511.90856971427,107.77592658996582
ML-Softmax,2,pre,4.380396842956543,node-c,55275.256617759995,129.97961044311523
ML-Softmax,2,pre,4.421125411987305,node-a,125036.85461884315,158.6625576019287
ML-Softmax,2,pre,4.423786640167236,node-a,202722.76865848014,249.95064735412598
ML-Softmax,2,pre,4.489523887634277,node-b,48976.21694540695,57.4641227722168
ML-Softmax,2,pre,4.533048868179321,node-c,180741.4129857124,277.59385108947754
ML-Softmax,2,pre,4.636755466461182,node-b,91413.92758223484,66.74027442932129
ML-Softmax,2,pre,4.777010917663574,node-b,81204.50174534754,78.53412628173828
ML-Softmax,2,pre,4.799514293670654,node-a,87141.38485593077,64.99171257019043
ML-Softmax,2,pre,4.80194354057312,node-b,71480.6287554426,100.69584846496582
ML-Softmax,2,pre,4.8667991161346436,node-c,118174.01539082656,147.71199226379395
ML-Softmax,2,pre,5.042176723480225,node-c,121035.69226641765,338.87410163879395
ML-Softmax,2,pre,5.098215579986572,node-c,178195.4629776408,521.1236476898193
ML-Softmax,2,pre,5.244443893432617,node-a,212311.13597099026,240.2489185333252
ML-Softmax,2,pre,5.297489166259766,node-a,91490.34472977764,171.34952545166016
ML-Softmax,2,pre,5.391232490539551,node-b,181168.85728987886,487.6108169555664
ML-Softmax,2,pre,5.408409833908081,node-b,60650.054317633025,406.57997131347656
ML-Softmax,2,pre,5.41639518737793,node-b,146044.40599747308,592.0858383178711
ML-Softmax,2,pre,5.425460338592529,node-b,62584.069902216645,383.7580680847168
ML-Softmax,2,pre,5.436392784118652,node-b,81252.30330619596,288.6340618133545
ML-Softmax,2,pre,5.439094066619873,node-c,143612.45941904746,354.1696071624756
ML-Softmax,2,pre,5.555552005767822,node-a,74559.75776394318,99.16472434997559
ML-Softmax,2,pre,5.590974569320679,node-a,135712.6829001382,193.50838661193848
ML-Softmax,2,pre,5.616475343704224,node-b,52521.570601488296,462.7678394317627
ML-Softmax,2,pre,5.67762017250061,node-b,75527.27630821263,430.08899688720703
ML-Softmax,2,pre,5.694470405578613,node-a,138371.44789793502,166.46218299865723
ML-Softmax,2,pre,5.8228724002838135,node-c,221505.19387872738,381.46281242370605
ML-Softmax,2,pre,5.915815114974976,node-a,60735.25994119714,119.46845054626465
ML-Softmax,2,pre,5.938542366027832,node-a,229413.92149047562,589.0874862670898
ML-Softmax,2,pre,5.952673673629761,node-a,121097.94509989381,268.7380313873291
ML-Softmax,2,pre,5.987122058868408,node-c,319955.3556408464,700.4671096801758
ML-Softmax,2,pre,6.009549617767334,node-a,91903.06180031507,519.1817283630371
ML-Softmax,2,pre,6.012765169143677,node-a,83262.61359693868,313.950777053833
ML-Softmax,2,pre,6.046742916107178,node-a,124633.86123717103,481.98843002319336
ML-Softmax,2,pre,6.204883337020874,node-a,62960.52020738735,323.84800910949707
ML-Softmax,2,pre,6.273895502090454,node-b,113124.85776853017,97.1367359161377
ML-Softmax,2,pre,6.485591411590576,node-a,103142.78702012755,122.19071388244629
ML-Softmax,2,pre,6.626422166824341,node-a,202436.6787934618,166.95642471313477
ML-Softmax,2,pre,6.702106952667236,node-c,125577.48676878189,205.29961585998535
ML-Softmax,2,pre,6.833958148956299,node-a,57849.81407137689,62.18671798706055
ML-Softmax,2,pre,6.881843090057373,node-b,56262.78260919485,60.93335151672363
ML-Softmax,2,pre,6.954667329788208,node-b,66759.93373838057,74.16200637817383
ML-Softmax,2,pre,6.981808185577393,node-b,39053.9584329441,101.75204277038574
ML-Softmax,2,pre,6.995995044708252,node-b,37435.687393403605,94.18272972106934
ML-Softmax,2,pre,7.144484519958496,node-b,297358.4559712549,367.4938678741455
ML-Softmax,2,pre,7.154477119445801,node-a,70902.23696239552,84.15412902832031
ML-Softmax,2,pre,7.166807174682617,node-a,199031.12053762726,232.666015625
ML-Softmax,2,pre,7.186261892318726,node-b,74073.64433606842,181.26153945922852
ML-Softmax,2,pre,7.254853248596191,node-c,87250.66809787253,70.45149803161621
ML-Softmax,2,pre,7.286391258239746,node-a,46224.35989219092,115.13948440551758
ML-Softmax,2,pre,7.331143617630005,node-c,197108.20921418018,349.0755558013916
ML-Softmax,2,pre,7.478598356246948,node-a,87812.07084383666,78.19318771362305
ML-Softmax,2,pre,7.585649728775024,node-a,240319.8538693721,298.86651039123535
ML-Softmax,2,pre,7.668951511383057,node-a,75500.97188660632,148.9236354827881
ML-Softmax,2,pre,7.680734395980835,node-b,199563.97666278764,194.7040557861328
ML-Softmax,2,pre,7.760696649551392,node-c,220377.80958509035,1235.5740070343018
ML-Softmax,2,pre,7.792381286621094,node-a,51005.137561874566,87.86869049072266
ML-Softmax,2,pre,7.800334453582764,node-c,132959.5267691617,685.8899593353271
ML-Softmax,2,pre,7.830806493759155,node-c,64195.76969845652,677.3107051849365
ML-Softmax,2,pre,7.834750652313232,node-c,60363.411125764105,538.9552116394043
ML-Softmax,2,pre,7.896631240844727,node-c,112701.95900297708,1085.1092338562012
ML-Softmax,2,pre,7.961679220199585,node-b,158197.55595403787,129.26697731018066
ML-Softmax,2,pre,7.985142707824707,node-a,206033.2788852547,235.10456085205078
ML-Softmax,2,pre,7.98713493347168,node-a,89792.58615725704,145.85089683532715
ML-Softmax,2,pre,8.175349950790405,node-a,172729.78164989504,154.80732917785645
ML-Softmax,2,pre,8.230768918991089,node-c,139873.0188860312,847.646951675415
ML-Softmax,2,pre,8.333855867385864,node-a,105498.81499823197,123.91901016235352
ML-Softmax,2,pre,8.357009172439575,node-a,66594.88907882475,110.91208457946777
ML-Softmax,2,pre,8.471496105194092,node-b,108112.61172418865,88.0117416381836
ML-Softmax,2,pre,8.58859634399414,node-a,598346.4975434506,533.8118076324463
ML-Softmax,2,pre,8.594768524169922,node-a,66879.65519607144,141.73316955566406
ML-Softmax,2,pre,8.967368602752686,node-b,97343.81090915356,113.68465423583984
ML-Softmax,2,pre,9.014298439025879,node-b,68158.23393630906,286.64350509643555
ML-Softmax,2,pre,9.110708475112915,node-b,208406.19271255654,501.02853775024414
ML-Softmax,2,pre,9.125032663345337,node-b,257634.29274614493,643.5179710388184
ML-Softmax,2,pre,9.197289228439331,node-a,204816.35926088237,299.19910430908203
ML-Softmax,2,pre,9.215287923812866,node-a,281092.3544582931,437.7315044403076
ML-Softmax,2,pre,9.325475454330444,node-a,101773.18245903993,342.9696559906006
ML-Softmax,2,pre,9.356555938720703,node-a,241677.4375960463,999.6590614318848
ML-Softmax,2,pre,9.413697481155396,node-a,70298.45191990283,379.270076751709
ML-Softmax,2,pre,9.446108341217041,node-a,227555.69672433857,973.9935398101807
ML-Softmax,2,pre,9.502593994140625,node-a,220355.2022919788,902.7378559112549
ML-Softmax,2,pre,9.530322074890137,node-a,77527.26482530926,617.7890300750732
ML-Softmax,2,pre,9.576690912246704,node-a,168286.94166818928,867.3989772796631
ML-Softmax,2,pre,9.57876968383789,node-c,61856.90444857818,69.6723461151123
ML-Softmax,2,pre,9.684879064559937,node-a,52682.816264068606,685.9822273254395
ML-Softmax,2,pre,9.861103296279907,node-c,52912.93225855121,70.93405723571777
ML-Softmax,2,pre,9.90048336982727,node-b,60969.9222489509,59.070587158203125
ML-Softmax,2,pre,10.134496212005615,node-b,59824.23875112267,81.34603500366211
ML-Softmax,2,pre,10.146454811096191,node-b,99574.76599762234,146.40259742736816
ML-Softmax,2,pre,10.336346864700317,node-c,249522.33935689338,560.6684684753418
ML-Softmax,2,pre,10.36455488204956,node-c,92633.39674482694,447.3910331726074
ML-Softmax,2,pre,10.408993005752563,node-b,68942.87116652673,73.40240478515625
ML-Softmax,2,pre,10.577408075332642,node-a,147261.85073473316,227.62489318847656
ML-Softmax,2,pre,10.586103916168213,node-a,92844.89875971882,257.9662799835205
ML-Softmax,2,pre,10.597019672393799,node-a,109835.52144200479,248.08835983276367
ML-Softmax,2,pre,10.692026853561401,node-b,127741.19551709681,96.71950340270996
ML-Softmax,2,pre,10.762089967727661,node-b,130334.83922551262,343.5676097869873
ML-Softmax,2,pre,10.777304649353027,node-c,74575.350095239,233.8879108428955
ML-Softmax,2,pre,10.811393976211548,node-b,92767.60884113966,282.72271156311035
ML-Softmax,2,pre,10.859682559967041,node-b,166768.79174821536,497.09320068359375
ML-Softmax,2,pre,10.99474048614502,node-b,86969.26859527297,365.1275634765625
ML-Softmax,2,pre,11.016685009002686,node-b,92999.45216783627,386.1052989959717
ML-Softmax,2,pre,11.070433855056763,node-a,122095.5499709237,154.9980640411377
ML-Softmax,2,pre,11.095161199569702,node-a,129302.21621782823,228.48796844482422
ML-Softmax,2,pre,11.113412380218506,node-a,89527.59843819555,218.04451942443848
ML-Softmax,2,pre,11.2636878490448,node-c,138709.3764617829,429.9888610839844
ML-Softmax,2,pre,11.299564838409424,node-c,104489.01608911462,500.3199577331543
ML-Softmax,2,pre,11.395841836929321,node-c,54544.72448643392,396.1000442504883
ML-Softmax,2,pre,11.414603471755981,node-b,144863.6358168491,176.95021629333496
ML-Softmax,2,pre,11.429026365280151,node-c,67949.87952299506,478.44481468200684
ML-Softmax,2,pre,11.503627300262451,node-b,483900.159027796,662.4321937561035
ML-Softmax,2,pre,11.605953216552734,node-a,121255.39048944013,95.7345962524414
ML-Softmax,2,pre,11.669156789779663,node-b,91223.17074295388,209.3954086303711
ML-Softmax,2,pre,11.749817609786987,node-a,160566.60350698358,146.97933197021484
ML-Softmax,2,pre,11.824513912200928,node-a,218245.9137634305,308.5792064666748
ML-Softmax,2,pre,11.896796941757202,node-a,223880.29121497835,299.14116859436035
ML-Softmax,2,pre,12.054089546203613,node-c,122376.2772654135,149.2602825164795
ML-Softmax,2,pre,12.244833707809448,node-b,179570.89543583003,251.30915641784668
ML-Softmax,2,pre,12.292595148086548,node-a,149625.4244515642,114.6402359008789
ML-Softmax,2,pre,12.302103042602539,node-b,110157.04872010525,269.101619720459
ML-Softmax,2,pre,12.394704103469849,node-c,49478.328977244884,64.88585472106934
ML-Softmax,2,post,12.45431399345398,node-a,106566.18291696778,204.93698120117188
ML-Softmax,2,post,12.620651960372925,node-a,29187.71490520153,61.0508918762207
ML-Softmax,2,post,12.697277069091797,node-c,67673.61977134302,78.27162742614746
ML-Softmax,2,post,12.70596194267273,node-a,208133.36883841024,656.6057205200195
ML-Softmax,2,post,12.776907205581665,node-a,115240.76474990943,404.620885848999
ML-Softmax,2,post,12.817145347595215,node-b,103145.22089347088,187.6215934753418
ML-Softmax,2,post,12.823068618774414,node-c,68126.82615807439,93.19424629211426
ML-Softmax,2,post,12.845336437225342,node-b,68747.38710563972,159.93785858154297
ML-Softmax,2,post,13.080111742019653,node-b,74828.63260091827,77.96454429626465
ML-Softmax,2,post,13.113382816314697,node-c,52563.87215809876,51.06997489929199
ML-Softmax,2,post,13.128146171569824,node-b,33848.499864860736,56.58078193664551
ML-Softmax,2,post,13.158628940582275,node-c,176323.73704637637,243.93939971923828
ML-Softmax,2,post,13.299652814865112,node-a,240672.4599439869,480.61680793762207
ML-Softmax,2,post,13.379359722137451,node-b,76535.51112696729,106.51254653930664
ML-Softmax,2,post,13.390111923217773,node-b,154460.06890337676,314.64600563049316
ML-Softmax,2,post,13.391703367233276,node-b,56836.029187296306,201.27296447753906
ML-Softmax,2,post,13.420685529708862,node-b,125358.4485266038,485.9790802001953
ML-Softmax,2,post,13.43294644355774,node-c,52626.6439172561,71.22683525085449
ML-Softmax,2,post,13.573743343353271,node-b,165789.76504629658,399.4789123535156
ML-Softmax,2,post,13.580713510513306,node-c,108005.69946039325,209.52916145324707
ML-Softmax,2,post,13.627686500549316,node-c,55580.948502297404,173.12932014465332
ML-Softmax,2,post,13.696593999862671,node-c,138335.2093606862,316.9088363647461
ML-Softmax,2,post,13.898825883865356,node-a,240028.41599784963,1172.83034324646
ML-Softmax,2,post,13.916404008865356,node-a,105430.34537875067,549.654483795166
ML-Softmax,2,post,14.0365309715271,node-c,102992.43471963843,162.88256645202637
ML-Softmax,2,post,14.087790250778198,node-a,105688.00494322715,893.2685852050781
ML-Softmax,2,post,14.206688404083252,node-b,111909.2667845413,192.16108322143555
ML-Softmax,2,post,14.232405662536621,node-b,196377.11303107353,533.4126949310303
ML-Softmax,2,post,14.256037950515747,node-b,200461.4418466268,610.3518009185791
ML-Softmax,2,post,14.273549795150757,node-c,36602.558243676765,32.401084899902344
ML-Softmax,2,post,14.344414472579956,node-c,192307.43661564428,734.0874671936035
ML-Softmax,2,post,14.392231702804565,node-a,94920.7024923591,672.1186637878418
ML-Softmax,2,post,14.447546243667603,node-c,241870.9865697281,970.0613021850586
ML-Softmax,2,post,14.53832721710205,node-b,132307.6487810209,470.26920318603516
ML-Softmax,2,post,14.61992883682251,node-c,170084.5581446378,1282.118797302246
ML-Softmax,2,post,14.690324068069458,node-c,81245.5843662284,1492.8092956542969
ML-Softmax,2,post,14.787012338638306,node-c,53768.91929943072,1113.4686470031738
ML-Softmax,2,post,14.789067268371582,node-c,118482.33676792201,1409.165859222412
ML-Softmax,2,post,14.890039920806885,node-b,170218.95709774297,424.8383045196533
ML-Softmax,2,post,14.98427414894104,node-a,151848.8679548389,380.6116580963135
ML-Softmax,2,post,15.01223635673523,node-c,155436.86305753337,1471.7223644256592
ML-Softmax,2,post,15.026418209075928,node-b,117623.90820172158,293.7512397766113
ML-Softmax,2,post,15.081188678741455,node-b,150520.36879865042,435.9419345855713
ML-Softmax,2,post,15.21559476852417,node-b,69487.8660330493,240.91362953186035
ML-Softmax,2,post,15.240315914154053,node-c,97732.28565088607,1134.3436241149902
ML-Softmax,2,post,15.340756177902222,node-c,48164.82199504199,1162.1148586273193
ML-Softmax,2,post,15.54206919670105,node-b,102171.57224973959,91.25995635986328
ML-Softmax,2,post,15.572412490844727,node-c,89867.17059529426,1111.0451221466064
ML-Softmax,2,post,15.86876130104065,node-b,107803.23522243656,246.21105194091797
ML-Softmax,2,post,15.874069452285767,node-b,176925.49518747363,441.5628910064697
ML-Softmax,2,post,15.875637531280518,node-b,108334.32124380568,414.86406326293945
ML-Softmax,2,post,16.003111124038696,node-a,24517.79481296957,37.95218467712402
ML-Softmax,2,post,16.047470569610596,node-b,208486.09750618594,619.1956996917725
ML-Softmax,2,post,16.08712077140808,node-a,113312.94129430827,102.67758369445801
ML-Softmax,2,post,16.225613355636597,node-b,154854.5901983375,437.35241889953613
ML-Softmax,2,post,16.394346952438354,node-a,70596.16125926025,65.70672988891602
ML-Softmax,2,post,16.45172905921936,node-a,158822.58404132997,242.36750602722168
ML-Softmax,2,post,16.597384214401245,node-a,226208.11271286613,779.9229621887207
ML-Softmax,2,post,16.666666269302368,node-a,46692.82095186679,402.5602340698242
ML-Softmax,2,post,16.70268678665161,node-c,194250.8800445946,515.117883682251
ML-Softmax,2,post,16.717925310134888,node-c,65696.99447412546,396.15583419799805
ML-Softmax,2,post,16.81271004676819,node-c,71366.54965163015,384.5186233520508
ML-Softmax,2,post,16.963773727416992,node-a,105025.7414821986,508.4798336029053
ML-Softmax,2,post,17.14275050163269,node-b,298454.2470902574,570.1801776885986
ML-Softmax,2,post,17.16739249229431,node-b,42424.48280982193,297.9302406311035
ML-Softmax,2,post,17.2342631816864,node-b,76195.00013681319,231.05955123901367
ML-Softmax,2,post,17.273531436920166,node-b,107154.66716004397,434.0853691101074
ML-Softmax,2,post,17.388437747955322,node-c,145454.76462361164,586.0488414764404
ML-Softmax,2,post,17.40611481666565,node-c,99130.54422161706,311.56301498413086
ML-Softmax,2,post,17.4099338054657,node-b,130139.61027968214,497.9727268218994
ML-Softmax,2,post,17.43324327468872,node-c,62457.75161743906,564.8362636566162
ML-Softmax,2,post,17.43792223930359,node-c,154593.597285403,1473.3288288116455
ML-Softmax,2,post,17.47172212600708,node-b,178055.50393605273,540.5871868133545
ML-Softmax,2,post,17.504400968551636,node-c,60389.11493359494,704.1471004486084
ML-Softmax,2,post,17.51365637779236,node-c,70697.02543803833,793.7026023864746
ML-Softmax,2,post,17.72453284263611,node-a,128098.60563933243,159.5149040222168
ML-Softmax,2,post,17.745281219482422,node-c,124079.9792054047,1764.2686367034912
ML-Softmax,2,post,17.83131194114685,node-c,136941.07180141992,1974.5266437530518
ML-Softmax,2,post,17.84358048439026,node-c,56889.57582847403,1146.5072631835938
ML-Softmax,2,post,17.878280878067017,node-c,86231.53258722594,1417.0055389404297
ML-Softmax,2,post,17.884564876556396,node-a,82117.94746789703,301.4051914215088
ML-Softmax,2,post,17.89269757270813,node-a,207811.02067755413,696.502685546875
ML-Softmax,2,post,17.89540123939514,node-c,100237.47051930545,1803.5004138946533
ML-Softmax,2,post,18.003313779830933,node-a,81563.99286031356,487.3852729797363
ML-Softmax,2,post,18.027957439422607,node-c,66632.56567311268,1470.231294631958
ML-Softmax,2,post,18.079280853271484,node-c,105165.4714177063,1995.290994644165
ML-Softmax,2,post,18.13671565055847,node-c,191580.22604395245,2044.356107711792
ML-Softmax,2,post,18.149421453475952,node-c,48133.83776963968,1541.4299964904785
ML-Softmax,2,post,18.351027965545654,node-b,111423.9461925741,431.0793876647949
ML-Softmax,2,post,18.389398336410522,node-b,135879.0678238477,381.91866874694824
ML-Softmax,2,post,18.394914627075195,node-a,286464.85378330556,893.3730125427246
ML-Softmax,2,post,18.399697303771973,node-b,148164.60899869652,567.1935081481934
ML-Softmax,2,post,18.4340877532959,node-b,207993.58813365016,1136.2690925598145
ML-Softmax,2,post,18.447187900543213,node-b,107548.95664164053,714.8468494415283
ML-Softmax,2,post,18.46843981742859,node-b,52201.82436379145,511.0759735107422
ML-Softmax,2,post,18.518990993499756,node-b,51345.38906274144,596.2316989898682
ML-Softmax,2,post,18.52238941192627,node-b,73176.32322850969,1186.631202697754
ML-Softmax,2,post,18.544131755828857,node-b,112557.54050625555,1318.98832321167
ML-Softmax,2,post,18.65786123275757,node-b,90938.08663624784,1036.7038249969482
ML-Softmax,2,post,18.661176681518555,node-b,83055.93017385181,1201.9433975219727
ML-Softmax,2,post,18.726993560791016,node-b,261691.67329798266,1629.7931671142578
ML-Softmax,2,post,18.729745864868164,node-b,31419.92615996716,1156.3985347747803
ML-Softmax,2,post,18.914451122283936,node-b,61913.92481622444,1296.0755825042725
ML-Softmax,2,post,18.930362939834595,node-a,351215.4698861071,1041.1527156829834
ML-Softmax,2,post,18.951156854629517,node-b,122759.769924736,1549.4539737701416
ML-Softmax,2,post,19.024055242538452,node-b,74909.21630865114,1267.2419548034668
ML-Softmax,2,post,19.178874492645264,node-b,59631.05039628698,1226.9833087921143
ML-Softmax,2,post,19.399465084075928,node-b,157703.5385249165,1588.512897491455
ML-Softmax,2,post,19.496599197387695,node-b,149483.9719226128,1421.266794204712
ML-Softmax,2,post,19.61242389678955,node-b,158132.2511753922,1712.8574848175049
ML-Softmax,2,post,19.692421913146973,node-b,54635.277508150444,1295.5560684204102
ML-Softmax,2,post,19.70307731628418,node-b,112442.02610133163,1519.5622444152832
ML-Softmax,2,post,19.78401517868042,node-b,93988.92992877011,1528.5110473632812
ML-Softmax,2,post,19.796871185302734,node-b,131343.10978650517,1598.8526344299316
ML-Softmax,2,post,19.864161252975464,node-b,46472.2707131857,1557.7232837677002
ML-Softmax,2,post,19.916901350021362,node-b,141779.47399966652,1902.3914337158203
ML-Softmax,2,post,19.939830780029297,node-b,227912.2600376685,2677.9391765594482
ML-Softmax,2,post,19.990419387817383,node-b,52625.72753116662,1972.2638130187988
ML-Softmax,2,post,20.050301551818848,node-b,163416.81262342646,1845.8268642425537
ML-Softmax,2,post,20.071097373962402,node-b,244710.8012593837,2531.400680541992
ML-Softmax,2,post,20.09811282157898,node-b,164532.1818903794,2358.5846424102783
ML-Softmax,2,post,20.126662731170654,node-b,102717.7796094212,2582.789182662964
ML-Softmax,2,post,20.135935306549072,node-b,112458.80223164367,2649.6682167053223
ML-Softmax,2,post,20.15427017211914,node-b,80575.91646631433,2665.905475616455
ML-Softmax,2,post,20.222484350204468,node-b,117804.93146999965,2844.7535037994385
ML-Softmax,2,post,20.309757232666016,node-b,62313.01445882569,2746.281385421753
ML-Softmax,2,post,20.344512462615967,node-b,108390.65084539958,2858.9532375335693
ML-Softmax,2,post,20.3900146484375,node-b,68953.02417074329,2891.422986984253
ML-Softmax,2,post,20.416377544403076,node-b,50662.25700527687,2865.0600910186768
ML-Softmax,2,post,20.49626111984253,node-c,225302.67041490105,287.6145839691162
ML-Softmax,2,post,20.52302384376526,node-b,41329.883902482296,2784.74497795105
ML-Softmax,2,post,20.590922832489014,node-b,260586.76976453327,3499.0923404693604
ML-Softmax,2,post,20.633028745651245,node-b,35070.334807336214,2775.139093399048
ML-Softmax,2,post,20.67889904975891,node-b,169653.83570552754,3411.116123199463
ML-Softmax,2,post,20.87366008758545,node-c,116210.71508287721,130.2483081817627
ML-Softmax,2,post,21.0213782787323,node-b,46602.38491453153,2756.197929382324
ML-Softmax,2,post,21.087435722351074,node-b,81736.95691759237,2799.854516983032
ML-Softmax,2,post,21.172407150268555,node-b,63071.06264108798,2835.3374004364014
ML-Softmax,2,post,21.181995153427124,node-b,65242.188182291946,2897.782802581787
ML-Softmax,2,post,21.209890365600586,node-c,165164.5445387355,185.3034496307373
ML-Softmax,2,post,21.303589344024658,node-b,58259.124075115105,2865.7429218292236
ML-Softmax,2,post,21.372780084609985,node-b,39886.97761605406,3016.4973735809326
ML-Softmax,2,post,21.388413429260254,node-b,185971.28940662378,4782.810926437378
ML-Softmax,2,post,21.60130500793457,node-b,128790.65812230951,4497.474193572998
ML-Softmax,2,post,21.60708236694336,node-b,105834.48611357775,3363.8336658477783
ML-Softmax,2,post,21.680110454559326,node-b,91578.58150842469,3481.050491333008
ML-Softmax,2,post,21.69127321243286,node-a,150449.6116543441,182.67393112182617
ML-Softmax,2,post,21.859129667282104,node-c,127656.8050984174,155.8091640472412
ML-Softmax,2,post,21.867663383483887,node-b,99783.96721064666,3132.145643234253
ML-Softmax,2,post,21.970548152923584,node-b,78385.51487620636,2740.856170654297
ML-Softmax,2,post,21.984386444091797,node-b,182636.82692129948,4321.443557739258
ML-Softmax,2,post,22.296287536621094,node-b,221151.14031290569,3192.086935043335
ML-Softmax,2,post,22.337363243103027,node-b,134287.12359647918,2824.305772781372
ML-Softmax,2,post,22.4184889793396,node-a,483184.36228924984,1045.7706451416016
ML-Softmax,2,post,22.485613346099854,node-b,118759.5160277153,3170.316696166992
ML-Softmax,2,post,22.53126883506775,node-c,116350.9117667674,90.20614624023438
ML-Softmax,2,post,22.631416082382202,node-b,228907.40926121105,4332.46111869812
ML-Softmax,2,post,22.682103633880615,node-a,123011.09149633635,583.1871032714844
ML-Softmax,2,post,22.86950993537903,node-c,120981.39694306221,135.57887077331543
ML-Softmax,2,post,22.876843452453613,node-b,88395.30492295694,3240.3297424316406
ML-Softmax,2,post,23.24256682395935,node-b,135134.15364588873,3026.0589122772217
ML-Softmax,2,post,23.304057598114014,node-b,45103.34854093962,2691.012144088745
ML-Softmax,2,post,23.321315050125122,node-b,73154.71737081907,3185.7504844665527
ML-Softmax,2,post,23.364171028137207,node-b,61212.0594300639,3216.2845134735107
ML-Softmax,2,post,23.446317434310913,node-b,34929.54887934183,2940.593957901001
ML-Softmax,2,post,23.5173556804657,node-b,184292.0794179169,3760.143756866455
ML-Softmax,2,post,23.660955667495728,node-b,89524.08602886311,3238.5034561157227
ML-Softmax,2,post,23.81936502456665,node-b,67716.66348925135,3079.5605182647705
ML-Softmax,2,post,23.884073495864868,node-b,128406.72788351933,3296.236276626587
ML-Softmax,2,post,23.991106033325195,node-b,56280.70335737203,2879.8627853393555
ML-Softmax,2,post,24.039788961410522,node-b,167089.2690236387,3235.039710998535
ML-Softmax,2,post,24.04551601409912,node-c,216511.45816703694,434.1099262237549
ML-Softmax,2,post,24.084092140197754,node-b,51223.55000947013,3316.3063526153564
ML-Softmax,2,post,24.1037859916687,node-b,193628.5303399264,3688.6632442474365
ML-Softmax,2,post,24.23997926712036,node-c,117546.89359880175,555.3977489471436
ML-Softmax,2,post,24.25431799888611,node-c,188463.3655731039,651.050329208374
ML-Softmax,2,post,24.34256625175476,node-b,117201.91875021096,3220.8869457244873
ML-Softmax,2,post,24.503140926361084,node-b,69002.78502523685,3164.832830429077
ML-Softmax,2,post,24.510645389556885,node-b,47125.11825212916,3203.946828842163
ML-Softmax,2,post,24.57465434074402,node-b,60260.33740732804,3305.330276489258
ML-Softmax,2,post,24.753729343414307,node-b,82124.94966572685,3546.7255115509033
ML-Softmax,2,post,24.792717933654785,node-b,181051.80350096658,3978.6720275878906
ML-Softmax,2,post,24.823883533477783,node-b,146384.69936449625,4031.944751739502
ML-Softmax,2,post,24.868651628494263,node-a,123612.60281440307,190.37389755249023
ML-Softmax,2,post,24.885628700256348,node-b,223335.85584656562,4116.861820220947
ML-Softmax,2,post,24.89941167831421,node-b,41648.59688107484,3570.624589920044
ML-Softmax,2,post,25.10915493965149,node-b,58407.765761723305,3610.0869178771973
ML-Softmax,2,post,25.276488304138184,node-b,59330.1572935418,3379.3370723724365
ML-Softmax,2,post,25.320130825042725,node-b,109773.54121579713,3459.4357013702393
ML-Softmax,2,post,25.3390634059906,node-b,45553.85332281193,3426.9018173217773
ML-Softmax,2,post,25.43249011039734,node-b,78855.28187149494,3537.923574447632
ML-Softmax,2,post,25.73287343978882,node-b,212309.7240926999,3641.0133838653564
ML-Softmax,2,post,25.882131099700928,node-b,176214.11014440862,3830.341577529907
ML-Softmax,2,post,25.913583993911743,node-c,232877.36051661134,285.414457321167
ML-Softmax,2,post,25.963654041290283,node-b,79661.32070675152,3613.626003265381
ML-Softmax,2,post,26.03473424911499,node-b,62976.07335801964,3530.5209159851074
ML-Softmax,2,post,26.091095685958862,node-b,121817.1068458981,3767.45343208313
ML-Softmax,2,post,26.109955310821533,node-b,66519.11612575708,3473.226308822632
ML-Softmax,2,post,26.13206148147583,node-b,101591.7694211906,3753.357410430908
ML-Softmax,2,post,26.209636926651,node-b,99282.53714184857,3807.61981010437
ML-Softmax,2,post,26.44884204864502,node-b,139503.98009728824,4127.037048339844
ML-Softmax,2,post,26.463942766189575,node-b,220728.43885744936,4489.287376403809
ML-Softmax,2,post,26.541395902633667,node-a,215107.6128691223,351.40371322631836
ML-Softmax,2,post,26.72486114501953,node-b,171224.8417604041,4172.8527545928955
ML-Softmax,2,post,26.72486114501953,node-b,95996.98192425158,4173.357725143433
ML-Softmax,2,post,26.76536798477173,node-b,148991.1330082209,4032.522201538086
ML-Softmax,2,post,26.857683181762695,node-b,87920.28855003945,4332.518815994263
ML-Softmax,2,post,27.011972427368164,node-b,67119.79394623883,4143.373250961304
ML-Softmax,2,post,27.208983659744263,node-b,49262.26371755969,3800.454616546631
ML-Softmax,2,post,27.231106996536255,node-b,79719.35182931223,3986.8111610412598
ML-Softmax,2,post,27.236175060272217,node-b,137641.36687346364,4171.7493534088135
ML-Softmax,2,post,27.259047985076904,node-b,151155.31458106294,4256.919384002686
ML-Softmax,2,post,27.315858840942383,node-b,109141.61865804168,4280.676603317261
Round Robin,3,pre,0.1666579246520996,node-a,84230.67277203871,81.56061172485352
Round Robin,3,pre,0.3280630111694336,node-b,77560.81991680905,75.03294944763184
Round Robin,3,pre,0.49185895919799805,node-c,113311.05725571056,99.9906063079834
Round Robin,3,pre,0.5110421180725098,node-a,161489.9706805916,129.97722625732422
Round Robin,3,pre,0.5180621147155762,node-b,98321.46826749739,83.3437442779541
Round Robin,3,pre,0.6170470714569092,node-c,120751.36945494833,171.8006134033203
Round Robin,3,pre,0.7145512104034424,node-a,138148.02591110818,120.55778503417969
Round Robin,3,pre,0.9303338527679443,node-b,149514.80121563136,183.58778953552246
Round Robin,3,pre,0.9355182647705078,node-c,67798.65854417763,64.0110969543457
Round Robin,3,pre,1.0074560642242432,node-a,133874.38768073334,113.68107795715332
Round Robin,3,pre,1.012206792831421,node-b,104961.95262695376,184.6926212310791
Round Robin,3,pre,1.0874192714691162,node-c,78396.31264325154,75.62899589538574
Round Robin,3,pre,1.2076442241668701,node-a,75465.39679470468,74.57876205444336
Round Robin,3,pre,1.2338032722473145,node-b,94526.86468914807,76.96151733398438
Round Robin,3,pre,1.3185889720916748,node-c,64438.67785333842,70.39570808410645
Round Robin,3,pre,1.3292169570922852,node-a,51061.985635864105,60.807228088378906
Round Robin,3,pre,1.3352413177490234,node-b,109329.95660084423,84.81216430664062
Round Robin,3,pre,1.356996774673462,node-c,155983.56591287281,343.27077865600586
Round Robin,3,pre,1.420053482055664,node-a,93871.412021314,74.74517822265625
Round Robin,3,pre,1.4478025436401367,node-b,153318.15260805382,148.30303192138672
Round Robin,3,pre,1.5340211391448975,node-c,86704.77359910753,251.17087364196777
Round Robin,3,pre,1.5490796566009521,node-a,64380.56988520041,68.21703910827637
Round Robin,3,pre,1.6761157512664795,node-b,49470.49421080667,50.74572563171387
Round Robin,3,pre,1.7607805728912354,node-c,70271.47899510608,129.64558601379395
Round Robin,3,pre,1.805875301361084,node-a,219013.40470387292,265.84577560424805
Round Robin,3,pre,1.8345553874969482,node-b,94471.32800405489,76.21049880981445
Round Robin,3,pre,1.8657464981079102,node-c,42704.270456508035,114.20321464538574
Round Robin,3,pre,1.871819257736206,node-a,105832.25525385937,185.1344108581543
Round Robin,3,pre,1.8842909336090088,node-b,87271.69503309132,114.5329475402832
Round Robin,3,pre,1.9313039779663086,node-c,83520.37981972964,165.75241088867188
Round Robin,3,pre,1.9577064514160156,node-a,76876.75591009416,167.21010208129883
Round Robin,3,pre,2.0450727939605713,node-b,69399.24350827376,76.07340812683105
Round Robin,3,pre,2.0938892364501953,node-c,87974.30556495409,200.92320442199707
Round Robin,3,pre,2.1101813316345215,node-a,42740.38097392698,54.57043647766113
Round Robin,3,pre,2.1419882774353027,node-b,59703.87397421505,63.176870346069336
Round Robin,3,pre,2.186218500137329,node-c,89818.54656571259,301.6784191131592
Round Robin,3,pre,2.2099318504333496,node-a,155184.79252660437,122.31659889221191
Round Robin,3,pre,2.2322957515716553,node-b,133109.24174702977,113.5857105255127
Round Robin,3,pre,2.2926857471466064,node-c,267338.5934547247,808.4290027618408
Round Robin,3,pre,2.3130710124969482,node-a,193882.42058134847,148.085355758667
Round Robin,3,pre,2.4050610065460205,node-b,41765.584485600324,56.60057067871094
Round Robin,3,pre,2.5010409355163574,node-c,137767.35342120178,1177.6344776153564
Round Robin,3,pre,2.5760438442230225,node-a,172787.3427230898,127.20298767089844
Round Robin,3,pre,2.580817461013794,node-b,118579.18911234259,112.25032806396484
Round Robin,3,pre,2.6591029167175293,node-c,41887.60605446006,436.65289878845215
Round Robin,3,pre,2.752371072769165,node-a,88248.76445155044,84.92517471313477
Round Robin,3,pre,2.8297505378723145,node-b,70323.87783633945,70.64414024353027
Round Robin,3,pre,2.8489925861358643,node-c,127365.88033627544,810.8963966369629
Round Robin,3,pre,2.8715081214904785,node-a,188405.3076532535,270.8699703216553
Round Robin,3,pre,2.8831777572631836,node-b,146158.60184114904,231.7800521850586
Round Robin,3,pre,2.907261848449707,node-c,63085.78464621632,782.0873260498047
Round Robin,3,pre,2.9093148708343506,node-a,157089.65861829594,235.72897911071777
Round Robin,3,pre,2.9202146530151367,node-b,106256.91724006737,220.55292129516602
Round Robin,3,pre,3.0112390518188477,node-c,173740.46364490307,1155.3394794464111
Round Robin,3,pre,3.2874159812927246,node-a,91082.54769138122,77.80241966247559
Round Robin,3,pre,3.3255093097686768,node-b,116649.2305851562,91.90773963928223
Round Robin,3,pre,3.3449325561523438,node-c,102140.70884526489,632.2393417358398
Round Robin,3,pre,3.3726048469543457,node-a,94150.28968568862,83.49275588989258
Round Robin,3,pre,3.397092342376709,node-b,223392.3151005689,252.95352935791016
Round Robin,3,pre,3.406207323074341,node-c,164008.08314773778,989.0806674957275
Round Robin,3,pre,3.480788469314575,node-a,129497.6175435716,108.46567153930664
Round Robin,3,pre,3.5757927894592285,node-b,52384.06410666844,117.3088550567627
Round Robin,3,pre,3.6797425746917725,node-c,73888.13909469236,599.7967720031738
Round Robin,3,pre,4.0460240840911865,node-a,105351.00499784392,91.35985374450684
Round Robin,3,pre,4.191148996353149,node-b,139716.85056955062,126.33943557739258
Round Robin,3,pre,4.304638147354126,node-c,44245.38050647578,166.24712944030762
Round Robin,3,pre,4.376608610153198,node-a,157402.7825241207,107.7578067779541
Round Robin,3,pre,4.417688846588135,node-b,59152.43728897325,61.63525581359863
Round Robin,3,pre,4.420791864395142,node-c,56380.921910718425,162.93573379516602
Round Robin,3,pre,4.486599683761597,node-a,174451.15964538767,127.70533561706543
Round Robin,3,pre,4.529435157775879,node-b,76239.59404127699,72.9532241821289
Round Robin,3,pre,4.633395195007324,node-c,121920.21099841126,340.1932716369629
Round Robin,3,pre,4.7735068798065186,node-a,169161.25558666213,155.49421310424805
Round Robin,3,pre,4.796308279037476,node-b,138746.521635349,133.21495056152344
Round Robin,3,pre,4.799760580062866,node-c,59133.718507809564,205.1997184753418
Round Robin,3,pre,4.863463640213013,node-a,75905.50441691672,110.63265800476074
Round Robin,3,pre,5.039886236190796,node-b,74792.39975742329,70.22333145141602
Round Robin,3,pre,5.096239805221558,node-c,123144.92966169126,107.74707794189453
Round Robin,3,pre,5.243289470672607,node-a,119784.32502882545,98.9067554473877
Round Robin,3,pre,5.295036792755127,node-b,176664.1059623327,137.20154762268066
Round Robin,3,pre,5.385437726974487,node-c,131043.61398362278,218.22714805603027
Round Robin,3,pre,5.405699014663696,node-a,164264.2604133449,161.87739372253418
Round Robin,3,pre,5.4146339893341064,node-b,92374.09912328844,191.12539291381836
Round Robin,3,pre,5.424657583236694,node-c,86783.75214133186,278.79834175109863
Round Robin,3,pre,5.432800054550171,node-a,47145.90042161897,105.5917739868164
Round Robin,3,pre,5.4364635944366455,node-b,73290.43164677924,174.5586395263672
Round Robin,3,pre,5.554951429367065,node-c,43754.188400073836,216.63904190063477
Round Robin,3,pre,5.586168527603149,node-a,67422.86626653901,61.16318702697754
Round Robin,3,pre,5.612597703933716,node-b,217359.62034934032,199.5532512664795
Round Robin,3,pre,5.677009582519531,node-c,115764.26442188691,285.20989418029785
Round Robin,3,pre,5.689792633056641,node-a,105951.799358836,92.5133228302002
Round Robin,3,pre,5.822079420089722,node-b,97658.11882717843,86.05432510375977
Round Robin,3,pre,5.9113123416900635,node-c,80298.53776983809,348.9341735839844
Round Robin,3,pre,5.9340620040893555,node-a,99121.8684254998,84.83052253723145
Round Robin,3,pre,5.947839736938477,node-b,172553.17875658226,239.38417434692383
Round Robin,3,pre,5.984666109085083,node-c,61006.99366931766,284.4703197479248
Round Robin,3,pre,6.005503177642822,node-a,74789.51682989973,73.43244552612305
Round Robin,3,pre,6.010498285293579,node-b,65146.600343073755,136.02423667907715
Round Robin,3,pre,6.045248746871948,node-c,87062.49893126055,320.04666328430176
Round Robin,3,pre,6.200825452804565,node-a,385391.3039188171,255.25879859924316
Round Robin,3,pre,6.270172357559204,node-b,266758.93786793726,248.2302188873291
Round Robin,3,pre,6.483092546463013,node-c,281240.84020317736,377.6686191558838
Round Robin,3,pre,6.6239378452301025,node-a,53987.07807342748,48.84839057922363
Round Robin,3,pre,6.700982570648193,node-b,51487.21886555075,56.113481521606445
Round Robin,3,pre,6.828998804092407,node-c,167436.0502787623,362.2479438781738
Round Robin,3,pre,6.8788886070251465,node-a,65747.55765819094,60.976266860961914
Round Robin,3,pre,6.95233941078186,node-b,122395.50695039616,83.30202102661133
Round Robin,3,pre,6.978785037994385,node-c,52349.29081330753,218.88208389282227
Round Robin,3,pre,6.994074106216431,node-a,186013.82354241525,148.9570140838623
Round Robin,3,pre,7.142065525054932,node-b,98736.65604954213,106.42743110656738
Round Robin,3,pre,7.1516478061676025,node-c,86224.55156751478,318.6054229736328
Round Robin,3,pre,7.1644816398620605,node-a,438632.347841776,371.9501495361328
Round Robin,3,pre,7.185871124267578,node-b,115356.70773112988,159.44600105285645
Round Robin,3,pre,7.2526915073394775,node-c,61438.21322883472,217.5617218017578
Round Robin,3,pre,7.2812981605529785,node-a,66008.15867936292,127.56800651550293
Round Robin,3,pre,7.328249454498291,node-b,194159.56094535333,210.30020713806152
Round Robin,3,pre,7.477121353149414,node-c,64611.91195551995,95.34525871276855
Round Robin,3,pre,7.583751440048218,node-a,226966.03946855274,162.80388832092285
Round Robin,3,pre,7.664290904998779,node-b,56200.65647714769,69.70000267028809
Round Robin,3,pre,7.676363468170166,node-c,112630.40129185726,111.76800727844238
Round Robin,3,pre,7.758300304412842,node-a,55726.61332124832,42.04106330871582
Round Robin,3,pre,7.789708614349365,node-b,169734.31052167225,302.166223526001
Round Robin,3,pre,7.798182487487793,node-c,182368.40177013061,371.7019557952881
Round Robin,3,pre,7.825873613357544,node-a,126139.6866214254,105.00621795654297
Round Robin,3,pre,7.830463886260986,node-b,86300.52836010965,182.7836036682129
Round Robin,3,pre,7.893646240234375,node-c,71260.98912818337,384.68003273010254
Round Robin,3,pre,7.960397243499756,node-a,88516.2273518107,71.86532020568848
Round Robin,3,pre,7.981251239776611,node-b,51012.47849947106,110.62359809875488
Round Robin,3,pre,7.984255313873291,node-c,65293.30231885784,310.3618621826172
Round Robin,3,pre,8.171996593475342,node-a,186175.06594419913,143.57519149780273
Round Robin,3,pre,8.227941751480103,node-b,75741.90264230354,66.16401672363281
Round Robin,3,pre,8.330450773239136,node-c,97717.48834326558,143.48769187927246
Round Robin,3,pre,8.354927778244019,node-a,200241.32929567908,159.07049179077148
Round Robin,3,pre,8.470408916473389,node-b,118174.76042970728,119.47131156921387
Round Robin,3,pre,8.583970308303833,node-c,101584.60116521618,97.62144088745117
Round Robin,3,pre,8.59050440788269,node-a,172004.99394668994,130.82122802734375
Round Robin,3,pre,8.96451473236084,node-b,127940.18749244996,129.624605178833
Round Robin,3,pre,9.01139783859253,node-c,123018.50675066705,149.6877670288086
Round Robin,3,pre,9.107829570770264,node-a,112024.07231500103,90.87419509887695
Round Robin,3,pre,9.124354124069214,node-b,210430.05889386,198.40121269226074
Round Robin,3,pre,9.19236421585083,node-c,237906.668067662,573.1167793273926
Round Robin,3,pre,9.212195634841919,node-a,30851.22082499487,26.390552520751953
Round Robin,3,pre,9.323270797729492,node-b,272660.2409509828,581.0256004333496
Round Robin,3,pre,9.355104446411133,node-c,152582.71637124594,710.9034061431885
Round Robin,3,pre,9.408797025680542,node-a,87116.17724689213,86.64226531982422
Round Robin,3,pre,9.445508241653442,node-b,160271.70898528313,670.3341007232666
Round Robin,3,pre,9.497547149658203,node-c,49262.179799244834,468.04165840148926
Round Robin,3,pre,9.52994441986084,node-a,120095.44210975122,103.11627388000488
Round Robin,3,pre,9.572608709335327,node-b,188636.74964262082,622.6415634155273
Round Robin,3,pre,9.574138641357422,node-c,88609.80552457612,602.5712490081787
Round Robin,3,pre,9.683746337890625,node-a,31677.881931590593,35.22539138793945
Round Robin,3,pre,9.856927633285522,node-b,110201.01267753512,338.32263946533203
Round Robin,3,pre,9.896936655044556,node-c,92688.05254054791,464.1437530517578
Round Robin,3,pre,10.131460905075073,node-a,217423.6217371834,154.801607131958
Round Robin,3,pre,10.143149375915527,node-b,166153.27917889852,196.0287094116211
Round Robin,3,pre,10.33529782295227,node-c,287627.7791143759,798.5820770263672
Round Robin,3,pre,10.360573768615723,node-a,111341.12492919047,76.69472694396973
Round Robin,3,pre,10.406372308731079,node-b,153702.23571122688,125.45156478881836
Round Robin,3,pre,10.574400186538696,node-c,147729.54641397847,1119.1232204437256
Round Robin,3,pre,10.583094358444214,node-a,78195.12985040831,73.26245307922363
Round Robin,3,pre,10.596289157867432,node-b,125278.92011225996,104.89654541015625
Round Robin,3,pre,10.689255475997925,node-c,396116.0108985137,3079.988718032837
Round Robin,3,pre,10.75675892829895,node-a,81215.2364424928,73.54450225830078
Round Robin,3,pre,10.776817560195923,node-b,143944.61471021926,130.92613220214844
Round Robin,3,pre,10.807217836380005,node-c,102671.64804309912,1284.217119216919
Round Robin,3,pre,10.858995199203491,node-a,162614.1007351752,120.65315246582031
Round Robin,3,pre,10.990114450454712,node-b,70975.9171398874,71.94805145263672
Round Robin,3,pre,11.014909505844116,node-c,219282.1016652447,1457.5004577636719
Round Robin,3,pre,11.067283153533936,node-a,102286.30050255335,82.21793174743652
Round Robin,3,pre,11.091660737991333,node-b,95098.83813284752,130.0339698791504
Round Robin,3,pre,11.126871347427368,node-c,82820.76027960994,540.9839153289795
Round Robin,3,pre,11.266680479049683,node-a,132687.6072110416,103.46221923828125
Round Robin,3,pre,11.298446893692017,node-b,67711.12655936374,61.756134033203125
Round Robin,3,pre,11.39089059829712,node-c,165633.54276978748,2174.004554748535
Round Robin,3,pre,11.411722183227539,node-a,77128.0586319599,68.18795204162598
Round Robin,3,pre,11.424521207809448,node-b,98755.19331449173,85.76321601867676
Round Robin,3,pre,11.503252267837524,node-c,201735.07194906968,2561.6281032562256
Round Robin,3,pre,11.601162433624268,node-a,222349.17687356586,168.84613037109375
Round Robin,3,pre,11.666741132736206,node-b,118667.7115534522,81.89010620117188
Round Robin,3,pre,11.74827265739441,node-c,81036.86483874392,2020.9715366363525
Round Robin,3,pre,11.818824529647827,node-a,108107.91663646602,95.12639045715332
Round Robin,3,pre,11.894075393676758,node-b,160137.94748010897,122.5440502166748
Round Robin,3,pre,12.049684524536133,node-c,114552.79886753255,1951.709508895874
Round Robin,3,pre,12.2444007396698,node-a,140063.4886965651,112.6093864440918
Round Robin,3,pre,12.290231704711914,node-b,194716.7540494398,151.0913372039795
Round Robin,3,pre,12.2960364818573,node-c,42742.237311835604,586.4167213439941
Round Robin,3,pre,12.393171072006226,node-a,110374.64834770499,111.2051010131836
Round Robin,3,post,12.45148754119873,node-b,112982.78466705212,137.5436782836914
Round Robin,3,post,12.619845867156982,node-c,81293.69924476535,1073.277473449707
Round Robin,3,post,12.691989421844482,node-a,137895.62380153398,217.53692626953125
Round Robin,3,post,12.701344966888428,node-b,70436.3410729888,68.30382347106934
Round Robin,3,post,12.774080753326416,node-c,87209.57502032016,715.3933048248291
Round Robin,3,post,12.813202381134033,node-a,89030.75309837685,270.8749771118164
Round Robin,3,post,12.82247281074524,node-b,271791.9346619133,263.25321197509766
Round Robin,3,post,12.840166568756104,node-c,60198.02953430339,1319.1866874694824
Round Robin,3,post,13.08010721206665,node-a,99056.86993288249,202.93831825256348
Round Robin,3,post,13.107421636581421,node-b,175716.318392615,125.89550018310547
Round Robin,3,post,13.125228881835938,node-c,144099.4040489804,1136.3484859466553
Round Robin,3,post,13.155888557434082,node-a,56111.504525049466,161.55457496643066
Round Robin,3,post,13.298402309417725,node-b,110269.301709239,89.69974517822266
Round Robin,3,post,13.373583793640137,node-c,41903.06088959609,903.9008617401123
Round Robin,3,post,13.38759160041809,node-a,157196.01878748505,421.34714126586914
Round Robin,3,post,13.388638734817505,node-b,144152.96835709494,119.92096900939941
Round Robin,3,post,13.418251276016235,node-c,79167.2204634719,977.4887561798096
Round Robin,3,post,13.428844690322876,node-a,61405.511915985015,261.69753074645996
Round Robin,3,post,13.571213960647583,node-b,109332.8865201353,86.85445785522461
Round Robin,3,post,13.578418254852295,node-c,72481.07128465363,1121.2522983551025
Round Robin,3,post,13.625792026519775,node-a,63120.435418568966,265.52772521972656
Round Robin,3,post,13.695773363113403,node-b,110797.59836804269,88.91797065734863
Round Robin,3,post,13.89347505569458,node-c,178569.22733664408,1981.0962677001953
Round Robin,3,post,13.913594484329224,node-a,82470.16531176191,90.4388427734375
Round Robin,3,post,14.0332350730896,node-b,66004.55477625095,68.8321590423584
Round Robin,3,post,14.086370706558228,node-c,67787.8798981625,1798.5155582427979
Round Robin,3,post,14.205277442932129,node-a,195042.17693358412,716.3326740264893
Round Robin,3,post,14.230395078659058,node-b,63271.84704000814,59.561729431152344
Round Robin,3,post,14.253082513809204,node-c,61603.334663774374,728.8827896118164
Round Robin,3,post,14.270529747009277,node-a,144172.6215780923,639.2815113067627
Round Robin,3,post,14.34251356124878,node-b,114290.57173508428,89.86568450927734
Round Robin,3,post,14.387341499328613,node-c,185301.47226999828,2096.367120742798
Round Robin,3,post,14.446783065795898,node-a,122067.1641656591,936.4738464355469
Round Robin,3,post,14.535506010055542,node-b,72077.85189872846,78.35793495178223
Round Robin,3,post,14.614916563034058,node-c,191634.13171703776,2369.4417476654053
Round Robin,3,post,14.686992645263672,node-a,53757.68095334862,595.8447456359863
Round Robin,3,post,14.783762454986572,node-b,141267.16724789754,123.40354919433594
Round Robin,3,post,14.78577184677124,node-c,88743.31137723844,1992.2404289245605
Round Robin,3,post,14.889845132827759,node-a,185825.15035074754,1028.0132293701172
Round Robin,3,post,14.979667663574219,node-b,93935.56803461448,84.96475219726562
Round Robin,3,post,15.00995659828186,node-c,128761.93816532423,1361.844778060913
Round Robin,3,post,15.025986194610596,node-a,92552.40589050787,664.5793914794922
Round Robin,3,post,15.075174570083618,node-b,116445.07017977575,114.28666114807129
Round Robin,3,post,15.21477484703064,node-c,133727.90718355545,1550.5921840667725
Round Robin,3,post,15.237676858901978,node-a,84615.90193687758,566.896915435791
Round Robin,3,post,15.336451530456543,node-b,93723.45459129076,80.98816871643066
Round Robin,3,post,15.541041851043701,node-c,218917.5935162207,2652.812957763672
Round Robin,3,post,15.568594932556152,node-a,102677.25712256435,549.0963459014893
Round Robin,3,post,15.865318536758423,node-b,348381.81666934217,388.5529041290283
Round Robin,3,post,15.869259595870972,node-c,104993.4357673171,1403.2838344573975
Round Robin,3,post,15.871904611587524,node-a,49461.33594374191,245.7866668701172
Round Robin,3,post,15.999993801116943,node-b,41551.23748377714,133.68511199951172
Round Robin,3,post,16.04446244239807,node-c,210008.21940270488,2024.7547626495361
Round Robin,3,post,16.0865159034729,node-a,84427.93311300284,223.76298904418945
Round Robin,3,post,16.22164797782898,node-b,61220.57907538577,102.07176208496094
Round Robin,3,post,16.392380714416504,node-c,241745.62371898722,2478.3074855804443
Round Robin,3,post,16.4488787651062,node-a,93024.8295160388,139.89496231079102
Round Robin,3,post,16.594228744506836,node-b,82240.56637960316,71.90775871276855
Round Robin,3,post,16.66412043571472,node-c,152258.42361104177,1809.0717792510986
Round Robin,3,post,16.698758602142334,node-a,103488.38029366791,113.72876167297363
Round Robin,3,post,16.71542501449585,node-b,124429.08224271744,105.17358779907227
Round Robin,3,post,16.81046438217163,node-c,110984.65114306753,1957.8912258148193
Round Robin,3,post,16.95781111717224,node-a,70777.72985188337,63.98940086364746
Round Robin,3,post,17.14192247390747,node-b,61888.42667258292,65.51218032836914
Round Robin,3,post,17.163037061691284,node-c,157094.93866386055,1733.6769104003906
Round Robin,3,post,17.233823537826538,node-a,125917.62963959604,154.2823314666748
Round Robin,3,post,17.269399166107178,node-b,94056.14813912843,90.7292366027832
Round Robin,3,post,17.387227535247803,node-c,25724.04466802314,987.3976707458496
Round Robin,3,post,17.402727365493774,node-a,72733.48579324105,108.46209526062012
Round Robin,3,post,17.406599760055542,node-b,96873.108947089,89.29610252380371
Round Robin,3,post,17.43109440803528,node-c,192964.7496202207,1754.5652389526367
Round Robin,3,post,17.436116695404053,node-a,131710.58566199482,473.22940826416016
Round Robin,3,post,17.46850323677063,node-b,254282.48332181506,259.19580459594727
Round Robin,3,post,17.50230574607849,node-c,36201.65908526246,1470.132827758789
Round Robin,3,post,17.510098218917847,node-a,71270.23473229603,302.0293712615967
Round Robin,3,post,17.722933769226074,node-b,114600.25344049565,119.22407150268555
Round Robin,3,post,17.744035243988037,node-c,52211.10450819287,1448.6262798309326
Round Robin,3,post,17.82694411277771,node-a,104471.77994761086,555.6669235229492
Round Robin,3,post,17.840308666229248,node-b,127020.05007478394,179.28814888000488
Round Robin,3,post,17.875163316726685,node-c,132671.67324618684,1884.1023445129395
Round Robin,3,post,17.882285833358765,node-a,164409.09523764005,818.5005187988281
Round Robin,3,post,17.890311241149902,node-b,43946.793962389755,129.7922134399414
Round Robin,3,post,17.890910625457764,node-c,55955.999537316704,1990.1280403137207
Round Robin,3,post,18.001933336257935,node-a,93136.90939560611,797.5072860717773
Round Robin,3,post,18.026530981063843,node-b,112962.83418656822,101.58824920654297
Round Robin,3,post,18.074011087417603,node-c,61862.0340333799,1812.3557567596436
Round Robin,3,post,18.134028911590576,node-a,73369.59871626766,471.68469429016113
Round Robin,3,post,18.14642310142517,node-b,83243.20647044796,70.6179141998291
Round Robin,3,post,18.348780632019043,node-c,149331.6284531257,2729.564666748047
Round Robin,3,post,18.38678503036499,node-a,124996.45172739525,1394.2198753356934
Round Robin,3,post,18.391459703445435,node-b,167107.43764344222,218.96696090698242
Round Robin,3,post,18.399001121520996,node-c,123992.04169730635,3496.2403774261475
Round Robin,3,post,18.43334412574768,node-a,403598.7144155975,3549.1623878479004
Round Robin,3,post,18.442903757095337,node-b,89693.8041865825,208.92691612243652
Round Robin,3,post,18.464905977249146,node-c,106406.72060979927,2200.326442718506
Round Robin,3,post,18.516441345214844,node-a,111025.73346009197,1484.7276210784912
Round Robin,3,post,18.519442319869995,node-b,217093.96178954912,484.41052436828613
Round Robin,3,post,18.54355216026306,node-c,362075.4679640048,4529.037952423096
Round Robin,3,post,18.652353525161743,node-a,121225.44946311796,1630.4805278778076
Round Robin,3,post,18.65717124938965,node-b,121817.37994836329,282.0580005645752
Round Robin,3,post,18.72380304336548,node-c,200596.19831500656,4147.281646728516
Round Robin,3,post,18.727088451385498,node-a,82008.1177462985,1667.5865650177002
Round Robin,3,post,18.911888122558594,node-b,88990.05512088929,192.57783889770508
Round Robin,3,post,18.92960476875305,node-c,25115.65674169705,1469.557762145996
Round Robin,3,post,18.94638729095459,node-a,124667.75243843862,1247.1458911895752
Round Robin,3,post,19.021770238876343,node-b,75166.31452374182,125.14495849609375
Round Robin,3,post,19.17755150794983,node-c,162170.77520336956,3222.7563858032227
Round Robin,3,post,19.39709997177124,node-a,104708.86157977249,1299.9558448791504
Round Robin,3,post,19.49272346496582,node-b,57890.661531089696,56.313276290893555
Round Robin,3,post,19.61175537109375,node-c,98852.58437055953,2247.044563293457
Round Robin,3,post,19.68717384338379,node-a,96603.30527067628,1795.5372333526611
Round Robin,3,post,19.700499057769775,node-b,92996.75934094745,125.20384788513184
Round Robin,3,post,19.781004905700684,node-c,97723.26866839439,3073.5323429107666
Round Robin,3,post,19.79267382621765,node-a,115476.55333186175,1728.0755043029785
Round Robin,3,post,19.860527753829956,node-b,111524.20594571577,92.1480655670166
Round Robin,3,post,19.91362953186035,node-c,98952.90874296242,2666.93377494812
Round Robin,3,post,19.938581943511963,node-a,128746.43193625308,1958.2264423370361
Round Robin,3,post,19.987438201904297,node-b,104459.7040208417,72.48091697692871
Round Robin,3,post,20.04969882965088,node-c,112519.20030321943,3245.7685470581055
Round Robin,3,post,20.065690279006958,node-a,106514.252373446,2430.936574935913
Round Robin,3,post,20.094332218170166,node-b,79818.46683950338,67.40379333496094
Round Robin,3,post,20.123497247695923,node-c,70517.17427511903,2949.601411819458
Round Robin,3,post,20.13166904449463,node-a,100271.62628972923,2351.156711578369
Round Robin,3,post,20.151621103286743,node-b,80199.95865090714,73.21786880493164
Round Robin,3,post,20.22291326522827,node-c,186737.77407891993,3357.236385345459
Round Robin,3,post,20.304548501968384,node-a,127698.32341597367,2615.45467376709
Round Robin,3,post,20.34399390220642,node-b,52098.55892993617,49.036264419555664
Round Robin,3,post,20.385246515274048,node-c,141900.7018660077,3606.584072113037
Round Robin,3,post,20.41294002532959,node-a,94013.5598912424,2169.2264080047607
Round Robin,3,post,20.493457555770874,node-b,132063.44804977652,106.53328895568848
Round Robin,3,post,20.521326065063477,node-c,79615.68026688536,3161.7281436920166
Round Robin,3,post,20.58774161338806,node-a,112802.81650846542,2494.4183826446533
Round Robin,3,post,20.631777048110962,node-b,120640.60286521286,84.15603637695312
Round Robin,3,post,20.67314910888672,node-c,56572.49021869933,3310.0569248199463
Round Robin,3,post,20.87111735343933,node-a,148221.3055078236,3316.1020278930664
Round Robin,3,post,21.018990516662598,node-b,77074.59264786166,71.24924659729004
Round Robin,3,post,21.08481001853943,node-c,64013.50458544465,2302.7896881103516
Round Robin,3,post,21.167117834091187,node-a,91721.8922301567,2450.704574584961
Round Robin,3,post,21.17797303199768,node-b,118846.10650961201,113.66438865661621
Round Robin,3,post,21.21007251739502,node-c,47863.23410253597,2661.9906425476074
Round Robin,3,post,21.299238920211792,node-a,238367.96473922377,3615.755081176758
Round Robin,3,post,21.369709730148315,node-b,159123.49134234595,146.6975212097168
Round Robin,3,post,21.387275218963623,node-c,75092.96711987992,2680.248975753784
Round Robin,3,post,21.600620985031128,node-a,107459.21511886253,2881.762742996216
Round Robin,3,post,21.602628707885742,node-b,229290.3891436315,188.51304054260254
Round Robin,3,post,21.679498195648193,node-c,83160.13683880706,2388.025999069214
Round Robin,3,post,21.686817169189453,node-a,94402.17842989758,3016.659736633301
Round Robin,3,post,21.855927228927612,node-b,222631.30793300664,284.4805717468262
Round Robin,3,post,21.862018823623657,node-c,175647.9187851912,2537.632703781128
Round Robin,3,post,21.968717098236084,node-a,60331.3989974577,2634.148120880127
Round Robin,3,post,21.98121666908264,node-b,141977.96386643077,238.41381072998047
Round Robin,3,post,22.29421329498291,node-c,164534.80967078934,2602.6360988616943
Round Robin,3,post,22.333937168121338,node-a,115267.02255775942,2274.3654251098633
Round Robin,3,post,22.41502571105957,node-b,158403.14368709165,119.04430389404297
Round Robin,3,post,22.482825756072998,node-c,69694.44324286177,2286.7672443389893
Round Robin,3,post,22.529152154922485,node-a,296981.328087987,3164.569616317749
Round Robin,3,post,22.628276586532593,node-b,84826.29836906017,80.26695251464844
Round Robin,3,post,22.679547548294067,node-c,63954.37547814553,2279.3056964874268
Round Robin,3,post,22.868338108062744,node-a,107476.33828642637,2318.993330001831
Round Robin,3,post,22.872675895690918,node-b,43957.86887424518,45.16148567199707
Round Robin,3,post,23.24213409423828,node-c,66345.61962642966,1942.5976276397705
Round Robin,3,post,23.299187183380127,node-a,55848.08455119217,1615.8068180084229
Round Robin,3,post,23.31955361366272,node-b,151793.03122404628,128.2820701599121
Round Robin,3,post,23.35994601249695,node-c,243821.26780142356,3406.7420959472656
Round Robin,3,post,23.44593358039856,node-a,133144.69656236598,2836.352586746216
Round Robin,3,post,23.514690399169922,node-b,167277.25587830026,122.74622917175293
Round Robin,3,post,23.658344507217407,node-c,71156.75309036142,1822.75390625
Round Robin,3,post,23.815677165985107,node-a,142593.41808539664,2404.052495956421
Round Robin,3,post,23.880630254745483,node-b,98581.17999936656,80.22332191467285
Round Robin,3,post,23.989190101623535,node-c,354859.4953854607,5103.492021560669
Round Robin,3,post,24.035624742507935,node-a,201990.46880408181,3356.6513061523438
Round Robin,3,post,24.04340362548828,node-b,80574.92165486338,71.5789794921875
Round Robin,3,post,24.08117651939392,node-c,102524.34241174787,2115.938186645508
Round Robin,3,post,24.101426601409912,node-a,39280.673117961436,2013.4358406066895
Round Robin,3,post,24.237310886383057,node-b,169977.84421387923,168.6105728149414
Round Robin,3,post,24.25299620628357,node-c,277329.92497025046,4746.891975402832
Round Robin,3,post,24.340758562088013,node-a,122163.87529606925,2348.3166694641113
Round Robin,3,post,24.49747896194458,node-b,159478.29012764295,131.727933883667
Round Robin,3,post,24.50689435005188,node-c,78000.83861628891,1277.4078845977783
Round Robin,3,post,24.572410106658936,node-a,142625.82671661692,3238.46697807312
Round Robin,3,post,24.752347707748413,node-b,88145.70055111959,154.2518138885498
Round Robin,3,post,24.788023233413696,node-c,166120.30159994063,3803.727865219116
Round Robin,3,post,24.822055339813232,node-a,63250.86154300048,2486.3250255584717
Round Robin,3,post,24.867764234542847,node-b,88431.08020217018,142.64917373657227
Round Robin,3,post,24.882103204727173,node-c,73860.98341434757,2212.8231525421143
Round Robin,3,post,24.894226551055908,node-a,151176.68153687188,2887.9387378692627
Round Robin,3,post,25.10866904258728,node-b,31085.5342461262,50.562381744384766
Round Robin,3,post,25.274222373962402,node-c,284068.40728266456,4117.396831512451
Round Robin,3,post,25.314889430999756,node-a,314027.09305014444,4386.613368988037
Round Robin,3,post,25.33696746826172,node-b,88068.29596915108,72.35884666442871
Round Robin,3,post,25.42970609664917,node-c,44910.9771122448,1450.6452083587646
Round Robin,3,post,25.729453086853027,node-a,300207.6105140175,3752.025842666626
Round Robin,3,post,25.879024744033813,node-b,125238.75544716889,111.8166446685791
Round Robin,3,post,25.912498712539673,node-c,92195.86165189376,1446.038007736206
Round Robin,3,post,25.958253622055054,node-a,97454.47166277318,2157.1242809295654
Round Robin,3,post,26.033780336380005,node-b,103419.86248173531,90.71469306945801
Round Robin,3,post,26.085469961166382,node-c,218162.3323699205,3497.537851333618
Round Robin,3,post,26.108136653900146,node-a,104414.18976264699,2412.0309352874756
Round Robin,3,post,26.130033493041992,node-b,111044.88548808794,101.2716293334961
Round Robin,3,post,26.204931497573853,node-c,135567.96029732388,2564.0957355499268
Round Robin,3,post,26.446014642715454,node-a,124007.95195333504,3060.6625080108643
Round Robin,3,post,26.45903444290161,node-b,61826.21061014434,44.86393928527832
Round Robin,3,post,26.540789127349854,node-c,122204.34589017533,2560.6846809387207
Round Robin,3,post,26.72207522392273,node-a,57748.75204641652,2087.2113704681396
Round Robin,3,post,26.72258424758911,node-b,158995.83453495818,107.10668563842773
Round Robin,3,post,26.76066541671753,node-c,73898.85823830085,2419.724941253662
Round Robin,3,post,26.853891849517822,node-a,104295.03816136306,2928.450107574463
Round Robin,3,post,27.0102641582489,node-b,131755.28080822466,108.81161689758301
Round Robin,3,post,27.204848289489746,node-c,38467.909156484486,2085.352659225464
Round Robin,3,post,27.227680206298828,node-a,64463.29755571067,2286.96346282959
Round Robin,3,post,27.23239803314209,node-b,84482.27941986591,75.0877857208252
Round Robin,3,post,27.256227493286133,node-c,100224.68861392654,2318.8910484313965
Round Robin,3,post,27.312538623809814,node-a,129056.86107375722,2578.7570476531982
Weighted Round Robin,3,pre,0.16684985160827637,node-a,84230.67277203871,93.13845634460449
Weighted Round Robin,3,pre,0.32850146293640137,node-b,77560.81991680905,77.81481742858887
Weighted Round Robin,3,pre,0.4923391342163086,node-c,113311.05725571056,93.83583068847656
Weighted Round Robin,3,pre,0.5115664005279541,node-a,161489.9706805916,120.08142471313477
Weighted Round Robin,3,pre,0.5179858207702637,node-b,98321.46826749739,88.9580249786377
Weighted Round Robin,3,pre,0.6178286075592041,node-a,120751.36945494833,97.73898124694824
Weighted Round Robin,3,pre,0.7150342464447021,node-c,138148.02591110818,160.34674644470215
Weighted Round Robin,3,pre,0.9303138256072998,node-a,149514.80121563136,111.30428314208984
Weighted Round Robin,3,pre,0.9357974529266357,node-b,67798.65854417763,69.45347785949707
Weighted Round Robin,3,pre,1.007899522781372,node-a,133874.38768073334,124.71199035644531
Weighted Round Robin,3,pre,1.0131473541259766,node-b,104961.95262695376,93.84608268737793
Weighted Round Robin,3,pre,1.0879504680633545,node-c,78396.31264325154,81.7875862121582
Weighted Round Robin,3,pre,1.2073519229888916,node-a,75465.39679470468,66.84470176696777
Weighted Round Robin,3,pre,1.2342686653137207,node-b,94526.86468914807,82.18026161193848
Weighted Round Robin,3,pre,1.3190581798553467,node-a,64438.67785333842,92.3302173614502
Weighted Round Robin,3,pre,1.3295996189117432,node-c,51061.985635864105,48.86460304260254
Weighted Round Robin,3,pre,1.3359391689300537,node-a,109329.95660084423,154.01411056518555
Weighted Round Robin,3,pre,1.3575611114501953,node-b,155983.56591287281,117.39110946655273
Weighted Round Robin,3,pre,1.420809268951416,node-a,93871.412021314,115.2501106262207
Weighted Round Robin,3,pre,1.4481260776519775,node-c,153318.15260805382,217.70143508911133
Weighted Round Robin,3,pre,1.5347917079925537,node-b,86704.77359910753,78.49454879760742
Weighted Round Robin,3,pre,1.5496547222137451,node-a,64380.56988520041,66.20407104492188
Weighted Round Robin,3,pre,1.6765708923339844,node-a,49470.49421080667,54.94856834411621
Weighted Round Robin,3,pre,1.7610371112823486,node-b,70271.47899510608,59.110403060913086
Weighted Round Robin,3,pre,1.806678295135498,node-c,219013.40470387292,389.58144187927246
Weighted Round Robin,3,pre,1.834946632385254,node-a,94471.32800405489,124.35150146484375
Weighted Round Robin,3,pre,1.866718053817749,node-b,42704.270456508035,46.67997360229492
Weighted Round Robin,3,pre,1.8714303970336914,node-a,105832.25525385937,145.85304260253906
Weighted Round Robin,3,pre,1.8845751285552979,node-c,87271.69503309132,372.5926876068115
Weighted Round Robin,3,pre,1.931610107421875,node-a,83520.37981972964,132.39121437072754
Weighted Round Robin,3,pre,1.958770751953125,node-b,76876.75591009416,75.51431655883789
Weighted Round Robin,3,pre,2.0457956790924072,node-a,69399.24350827376,68.36247444152832
Weighted Round Robin,3,pre,2.0942981243133545,node-b,87974.30556495409,71.87390327453613
Weighted Round Robin,3,pre,2.1104989051818848,node-c,42740.38097392698,174.98111724853516
Weighted Round Robin,3,pre,2.142775058746338,node-a,59703.87397421505,67.41642951965332
Weighted Round Robin,3,pre,2.1866214275360107,node-b,89818.54656571259,78.15027236938477
Weighted Round Robin,3,pre,2.2107179164886475,node-a,155184.79252660437,113.7690544128418
Weighted Round Robin,3,pre,2.232677698135376,node-c,133109.24174702977,257.2603225708008
Weighted Round Robin,3,pre,2.293501138687134,node-a,267338.5934547247,254.13775444030762
Weighted Round Robin,3,pre,2.3137402534484863,node-b,193882.42058134847,147.15075492858887
Weighted Round Robin,3,pre,2.4057984352111816,node-a,41765.584485600324,103.46460342407227
Weighted Round Robin,3,pre,2.5015957355499268,node-c,137767.35342120178,193.30811500549316
Weighted Round Robin,3,pre,2.57643723487854,node-b,172787.3427230898,152.94694900512695
Weighted Round Robin,3,pre,2.5817925930023193,node-a,118579.18911234259,104.60329055786133
Weighted Round Robin,3,pre,2.6597518920898438,node-a,41887.60605446006,58.14385414123535
Weighted Round Robin,3,pre,2.7532804012298584,node-b,88248.76445155044,82.75461196899414
Weighted Round Robin,3,pre,2.8304176330566406,node-c,70323.87783633945,72.26943969726562
Weighted Round Robin,3,pre,2.849792003631592,node-a,127365.88033627544,164.12758827209473
Weighted Round Robin,3,pre,2.871992349624634,node-b,188405.3076532535,275.0833034515381
Weighted Round Robin,3,pre,2.883466958999634,node-a,146158.60184114904,330.34300804138184
Weighted Round Robin,3,pre,2.907883882522583,node-c,63085.78464621632,91.43185615539551
Weighted Round Robin,3,pre,2.909433126449585,node-a,157089.65861829594,389.3427848815918
Weighted Round Robin,3,pre,2.920933723449707,node-b,106256.91724006737,235.13269424438477
Weighted Round Robin,3,pre,3.011383295059204,node-a,173740.46364490307,301.52344703674316
Weighted Round Robin,3,pre,3.287078380584717,node-b,91082.54769138122,80.64484596252441
Weighted Round Robin,3,pre,3.32602596282959,node-c,116649.2305851562,152.5101661682129
Weighted Round Robin,3,pre,3.345559597015381,node-a,102140.70884526489,81.48694038391113
Weighted Round Robin,3,pre,3.373039484024048,node-b,94150.28968568862,82.28921890258789
Weighted Round Robin,3,pre,3.397923231124878,node-a,223392.3151005689,262.59422302246094
Weighted Round Robin,3,pre,3.407015800476074,node-c,164008.08314773778,351.03321075439453
Weighted Round Robin,3,pre,3.4816761016845703,node-a,129497.6175435716,201.10368728637695
Weighted Round Robin,3,pre,3.5764002799987793,node-b,52384.06410666844,55.56607246398926
Weighted Round Robin,3,pre,3.680633544921875,node-a,73888.13909469236,52.400827407836914
Weighted Round Robin,3,pre,4.046375751495361,node-c,105351.00499784392,133.36753845214844
Weighted Round Robin,3,pre,4.191778659820557,node-b,139716.85056955062,160.73894500732422
Weighted Round Robin,3,pre,4.305511474609375,node-a,44245.38050647578,51.9251823425293
Weighted Round Robin,3,pre,4.377147197723389,node-a,157402.7825241207,108.35051536560059
Weighted Round Robin,3,pre,4.418145418167114,node-b,59152.43728897325,57.30628967285156
Weighted Round Robin,3,pre,4.421154975891113,node-c,56380.921910718425,145.62487602233887
Weighted Round Robin,3,pre,4.487051248550415,node-a,174451.15964538767,142.76623725891113
Weighted Round Robin,3,pre,4.5301220417022705,node-b,76239.59404127699,67.86870956420898
Weighted Round Robin,3,pre,4.63410758972168,node-a,121920.21099841126,117.30003356933594
Weighted Round Robin,3,pre,4.773962736129761,node-c,169161.25558666213,201.77841186523438
Weighted Round Robin,3,pre,4.797040700912476,node-a,138746.521635349,127.96688079833984
Weighted Round Robin,3,pre,4.800473213195801,node-b,59133.718507809564,53.30204963684082
Weighted Round Robin,3,pre,4.863665342330933,node-a,75905.50441691672,103.07025909423828
Weighted Round Robin,3,pre,5.040008783340454,node-b,74792.39975742329,53.5120964050293
Weighted Round Robin,3,pre,5.096776723861694,node-c,123144.92966169126,161.6058349609375
Weighted Round Robin,3,pre,5.2435221672058105,node-a,119784.32502882545,103.08098793029785
Weighted Round Robin,3,pre,5.295690059661865,node-b,176664.1059623327,157.35363960266113
Weighted Round Robin,3,pre,5.386230230331421,node-a,131043.61398362278,217.8337574005127
Weighted Round Robin,3,pre,5.406510353088379,node-c,164264.2604133449,365.445613861084
Weighted Round Robin,3,pre,5.415595769882202,node-a,92374.09912328844,188.46821784973145
Weighted Round Robin,3,pre,5.425546646118164,node-b,86783.75214133186,133.17060470581055
Weighted Round Robin,3,pre,5.433384656906128,node-a,47145.90042161897,170.67933082580566
Weighted Round Robin,3,pre,5.437793493270874,node-c,73290.43164677924,226.8507480621338
Weighted Round Robin,3,pre,5.555577993392944,node-b,43754.188400073836,66.48516654968262
Weighted Round Robin,3,pre,5.586281061172485,node-a,67422.86626653901,85.6938362121582
Weighted Round Robin,3,pre,5.613136053085327,node-a,217359.62034934032,191.2977695465088
Weighted Round Robin,3,pre,5.677283048629761,node-b,115764.26442188691,92.54717826843262
Weighted Round Robin,3,pre,5.690267086029053,node-c,105951.799358836,209.71226692199707
Weighted Round Robin,3,pre,5.822950124740601,node-a,97658.11882717843,77.53705978393555
Weighted Round Robin,3,pre,5.911647081375122,node-b,80298.53776983809,74.06735420227051
Weighted Round Robin,3,pre,5.934505462646484,node-a,99121.8684254998,85.83688735961914
Weighted Round Robin,3,pre,5.948360443115234,node-c,172553.17875658226,232.79118537902832
Weighted Round Robin,3,pre,5.9852073192596436,node-a,61006.99366931766,89.89572525024414
Weighted Round Robin,3,pre,6.006069183349609,node-b,74789.51682989973,70.1298713684082
Weighted Round Robin,3,pre,6.011353015899658,node-a,65146.600343073755,101.5787124633789
Weighted Round Robin,3,pre,6.04601788520813,node-b,87062.49893126055,121.06132507324219
Weighted Round Robin,3,pre,6.2014501094818115,node-c,385391.3039188171,563.9674663543701
Weighted Round Robin,3,pre,6.27109432220459,node-a,266758.93786793726,198.72426986694336
Weighted Round Robin,3,pre,6.48354434967041,node-b,281240.84020317736,257.3661804199219
Weighted Round Robin,3,pre,6.624447584152222,node-a,53987.07807342748,57.1436882019043
Weighted Round Robin,3,pre,6.701901435852051,node-c,51487.21886555075,168.5936450958252
Weighted Round Robin,3,pre,6.829171180725098,node-a,167436.0502787623,126.79624557495117
Weighted Round Robin,3,pre,6.879420280456543,node-b,65747.55765819094,48.35104942321777
Weighted Round Robin,3,pre,6.953196287155151,node-a,122395.50695039616,100.01134872436523
Weighted Round Robin,3,pre,6.9795074462890625,node-c,52349.29081330753,59.06057357788086
Weighted Round Robin,3,pre,6.994603872299194,node-b,186013.82354241525,156.61215782165527
Weighted Round Robin,3,pre,7.1421778202056885,node-a,98736.65604954213,196.03919982910156
Weighted Round Robin,3,pre,7.152077674865723,node-a,86224.55156751478,134.8862648010254
Weighted Round Robin,3,pre,7.165055751800537,node-b,438632.347841776,598.0520248413086
Weighted Round Robin,3,pre,7.186582803726196,node-c,115356.70773112988,97.69582748413086
Weighted Round Robin,3,pre,7.253267288208008,node-a,61438.21322883472,93.42551231384277
Weighted Round Robin,3,pre,7.281931400299072,node-b,66008.15867936292,170.60065269470215
Weighted Round Robin,3,pre,7.329030990600586,node-a,194159.56094535333,152.33635902404785
Weighted Round Robin,3,pre,7.477590560913086,node-c,64611.91195551995,63.85636329650879
Weighted Round Robin,3,pre,7.5840370655059814,node-a,226966.03946855274,227.25629806518555
Weighted Round Robin,3,pre,7.664719820022583,node-b,56200.65647714769,143.9502239227295
Weighted Round Robin,3,pre,7.67664361000061,node-a,112630.40129185726,173.98810386657715
Weighted Round Robin,3,pre,7.758934736251831,node-b,55726.61332124832,81.2990665435791
Weighted Round Robin,3,pre,7.789931297302246,node-c,169734.31052167225,274.62315559387207
Weighted Round Robin,3,pre,7.7984771728515625,node-a,182368.40177013061,242.43927001953125
Weighted Round Robin,3,pre,7.825948476791382,node-b,126139.6866214254,136.64865493774414
Weighted Round Robin,3,pre,7.830977916717529,node-a,86300.52836010965,188.82393836975098
Weighted Round Robin,3,pre,7.893937349319458,node-c,71260.98912818337,199.60284233093262
Weighted Round Robin,3,pre,7.961230993270874,node-a,88516.2273518107,193.17007064819336
Weighted Round Robin,3,pre,7.981348752975464,node-b,51012.47849947106,61.68341636657715
Weighted Round Robin,3,pre,7.984393835067749,node-a,65293.30231885784,149.80769157409668
Weighted Round Robin,3,pre,8.172582387924194,node-c,186175.06594419913,213.82808685302734
Weighted Round Robin,3,pre,8.228619813919067,node-b,75741.90264230354,72.3574161529541
Weighted Round Robin,3,pre,8.331021547317505,node-a,97717.48834326558,111.69838905334473
Weighted Round Robin,3,pre,8.355406522750854,node-a,200241.32929567908,207.01956748962402
Weighted Round Robin,3,pre,8.471184730529785,node-b,118174.76042970728,96.73452377319336
Weighted Round Robin,3,pre,8.58406114578247,node-c,101584.60116521618,93.170166015625
Weighted Round Robin,3,pre,8.590731382369995,node-a,172004.99394668994,138.59272003173828
Weighted Round Robin,3,pre,8.965035915374756,node-b,127940.18749244996,103.51395606994629
Weighted Round Robin,3,pre,9.011938095092773,node-a,123018.50675066705,107.28240013122559
Weighted Round Robin,3,pre,9.108272314071655,node-c,112024.07231500103,91.5839672088623
Weighted Round Robin,3,pre,9.12496542930603,node-a,210430.05889386,186.8739128112793
Weighted Round Robin,3,pre,9.192908525466919,node-b,237906.668067662,325.7935047149658
Weighted Round Robin,3,pre,9.212671756744385,node-a,30851.22082499487,83.24980735778809
Weighted Round Robin,3,pre,9.323642253875732,node-b,272660.2409509828,780.1237106323242
Weighted Round Robin,3,pre,9.355769634246826,node-c,152582.71637124594,210.29305458068848
Weighted Round Robin,3,pre,9.409559965133667,node-a,87116.17724689213,72.3106861114502
Weighted Round Robin,3,pre,9.445718050003052,node-b,160271.70898528313,513.0903720855713
Weighted Round Robin,3,pre,9.497976779937744,node-a,49262.179799244834,50.783395767211914
Weighted Round Robin,3,pre,9.530297994613647,node-c,120095.44210975122,339.7836685180664
Weighted Round Robin,3,pre,9.572860717773438,node-a,188636.74964262082,149.6114730834961
Weighted Round Robin,3,pre,9.57505178451538,node-b,88609.80552457612,551.5084266662598
Weighted Round Robin,3,pre,9.684211492538452,node-a,31677.881931590593,57.08456039428711
Weighted Round Robin,3,pre,9.857512712478638,node-c,110201.01267753512,223.5414981842041
Weighted Round Robin,3,pre,9.897289276123047,node-b,92688.05254054791,266.34907722473145
Weighted Round Robin,3,pre,10.132411003112793,node-a,217423.6217371834,287.2931957244873
Weighted Round Robin,3,pre,10.144001007080078,node-a,166153.27917889852,250.3361701965332
Weighted Round Robin,3,pre,10.335739850997925,node-b,287627.7791143759,232.96499252319336
Weighted Round Robin,3,pre,10.36092758178711,node-c,111341.12492919047,124.56202507019043
Weighted Round Robin,3,pre,10.406853675842285,node-a,153702.23571122688,116.65058135986328
Weighted Round Robin,3,pre,10.57512092590332,node-b,147729.54641397847,151.36146545410156
Weighted Round Robin,3,pre,10.583723306655884,node-a,78195.12985040831,80.76310157775879
Weighted Round Robin,3,pre,10.597063302993774,node-c,125278.92011225996,98.3881950378418
Weighted Round Robin,3,pre,10.689374923706055,node-a,396116.0108985137,454.3635845184326
Weighted Round Robin,3,pre,10.757641315460205,node-b,81215.2364424928,79.66327667236328
Weighted Round Robin,3,pre,10.777413845062256,node-a,143944.61471021926,240.21577835083008
Weighted Round Robin,3,pre,10.80787467956543,node-b,102671.64804309912,158.99300575256348
Weighted Round Robin,3,pre,10.859283685684204,node-c,162614.1007351752,211.4861011505127
Weighted Round Robin,3,pre,10.990583181381226,node-a,70975.9171398874,158.47301483154297
Weighted Round Robin,3,pre,11.015037775039673,node-b,219282.1016652447,201.5364170074463
Weighted Round Robin,3,pre,11.068121433258057,node-a,102286.30050255335,215.2688503265381
Weighted Round Robin,3,pre,11.09236192703247,node-c,95098.83813284752,99.77388381958008
Weighted Round Robin,3,pre,11.113195419311523,node-a,82820.76027960994,169.11792755126953
Weighted Round Robin,3,pre,11.26045823097229,node-b,132687.6072110416,90.6209945678711
Weighted Round Robin,3,pre,11.299066066741943,node-a,67711.12655936374,67.62981414794922
Weighted Round Robin,3,pre,11.391376972198486,node-c,165633.54276978748,182.1880340576172
Weighted Round Robin,3,pre,11.412122249603271,node-b,77128.0586319599,70.56903839111328
Weighted Round Robin,3,pre,11.425209045410156,node-a,98755.19331449173,85.63399314880371
Weighted Round Robin,3,pre,11.503661870956421,node-a,201735.07194906968,151.65162086486816
Weighted Round Robin,3,pre,11.60153841972351,node-b,222349.17687356586,205.84392547607422
Weighted Round Robin,3,pre,11.666977882385254,node-c,118667.7115534522,120.34249305725098
Weighted Round Robin,3,pre,11.748998165130615,node-a,81036.86483874392,79.82254028320312
Weighted Round Robin,3,pre,11.819392442703247,node-b,108107.91663646602,87.55230903625488
Weighted Round Robin,3,pre,11.894816875457764,node-a,160137.94748010897,124.72319602966309
Weighted Round Robin,3,pre,12.050229787826538,node-c,114552.79886753255,134.8872184753418
Weighted Round Robin,3,pre,12.244788885116577,node-a,140063.4886965651,142.2896385192871
Weighted Round Robin,3,pre,12.290445804595947,node-b,194716.7540494398,236.18054389953613
Weighted Round Robin,3,pre,12.296828508377075,node-a,42742.237311835604,96.53472900390625
Weighted Round Robin,3,pre,12.393363237380981,node-b,110374.64834770499,218.70875358581543
Weighted Round Robin,3,post,12.45179009437561,node-c,112982.78466705212,139.28556442260742
Weighted Round Robin,3,post,12.620079517364502,node-a,81293.69924476535,83.22525024414062
Weighted Round Robin,3,post,12.69231390953064,node-b,137895.62380153398,129.05502319335938
Weighted Round Robin,3,post,12.70221495628357,node-a,70436.3410729888,109.94577407836914
Weighted Round Robin,3,post,12.774029970169067,node-c,87209.57502032016,96.72141075134277
Weighted Round Robin,3,post,12.813716411590576,node-a,89030.75309837685,296.6961860656738
Weighted Round Robin,3,post,12.821891069412231,node-b,271791.9346619133,242.90752410888672
Weighted Round Robin,3,post,12.840741395950317,node-a,60198.02953430339,267.52352714538574
Weighted Round Robin,3,post,13.080254793167114,node-c,99056.86993288249,96.2071418762207
Weighted Round Robin,3,post,13.108264923095703,node-b,175716.318392615,136.47198677062988
Weighted Round Robin,3,post,13.126169443130493,node-a,144099.4040489804,452.46076583862305
Weighted Round Robin,3,post,13.15653395652771,node-a,56111.504525049466,332.78346061706543
Weighted Round Robin,3,post,13.29929780960083,node-b,110269.301709239,105.40556907653809
Weighted Round Robin,3,post,13.374510049819946,node-c,41903.06088959609,45.9444522857666
Weighted Round Robin,3,post,13.38777756690979,node-a,157196.01878748505,1190.7739639282227
Weighted Round Robin,3,post,13.38830304145813,node-b,144152.96835709494,140.4275894165039
Weighted Round Robin,3,post,13.418861389160156,node-a,79167.2204634719,686.4175796508789
Weighted Round Robin,3,post,13.42909026145935,node-c,61405.511915985015,69.42558288574219
Weighted Round Robin,3,post,13.571480989456177,node-a,109332.8865201353,1020.4071998596191
Weighted Round Robin,3,post,13.57921051979065,node-b,72481.07128465363,70.38116455078125
Weighted Round Robin,3,post,13.625948905944824,node-a,63120.435418568966,861.954927444458
Weighted Round Robin,3,post,13.696298122406006,node-b,110797.59836804269,86.00044250488281
Weighted Round Robin,3,post,13.89440107345581,node-c,178569.22733664408,193.78995895385742
Weighted Round Robin,3,post,13.91417384147644,node-a,82470.16531176191,970.1526165008545
Weighted Round Robin,3,post,14.033730030059814,node-b,66004.55477625095,72.05891609191895
Weighted Round Robin,3,post,14.08763337135315,node-a,67787.8798981625,797.2488403320312
Weighted Round Robin,3,post,14.206022262573242,node-c,195042.17693358412,297.1048355102539
Weighted Round Robin,3,post,14.230613470077515,node-a,63271.84704000814,654.268741607666
Weighted Round Robin,3,post,14.253477096557617,node-b,61603.334663774374,64.16559219360352
Weighted Round Robin,3,post,14.271633625030518,node-a,144172.6215780923,1906.4838886260986
Weighted Round Robin,3,post,14.34287405014038,node-c,114290.57173508428,249.5553493499756
Weighted Round Robin,3,post,14.387849569320679,node-b,185301.47226999828,152.98151969909668
Weighted Round Robin,3,post,14.448567152023315,node-a,122067.1641656591,1130.1510334014893
Weighted Round Robin,3,post,14.537904262542725,node-a,72077.85189872846,1440.8257007598877
Weighted Round Robin,3,post,14.615525484085083,node-b,191634.13171703776,154.03366088867188
Weighted Round Robin,3,post,14.687706470489502,node-c,53757.68095334862,54.85415458679199
Weighted Round Robin,3,post,14.784463167190552,node-a,141267.16724789754,1520.91646194458
Weighted Round Robin,3,post,14.786542654037476,node-b,88743.31137723844,143.5394287109375
Weighted Round Robin,3,post,14.890154600143433,node-a,185825.15035074754,1906.6107273101807
Weighted Round Robin,3,post,14.980111598968506,node-c,93935.56803461448,194.98944282531738
Weighted Round Robin,3,post,15.010027408599854,node-a,128761.93816532423,2487.5330924987793
Weighted Round Robin,3,post,15.026853084564209,node-b,92552.40589050787,80.26385307312012
Weighted Round Robin,3,post,15.075612545013428,node-a,116445.07017977575,1920.9189414978027
Weighted Round Robin,3,post,15.21573519706726,node-b,133727.90718355545,105.4375171661377
Weighted Round Robin,3,post,15.238234519958496,node-c,84615.90193687758,131.8683624267578
Weighted Round Robin,3,post,15.337021112442017,node-a,93723.45459129076,1441.429615020752
Weighted Round Robin,3,post,15.541684865951538,node-b,218917.5935162207,193.8784122467041
Weighted Round Robin,3,post,15.568921089172363,node-a,102677.25712256435,1841.210126876831
Weighted Round Robin,3,post,15.866027355194092,node-c,348381.81666934217,812.0312690734863
Weighted Round Robin,3,post,15.869988203048706,node-a,104993.4357673171,1613.3711338043213
Weighted Round Robin,3,post,15.872750997543335,node-b,49461.33594374191,47.467947006225586
Weighted Round Robin,3,post,16.00081968307495,node-a,41551.23748377714,1409.3115329742432
Weighted Round Robin,3,post,16.045341730117798,node-c,210008.21940270488,645.026683807373
Weighted Round Robin,3,post,16.08704137802124,node-b,84427.93311300284,81.5281867980957
Weighted Round Robin,3,post,16.22293710708618,node-a,61220.57907538577,1163.9888286590576
Weighted Round Robin,3,post,16.392687797546387,node-a,241745.62371898722,2513.3607387542725
Weighted Round Robin,3,post,16.449674129486084,node-b,93024.8295160388,80.76858520507812
Weighted Round Robin,3,post,16.59502911567688,node-c,82240.56637960316,278.6602973937988
Weighted Round Robin,3,post,16.66446352005005,node-a,152258.42361104177,2246.943712234497
Weighted Round Robin,3,post,16.699997901916504,node-b,103488.38029366791,92.4077033996582
Weighted Round Robin,3,post,16.71566939353943,node-a,124429.08224271744,1873.807430267334
Weighted Round Robin,3,post,16.811110258102417,node-c,110984.65114306753,186.48743629455566
Weighted Round Robin,3,post,16.958742380142212,node-a,70777.72985188337,1635.4899406433105
Weighted Round Robin,3,post,17.143069744110107,node-b,61888.42667258292,45.36867141723633
Weighted Round Robin,3,post,17.163559675216675,node-a,157094.93866386055,2423.8202571868896
Weighted Round Robin,3,post,17.234108448028564,node-b,125917.62963959604,98.17719459533691
Weighted Round Robin,3,post,17.269555807113647,node-c,94056.14813912843,101.29213333129883
Weighted Round Robin,3,post,17.387957096099854,node-a,25724.04466802314,1095.2768325805664
Weighted Round Robin,3,post,17.403228282928467,node-b,72733.48579324105,71.73538208007812
Weighted Round Robin,3,post,17.40693759918213,node-a,96873.108947089,1888.7560367584229
Weighted Round Robin,3,post,17.432108402252197,node-c,192964.7496202207,433.8419437408447
Weighted Round Robin,3,post,17.436787128448486,node-a,131710.58566199482,2173.442840576172
Weighted Round Robin,3,post,17.469531774520874,node-b,254282.48332181506,241.54376983642578
Weighted Round Robin,3,post,17.502871990203857,node-a,36201.65908526246,1783.3034992218018
Weighted Round Robin,3,post,17.510451316833496,node-c,71270.23473229603,355.55458068847656
Weighted Round Robin,3,post,17.723878860473633,node-b,114600.25344049565,95.1073169708252
Weighted Round Robin,3,post,17.744656085968018,node-a,52211.10450819287,1746.4346885681152
Weighted Round Robin,3,post,17.826942682266235,node-a,104471.77994761086,1955.3990364074707
Weighted Round Robin,3,post,17.84064507484436,node-b,127020.05007478394,114.84551429748535
Weighted Round Robin,3,post,17.87658429145813,node-c,132671.67324618684,193.97473335266113
Weighted Round Robin,3,post,17.882376194000244,node-a,164409.09523764005,2616.5664196014404
Weighted Round Robin,3,post,17.890819787979126,node-b,43946.793962389755,75.17528533935547
Weighted Round Robin,3,post,17.891343116760254,node-a,55955.999537316704,2299.260377883911
Weighted Round Robin,3,post,18.00295090675354,node-c,93136.90939560611,185.27507781982422
Weighted Round Robin,3,post,18.026850700378418,node-a,112962.83418656822,3851.292610168457
Weighted Round Robin,3,post,18.074798583984375,node-b,61862.0340333799,63.85445594787598
Weighted Round Robin,3,post,18.1347713470459,node-a,73369.59871626766,2566.599130630493
Weighted Round Robin,3,post,18.147703886032104,node-b,83243.20647044796,73.15683364868164
Weighted Round Robin,3,post,18.34914255142212,node-c,149331.6284531257,506.73818588256836
Weighted Round Robin,3,post,18.38693070411682,node-a,124996.45172739525,2900.047540664673
Weighted Round Robin,3,post,18.392549991607666,node-b,167107.43764344222,230.97610473632812
Weighted Round Robin,3,post,18.400073528289795,node-a,123992.04169730635,3195.5885887145996
Weighted Round Robin,3,post,18.433847904205322,node-c,403598.7144155975,1565.2353763580322
Weighted Round Robin,3,post,18.44420289993286,node-a,89693.8041865825,2962.1777534484863
Weighted Round Robin,3,post,18.46538496017456,node-b,106406.72060979927,249.93157386779785
Weighted Round Robin,3,post,18.517170667648315,node-a,111025.73346009197,3375.1754760742188
Weighted Round Robin,3,post,18.519535064697266,node-c,217093.96178954912,1153.264045715332
Weighted Round Robin,3,post,18.544515132904053,node-b,362075.4679640048,720.0913429260254
Weighted Round Robin,3,post,18.65347194671631,node-a,121225.44946311796,3430.0317764282227
Weighted Round Robin,3,post,18.657297372817993,node-a,121817.37994836329,3536.6201400756836
Weighted Round Robin,3,post,18.72427535057068,node-b,200596.19831500656,488.62552642822266
Weighted Round Robin,3,post,18.72795796394348,node-c,82008.1177462985,535.0484848022461
Weighted Round Robin,3,post,18.912452459335327,node-a,88990.05512088929,3374.776840209961
Weighted Round Robin,3,post,18.930023670196533,node-b,25115.65674169705,135.07461547851562
Weighted Round Robin,3,post,18.947181940078735,node-a,124667.75243843862,3848.1802940368652
Weighted Round Robin,3,post,19.02234196662903,node-c,75166.31452374182,451.67040824890137
Weighted Round Robin,3,post,19.17888045310974,node-a,162170.77520336956,4820.421457290649
Weighted Round Robin,3,post,19.397839069366455,node-b,104708.86157977249,92.44728088378906
Weighted Round Robin,3,post,19.49315571784973,node-a,57890.661531089696,3300.7004261016846
Weighted Round Robin,3,post,19.612348794937134,node-b,98852.58437055953,79.2992115020752
Weighted Round Robin,3,post,19.688074588775635,node-c,96603.30527067628,467.27967262268066
Weighted Round Robin,3,post,19.70117974281311,node-a,92996.75934094745,3876.8324851989746
Weighted Round Robin,3,post,19.78177499771118,node-b,97723.26866839439,81.86507225036621
Weighted Round Robin,3,post,19.793179750442505,node-a,115476.55333186175,3817.711591720581
Weighted Round Robin,3,post,19.861289501190186,node-c,111524.20594571577,502.0134449005127
Weighted Round Robin,3,post,19.914332389831543,node-a,98952.90874296242,4194.65446472168
Weighted Round Robin,3,post,19.938811779022217,node-b,128746.43193625308,90.30985832214355
Weighted Round Robin,3,post,19.987823724746704,node-a,104459.7040208417,4719.276428222656
Weighted Round Robin,3,post,20.050333738327026,node-c,112519.20030321943,609.5614433288574
Weighted Round Robin,3,post,20.06603765487671,node-b,106514.252373446,185.66012382507324
Weighted Round Robin,3,post,20.094954252243042,node-a,79818.46683950338,3909.886598587036
Weighted Round Robin,3,post,20.124080181121826,node-a,70517.17427511903,3664.46852684021
Weighted Round Robin,3,post,20.132002353668213,node-b,100271.62628972923,221.6024398803711
Weighted Round Robin,3,post,20.15178370475769,node-c,80199.95865090714,542.0188903808594
Weighted Round Robin,3,post,20.223076581954956,node-a,186737.77407891993,4661.002635955811
Weighted Round Robin,3,post,20.30491328239441,node-b,127698.32341597367,199.3706226348877
Weighted Round Robin,3,post,20.344781398773193,node-a,52098.55892993617,4151.285171508789
Weighted Round Robin,3,post,20.38580870628357,node-c,141900.7018660077,701.197624206543
Weighted Round Robin,3,post,20.41334295272827,node-a,94013.5598912424,4390.992879867554
Weighted Round Robin,3,post,20.494498252868652,node-b,132063.44804977652,136.50870323181152
Weighted Round Robin,3,post,20.522140502929688,node-a,79615.68026688536,4064.296007156372
Weighted Round Robin,3,post,20.58837103843689,node-b,112802.81650846542,182.63936042785645
Weighted Round Robin,3,post,20.632057428359985,node-c,120640.60286521286,527.7619361877441
Weighted Round Robin,3,post,20.673651218414307,node-a,56572.49021869933,4330.31702041626
Weighted Round Robin,3,post,20.871866464614868,node-b,148221.3055078236,140.8829689025879
Weighted Round Robin,3,post,21.01966881752014,node-a,77074.59264786166,4167.466163635254
Weighted Round Robin,3,post,21.085376977920532,node-c,64013.50458544465,178.06339263916016
Weighted Round Robin,3,post,21.167784690856934,node-a,91721.8922301567,4224.616527557373
Weighted Round Robin,3,post,21.17792558670044,node-b,118846.10650961201,90.30485153198242
Weighted Round Robin,3,post,21.209689140319824,node-a,47863.23410253597,4176.469326019287
Weighted Round Robin,3,post,21.299713134765625,node-c,238367.96473922377,288.27571868896484
Weighted Round Robin,3,post,21.37005591392517,node-b,159123.49134234595,148.29564094543457
Weighted Round Robin,3,post,21.386348247528076,node-a,75092.96711987992,4291.573047637939
Weighted Round Robin,3,post,21.60091519355774,node-a,107459.21511886253,4276.982307434082
Weighted Round Robin,3,post,21.60345697402954,node-b,229290.3891436315,205.780029296875
Weighted Round Robin,3,post,21.679917097091675,node-c,83160.13683880706,83.83584022521973
Weighted Round Robin,3,post,21.686875581741333,node-a,94402.17842989758,4322.676181793213
Weighted Round Robin,3,post,21.856271505355835,node-b,222631.30793300664,193.0687427520752
Weighted Round Robin,3,post,21.86227560043335,node-a,175647.9187851912,6427.600860595703
Weighted Round Robin,3,post,21.96941351890564,node-c,60331.3989974577,67.32583045959473
Weighted Round Robin,3,post,21.981895208358765,node-a,141977.96386643077,6032.444715499878
Weighted Round Robin,3,post,22.29485845565796,node-b,164534.80967078934,147.05467224121094
Weighted Round Robin,3,post,22.334638118743896,node-a,115267.02255775942,4383.9240074157715
Weighted Round Robin,3,post,22.415825605392456,node-b,158403.14368709165,193.94731521606445
Weighted Round Robin,3,post,22.483272790908813,node-c,69694.44324286177,67.72303581237793
Weighted Round Robin,3,post,22.52969717979431,node-a,296981.328087987,7153.414964675903
Weighted Round Robin,3,post,22.628941774368286,node-b,84826.29836906017,67.71707534790039
Weighted Round Robin,3,post,22.67994499206543,node-a,63954.37547814553,4116.341352462769
Weighted Round Robin,3,post,22.869138717651367,node-c,107476.33828642637,112.85233497619629
Weighted Round Robin,3,post,22.87344527244568,node-a,43957.86887424518,4029.059410095215
Weighted Round Robin,3,post,23.24288582801819,node-b,66345.61962642966,67.80624389648438
Weighted Round Robin,3,post,23.299819707870483,node-a,55848.08455119217,4204.030275344849
Weighted Round Robin,3,post,23.320340633392334,node-c,151793.03122404628,170.54271697998047
Weighted Round Robin,3,post,23.3603253364563,node-b,243821.26780142356,201.89952850341797
Weighted Round Robin,3,post,23.447152376174927,node-a,133144.69656236598,5056.53715133667
Weighted Round Robin,3,post,23.515840530395508,node-a,167277.25587830026,5297.507047653198
Weighted Round Robin,3,post,23.658907651901245,node-b,71156.75309036142,63.05575370788574
Weighted Round Robin,3,post,23.815765857696533,node-c,142593.41808539664,164.76845741271973
Weighted Round Robin,3,post,23.881113529205322,node-a,98581.17999936656,4609.647989273071
Weighted Round Robin,3,post,23.989659070968628,node-b,354859.4953854607,463.6538028717041
Weighted Round Robin,3,post,24.036107063293457,node-a,201990.46880408181,6154.747486114502
Weighted Round Robin,3,post,24.044110536575317,node-c,80574.92165486338,118.09992790222168
Weighted Round Robin,3,post,24.081538438796997,node-a,102524.34241174787,5406.130075454712
Weighted Round Robin,3,post,24.10193157196045,node-b,39280.673117961436,118.9873218536377
Weighted Round Robin,3,post,24.237725257873535,node-a,169977.84421387923,6062.547206878662
Weighted Round Robin,3,post,24.25344729423523,node-b,277329.92497025046,487.48111724853516
Weighted Round Robin,3,post,24.34132719039917,node-c,122163.87529606925,146.3315486907959
Weighted Round Robin,3,post,24.498200178146362,node-a,159478.29012764295,5499.526500701904
Weighted Round Robin,3,post,24.507322311401367,node-b,78000.83861628891,219.62642669677734
Weighted Round Robin,3,post,24.57292604446411,node-a,142625.82671661692,5830.95908164978
Weighted Round Robin,3,post,24.75308585166931,node-c,88145.70055111959,113.26193809509277
Weighted Round Robin,3,post,24.788647651672363,node-a,166120.30159994063,6189.2335414886475
Weighted Round Robin,3,post,24.822508335113525,node-b,63250.86154300048,60.52994728088379
Weighted Round Robin,3,post,24.867902994155884,node-a,88431.08020217018,5930.943727493286
Weighted Round Robin,3,post,24.882532596588135,node-c,73860.98341434757,89.51377868652344
Weighted Round Robin,3,post,24.894551277160645,node-b,151176.68153687188,133.02254676818848
Weighted Round Robin,3,post,25.10891580581665,node-a,31085.5342461262,5381.748676300049
Weighted Round Robin,3,post,25.27455449104309,node-a,284068.40728266456,8008.091449737549
Weighted Round Robin,3,post,25.315245151519775,node-b,314027.09305014444,247.04599380493164
Weighted Round Robin,3,post,25.33742666244507,node-c,88068.29596915108,124.49049949645996
Weighted Round Robin,3,post,25.4302396774292,node-a,44910.9771122448,5580.198764801025
Weighted Round Robin,3,post,25.730348825454712,node-b,300207.6105140175,273.6055850982666
Weighted Round Robin,3,post,25.879456043243408,node-a,125238.75544716889,6009.452104568481
Weighted Round Robin,3,post,25.913029432296753,node-c,92195.86165189376,163.55180740356445
Weighted Round Robin,3,post,25.95885157585144,node-a,97454.47166277318,6719.757556915283
Weighted Round Robin,3,post,26.034303903579712,node-b,103419.86248173531,83.53495597839355
Weighted Round Robin,3,post,26.085878372192383,node-a,218162.3323699205,7123.752117156982
Weighted Round Robin,3,post,26.108270168304443,node-b,104414.18976264699,111.67120933532715
Weighted Round Robin,3,post,26.130468606948853,node-c,111044.88548808794,149.98197555541992
Weighted Round Robin,3,post,26.205434322357178,node-a,135567.96029732388,6272.217512130737
Weighted Round Robin,3,post,26.446226119995117,node-b,124007.95195333504,99.39813613891602
Weighted Round Robin,3,post,26.459686517715454,node-a,61826.21061014434,5917.915821075439
Weighted Round Robin,3,post,26.54138422012329,node-c,122204.34589017533,149.00779724121094
Weighted Round Robin,3,post,26.722445249557495,node-a,57748.75204641652,5956.1638832092285
Weighted Round Robin,3,post,26.72347927093506,node-b,158995.83453495818,123.20375442504883
Weighted Round Robin,3,post,26.76130700111389,node-a,73898.85823830085,6335.573196411133
Weighted Round Robin,3,post,26.854098796844482,node-c,104295.03816136306,124.40013885498047
Weighted Round Robin,3,post,27.011087656021118,node-b,131755.28080822466,106.78434371948242
Weighted Round Robin,3,post,27.20535397529602,node-a,38467.909156484486,5403.8262367248535
Weighted Round Robin,3,post,27.228574991226196,node-a,64463.29755571067,5763.710260391235
Weighted Round Robin,3,post,27.23322868347168,node-b,84482.27941986591,72.56770133972168
Weighted Round Robin,3,post,27.25669836997986,node-c,100224.68861392654,120.93234062194824
Weighted Round Robin,3,post,27.31277298927307,node-a,129056.86107375722,6001.434087753296
ML-Argmin,3,pre,0.16952872276306152,node-a,84230.67277203871,80.12938499450684
ML-Argmin,3,pre,0.3269641399383545,node-b,77560.81991680905,75.24561882019043
ML-Argmin,3,pre,0.4942328929901123,node-c,113311.05725571056,133.6522102355957
ML-Argmin,3,pre,0.513357400894165,node-a,161489.9706805916,242.2316074371338
ML-Argmin,3,pre,0.5219717025756836,node-a,98321.46826749739,160.05206108093262
ML-Argmin,3,pre,0.6172909736633301,node-a,120751.36945494833,210.2527618408203
ML-Argmin,3,pre,0.7179007530212402,node-a,138148.02591110818,193.43256950378418
ML-Argmin,3,pre,0.9322903156280518,node-a,149514.80121563136,124.59397315979004
ML-Argmin,3,pre,0.9395880699157715,node-b,67798.65854417763,50.336599349975586
ML-Argmin,3,pre,1.0100295543670654,node-b,133874.38768073334,220.50142288208008
ML-Argmin,3,pre,1.0147814750671387,node-b,104961.95262695376,216.27521514892578
ML-Argmin,3,pre,1.0900688171386719,node-c,78396.31264325154,116.79196357727051
ML-Argmin,3,pre,1.209040641784668,node-a,75465.39679470468,112.57076263427734
ML-Argmin,3,pre,1.2360007762908936,node-a,94526.86468914807,136.6727352142334
ML-Argmin,3,pre,1.320052146911621,node-a,64438.67785333842,95.27802467346191
ML-Argmin,3,pre,1.331209659576416,node-c,51061.985635864105,66.18618965148926
ML-Argmin,3,pre,1.337930679321289,node-c,109329.95660084423,387.26210594177246
ML-Argmin,3,pre,1.3595027923583984,node-c,155983.56591287281,457.2148323059082
ML-Argmin,3,pre,1.421398639678955,node-a,93871.412021314,154.19244766235352
ML-Argmin,3,pre,1.4493699073791504,node-a,153318.15260805382,182.74331092834473
ML-Argmin,3,pre,1.5365252494812012,node-b,86704.77359910753,151.85832977294922
ML-Argmin,3,pre,1.5525078773498535,node-b,64380.56988520041,142.72522926330566
ML-Argmin,3,pre,1.6779680252075195,node-b,49470.49421080667,54.216861724853516
ML-Argmin,3,pre,1.7612724304199219,node-a,70271.47899510608,62.74914741516113
ML-Argmin,3,pre,1.808121919631958,node-b,219013.40470387292,241.990327835083
ML-Argmin,3,pre,1.8385047912597656,node-a,94471.32800405489,104.83860969543457
ML-Argmin,3,pre,1.867957592010498,node-a,42704.270456508035,107.0554256439209
ML-Argmin,3,pre,1.8748793601989746,node-a,105832.25525385937,214.45894241333008
ML-Argmin,3,pre,1.885779857635498,node-a,87271.69503309132,230.1311492919922
ML-Argmin,3,pre,1.9334378242492676,node-b,83520.37981972964,255.19156455993652
ML-Argmin,3,pre,1.9580934047698975,node-b,76876.75591009416,239.44425582885742
ML-Argmin,3,pre,2.0478763580322266,node-a,69399.24350827376,109.29751396179199
ML-Argmin,3,pre,2.095635414123535,node-a,87974.30556495409,129.0876865386963
ML-Argmin,3,pre,2.1126108169555664,node-c,42740.38097392698,43.920040130615234
ML-Argmin,3,pre,2.14213228225708,node-c,59703.87397421505,83.11223983764648
ML-Argmin,3,pre,2.191225528717041,node-b,89818.54656571259,354.59136962890625
ML-Argmin,3,pre,2.2118287086486816,node-b,155184.79252660437,894.4754600524902
ML-Argmin,3,pre,2.234818935394287,node-b,133109.24174702977,659.1403484344482
ML-Argmin,3,pre,2.2932846546173096,node-b,267338.5934547247,830.5354118347168
ML-Argmin,3,pre,2.3167035579681396,node-b,193882.42058134847,732.1608066558838
ML-Argmin,3,pre,2.407528877258301,node-c,41765.584485600324,47.74594306945801
ML-Argmin,3,pre,2.5027403831481934,node-a,137767.35342120178,115.59629440307617
ML-Argmin,3,pre,2.5793962478637695,node-a,172787.3427230898,265.93780517578125
ML-Argmin,3,pre,2.5856165885925293,node-a,118579.18911234259,233.95347595214844
ML-Argmin,3,pre,2.661782741546631,node-c,41887.60605446006,56.78081512451172
ML-Argmin,3,pre,2.7550597190856934,node-c,88248.76445155044,81.82001113891602
ML-Argmin,3,pre,2.832159996032715,node-c,70323.87783633945,178.32493782043457
ML-Argmin,3,pre,2.849581480026245,node-c,127365.88033627544,857.1629524230957
ML-Argmin,3,pre,2.8755362033843994,node-c,188405.3076532535,1057.2659969329834
ML-Argmin,3,pre,2.8865761756896973,node-c,146158.60184114904,1021.5849876403809
ML-Argmin,3,pre,2.91013240814209,node-c,63085.78464621632,803.9567470550537
ML-Argmin,3,pre,2.912245512008667,node-c,157089.65861829594,2190.47212600708
ML-Argmin,3,pre,2.922288417816162,node-c,106256.91724006737,1597.9831218719482
ML-Argmin,3,pre,3.0127813816070557,node-c,173740.46364490307,2511.5480422973633
ML-Argmin,3,pre,3.286698579788208,node-c,91082.54769138122,2310.171365737915
ML-Argmin,3,pre,3.3280038833618164,node-c,116649.2305851562,2395.650863647461
ML-Argmin,3,pre,3.346101999282837,node-c,102140.70884526489,1970.2441692352295
ML-Argmin,3,pre,3.374403238296509,node-c,94150.28968568862,2240.143299102783
ML-Argmin,3,pre,3.399912118911743,node-c,223392.3151005689,3328.4573554992676
ML-Argmin,3,pre,3.410471200942993,node-c,164008.08314773778,3298.921585083008
ML-Argmin,3,pre,3.4808197021484375,node-c,129497.6175435716,3020.9622383117676
ML-Argmin,3,pre,3.581082820892334,node-c,52384.06410666844,2551.039934158325
ML-Argmin,3,pre,3.681493043899536,node-a,73888.13909469236,74.22471046447754
ML-Argmin,3,pre,4.046051740646362,node-a,105351.00499784392,86.00497245788574
ML-Argmin,3,pre,4.193359851837158,node-a,139716.85056955062,120.12505531311035
ML-Argmin,3,pre,4.309094190597534,node-a,44245.38050647578,37.027835845947266
ML-Argmin,3,pre,4.376839876174927,node-a,157402.7825241207,214.33496475219727
ML-Argmin,3,pre,4.422409296035767,node-a,59152.43728897325,160.77947616577148
ML-Argmin,3,pre,4.42494535446167,node-a,56380.921910718425,136.13200187683105
ML-Argmin,3,pre,4.489437103271484,node-a,174451.15964538767,377.46143341064453
ML-Argmin,3,pre,4.5321104526519775,node-a,76239.59404127699,195.18089294433594
ML-Argmin,3,pre,4.636163234710693,node-a,121920.21099841126,245.69153785705566
ML-Argmin,3,pre,4.77511739730835,node-a,169161.25558666213,472.7475643157959
ML-Argmin,3,pre,4.800201654434204,node-a,138746.521635349,457.2563171386719
ML-Argmin,3,pre,4.803410053253174,node-a,59133.718507809564,516.1218643188477
ML-Argmin,3,pre,4.865207672119141,node-a,75905.50441691672,433.3488941192627
ML-Argmin,3,pre,5.041454076766968,node-a,74792.39975742329,251.27267837524414
ML-Argmin,3,pre,5.098412275314331,node-a,123144.92966169126,356.3201427459717
ML-Argmin,3,pre,5.2432169914245605,node-a,119784.32502882545,257.3220729827881
ML-Argmin,3,pre,5.299651384353638,node-a,176664.1059623327,756.720781326294
ML-Argmin,3,pre,5.3869547843933105,node-a,131043.61398362278,720.8619117736816
ML-Argmin,3,pre,5.4087700843811035,node-c,164264.2604133449,1427.727460861206
ML-Argmin,3,pre,5.41641902923584,node-a,92374.09912328844,315.8242702484131
ML-Argmin,3,pre,5.426130294799805,node-a,86783.75214133186,450.7291316986084
ML-Argmin,3,pre,5.434781074523926,node-b,47145.90042161897,54.61454391479492
ML-Argmin,3,pre,5.4404637813568115,node-a,73290.43164677924,378.3550262451172
ML-Argmin,3,pre,5.556515693664551,node-b,43754.188400073836,71.96474075317383
ML-Argmin,3,pre,5.586228847503662,node-b,67422.86626653901,114.0286922454834
ML-Argmin,3,pre,5.616726636886597,node-a,217359.62034934032,645.8771228790283
ML-Argmin,3,pre,5.678796768188477,node-a,115764.26442188691,662.4569892883301
ML-Argmin,3,pre,5.69218111038208,node-a,105951.799358836,730.3512096405029
ML-Argmin,3,pre,5.8246941566467285,node-a,97658.11882717843,516.5596008300781
ML-Argmin,3,pre,5.911775827407837,node-a,80298.53776983809,629.1017532348633
ML-Argmin,3,pre,5.9358391761779785,node-a,99121.8684254998,860.4722023010254
ML-Argmin,3,pre,5.950974941253662,node-a,172553.17875658226,1166.50390625
ML-Argmin,3,pre,5.986392974853516,node-b,61006.99366931766,72.12114334106445
ML-Argmin,3,pre,6.008232593536377,node-a,74789.51682989973,703.808069229126
ML-Argmin,3,pre,6.01316499710083,node-b,65146.600343073755,100.48270225524902
ML-Argmin,3,pre,6.048794984817505,node-a,87062.49893126055,777.5998115539551
ML-Argmin,3,pre,6.203212738037109,node-a,385391.3039188171,1298.2285022735596
ML-Argmin,3,pre,6.2728729248046875,node-a,266758.93786793726,1102.5316715240479
ML-Argmin,3,pre,6.485695838928223,node-a,281240.84020317736,1041.105031967163
ML-Argmin,3,pre,6.626219749450684,node-b,53987.07807342748,49.05104637145996
ML-Argmin,3,pre,6.70277738571167,node-b,51487.21886555075,58.57992172241211
ML-Argmin,3,pre,6.831683397293091,node-c,167436.0502787623,285.2902412414551
ML-Argmin,3,pre,6.881606817245483,node-b,65747.55765819094,67.9326057434082
ML-Argmin,3,pre,6.954321622848511,node-b,122395.50695039616,259.5510482788086
ML-Argmin,3,pre,6.979002237319946,node-b,52349.29081330753,152.67133712768555
ML-Argmin,3,pre,6.996132135391235,node-b,186013.82354241525,633.6987018585205
ML-Argmin,3,pre,7.14529275894165,node-b,98736.65604954213,453.80234718322754
ML-Argmin,3,pre,7.154303312301636,node-b,86224.55156751478,544.9111461639404
ML-Argmin,3,pre,7.16604471206665,node-b,438632.347841776,1622.0488548278809
ML-Argmin,3,pre,7.185742139816284,node-b,115356.70773112988,751.1887550354004
ML-Argmin,3,pre,7.255784273147583,node-b,61438.21322883472,979.5725345611572
ML-Argmin,3,pre,7.281942129135132,node-b,66008.15867936292,958.1425189971924
ML-Argmin,3,pre,7.332968711853027,node-b,194159.56094535333,1471.118450164795
ML-Argmin,3,pre,7.477293968200684,node-b,64611.91195551995,1133.7461471557617
ML-Argmin,3,pre,7.585510015487671,node-b,226966.03946855274,1343.062400817871
ML-Argmin,3,pre,7.669238328933716,node-b,56200.65647714769,934.9269866943359
ML-Argmin,3,pre,7.67818808555603,node-b,112630.40129185726,1257.9677104949951
ML-Argmin,3,pre,7.760162115097046,node-c,55726.61332124832,42.3276424407959
ML-Argmin,3,pre,7.792163372039795,node-c,169734.31052167225,741.0733699798584
ML-Argmin,3,pre,7.7984044551849365,node-c,182368.40177013061,1720.0942039489746
ML-Argmin,3,pre,7.8299243450164795,node-c,126139.6866214254,1109.386920928955
ML-Argmin,3,pre,7.833550453186035,node-c,86300.52836010965,677.0012378692627
ML-Argmin,3,pre,7.894099950790405,node-c,71260.98912818337,317.6248073577881
ML-Argmin,3,pre,7.962133884429932,node-c,88516.2273518107,1252.2499561309814
ML-Argmin,3,pre,7.985727071762085,node-c,51012.47849947106,1024.4355201721191
ML-Argmin,3,pre,7.988743543624878,node-c,65293.30231885784,1141.2014961242676
ML-Argmin,3,pre,8.174397945404053,node-c,186175.06594419913,1929.3594360351562
ML-Argmin,3,pre,8.229306697845459,node-c,75741.90264230354,1667.508602142334
ML-Argmin,3,pre,8.333410739898682,node-c,97717.48834326558,1775.6829261779785
ML-Argmin,3,pre,8.355531692504883,node-c,200241.32929567908,3977.1525859832764
ML-Argmin,3,pre,8.47409439086914,node-c,118174.76042970728,2660.409688949585
ML-Argmin,3,pre,8.586594104766846,node-c,101584.60116521618,3941.8296813964844
ML-Argmin,3,pre,8.592450380325317,node-c,172004.99394668994,3518.6703205108643
ML-Argmin,3,pre,8.964407444000244,node-c,127940.18749244996,2552.615165710449
ML-Argmin,3,pre,9.015641927719116,node-c,123018.50675066705,2794.675588607788
ML-Argmin,3,pre,9.107927083969116,node-c,112024.07231500103,2595.52001953125
ML-Argmin,3,pre,9.127833843231201,node-c,210430.05889386,3576.946496963501
ML-Argmin,3,pre,9.192389965057373,node-c,237906.668067662,3814.4099712371826
ML-Argmin,3,pre,9.216013193130493,node-c,30851.22082499487,2694.37313079834
ML-Argmin,3,pre,9.325019598007202,node-c,272660.2409509828,4588.065385818481
ML-Argmin,3,pre,9.35581374168396,node-c,152582.71637124594,4060.852289199829
ML-Argmin,3,pre,9.413717985153198,node-c,87116.17724689213,3882.8189373016357
ML-Argmin,3,pre,9.445959568023682,node-c,160271.70898528313,4367.198705673218
ML-Argmin,3,pre,9.499702215194702,node-c,49262.179799244834,4314.000368118286
ML-Argmin,3,pre,9.532858848571777,node-c,120095.44210975122,4871.513843536377
ML-Argmin,3,pre,9.573909282684326,node-c,188636.74964262082,6522.400379180908
ML-Argmin,3,pre,9.579365253448486,node-c,88609.80552457612,4922.687530517578
ML-Argmin,3,pre,9.68392539024353,node-a,31677.881931590593,35.11381149291992
ML-Argmin,3,pre,9.859606266021729,node-a,110201.01267753512,104.43663597106934
ML-Argmin,3,pre,9.901033878326416,node-a,92688.05254054791,116.19973182678223
ML-Argmin,3,pre,10.133002758026123,node-a,217423.6217371834,278.9950370788574
ML-Argmin,3,pre,10.146020650863647,node-a,166153.27917889852,270.30229568481445
ML-Argmin,3,pre,10.336312294006348,node-c,287627.7791143759,6379.924297332764
ML-Argmin,3,pre,10.361063480377197,node-a,111341.12492919047,186.24305725097656
ML-Argmin,3,pre,10.410416841506958,node-a,153702.23571122688,227.21219062805176
ML-Argmin,3,pre,10.577240467071533,node-a,147729.54641397847,236.98663711547852
ML-Argmin,3,pre,10.586578130722046,node-a,78195.12985040831,175.42004585266113
ML-Argmin,3,pre,10.596485376358032,node-a,125278.92011225996,358.7462902069092
ML-Argmin,3,pre,10.691215991973877,node-c,396116.0108985137,5925.857782363892
ML-Argmin,3,pre,10.761998176574707,node-a,81215.2364424928,315.1535987854004
ML-Argmin,3,pre,10.776396751403809,node-a,143944.61471021926,414.71409797668457
ML-Argmin,3,pre,10.811005353927612,node-a,102671.64804309912,461.58647537231445
ML-Argmin,3,pre,10.860620737075806,node-a,162614.1007351752,394.5589065551758
ML-Argmin,3,pre,10.990535497665405,node-b,70975.9171398874,74.4469165802002
ML-Argmin,3,pre,11.017310857772827,node-c,219282.1016652447,5394.401788711548
ML-Argmin,3,pre,11.072891473770142,node-b,102286.30050255335,144.55270767211914
ML-Argmin,3,pre,11.093717336654663,node-b,95098.83813284752,257.62152671813965
ML-Argmin,3,pre,11.115238904953003,node-b,82820.76027960994,290.4319763183594
ML-Argmin,3,pre,11.263453483581543,node-c,132687.6072110416,6062.236309051514
ML-Argmin,3,pre,11.300124883651733,node-b,67711.12655936374,138.1518840789795
ML-Argmin,3,pre,11.392959833145142,node-c,165633.54276978748,6220.972537994385
ML-Argmin,3,pre,11.414132833480835,node-b,77128.0586319599,174.1478443145752
ML-Argmin,3,pre,11.426788568496704,node-b,98755.19331449173,205.82914352416992
ML-Argmin,3,pre,11.503169775009155,node-c,201735.07194906968,6501.803159713745
ML-Argmin,3,pre,11.605960607528687,node-c,222349.17687356586,6795.460939407349
ML-Argmin,3,pre,11.668100357055664,node-b,118667.7115534522,121.5517520904541
ML-Argmin,3,pre,11.7507164478302,node-b,81036.86483874392,97.11718559265137
ML-Argmin,3,pre,11.821056365966797,node-b,108107.91663646602,135.42890548706055
ML-Argmin,3,pre,11.895365476608276,node-c,160137.94748010897,6233.3924770355225
ML-Argmin,3,pre,12.050595045089722,node-a,114552.79886753255,90.68703651428223
ML-Argmin,3,pre,12.246665716171265,node-b,140063.4886965651,183.6538314819336
ML-Argmin,3,pre,12.29496145248413,node-a,194716.7540494398,132.69567489624023
ML-Argmin,3,pre,12.297982692718506,node-b,42742.237311835604,109.43317413330078
ML-Argmin,3,pre,12.394384860992432,node-a,110374.64834770499,146.29697799682617
ML-Argmin,3,post,12.45429015159607,node-a,112982.78466705212,393.27311515808105
ML-Argmin,3,post,12.62235951423645,node-a,81293.69924476535,248.6729621887207
ML-Argmin,3,post,12.694221019744873,node-b,137895.62380153398,233.2906723022461
ML-Argmin,3,post,12.703716516494751,node-b,70436.3410729888,121.89722061157227
ML-Argmin,3,post,12.776848077774048,node-a,87209.57502032016,586.2736701965332
ML-Argmin,3,post,12.815892457962036,node-a,89030.75309837685,460.5135917663574
ML-Argmin,3,post,12.822331190109253,node-a,271791.9346619133,1840.1639461517334
ML-Argmin,3,post,12.842617988586426,node-b,60198.02953430339,104.9351692199707
ML-Argmin,3,post,13.081875562667847,node-a,99056.86993288249,662.9979610443115
ML-Argmin,3,post,13.109261512756348,node-a,175716.318392615,1559.000015258789
ML-Argmin,3,post,13.126583337783813,node-b,144099.4040489804,177.9491901397705
ML-Argmin,3,post,13.159513711929321,node-b,56111.504525049466,149.2922306060791
ML-Argmin,3,post,13.301291227340698,node-a,110269.301709239,1439.157247543335
ML-Argmin,3,post,13.375608682632446,node-b,41903.06088959609,71.26283645629883
ML-Argmin,3,post,13.389072895050049,node-c,157196.01878748505,4838.261365890503
ML-Argmin,3,post,13.392182350158691,node-b,144152.96835709494,329.662561416626
ML-Argmin,3,post,13.420339107513428,node-b,79167.2204634719,223.7703800201416
ML-Argmin,3,post,13.429209470748901,node-b,61405.511915985015,278.2766819000244
ML-Argmin,3,post,13.57393765449524,node-c,109332.8865201353,4744.473695755005
ML-Argmin,3,post,13.580688714981079,node-c,72481.07128465363,4842.395067214966
ML-Argmin,3,post,13.625709056854248,node-c,63120.435418568966,4995.576620101929
ML-Argmin,3,post,13.700040102005005,node-c,110797.59836804269,5524.823188781738
ML-Argmin,3,post,13.895311832427979,node-c,178569.22733664408,6426.717042922974
ML-Argmin,3,post,13.916289567947388,node-c,82470.16531176191,5313.359975814819
ML-Argmin,3,post,14.035247802734375,node-c,66004.55477625095,5990.108966827393
ML-Argmin,3,post,14.086601734161377,node-c,67787.8798981625,5332.622766494751
ML-Argmin,3,post,14.209481716156006,node-c,195042.17693358412,6693.609237670898
ML-Argmin,3,post,14.230530023574829,node-c,63271.84704000814,5586.901903152466
ML-Argmin,3,post,14.25528597831726,node-c,61603.334663774374,6052.548170089722
ML-Argmin,3,post,14.273858785629272,node-c,144172.6215780923,6960.485458374023
ML-Argmin,3,post,14.343560934066772,node-c,114290.57173508428,6178.160190582275
ML-Argmin,3,post,14.38999080657959,node-c,185301.47226999828,7429.007053375244
ML-Argmin,3,post,14.452631711959839,node-c,122067.1641656591,7080.103635787964
ML-Argmin,3,post,14.535867691040039,node-c,72077.85189872846,6298.384666442871
ML-Argmin,3,post,14.617188692092896,node-c,191634.13171703776,7700.700759887695
ML-Argmin,3,post,14.688527584075928,node-c,53757.68095334862,6607.751131057739
ML-Argmin,3,post,14.787455797195435,node-c,141267.16724789754,7145.316123962402
ML-Argmin,3,post,14.790730953216553,node-b,88743.31137723844,77.45146751403809
ML-Argmin,3,post,14.889921188354492,node-c,185825.15035074754,7945.123195648193
ML-Argmin,3,post,14.98412299156189,node-b,93935.56803461448,120.5744743347168
ML-Argmin,3,post,15.01262903213501,node-b,128761.93816532423,282.7763557434082
ML-Argmin,3,post,15.028902053833008,node-b,92552.40589050787,303.24339866638184
ML-Argmin,3,post,15.07624340057373,node-b,116445.07017977575,434.7865581512451
ML-Argmin,3,post,15.217804670333862,node-c,133727.90718355545,7778.512477874756
ML-Argmin,3,post,15.24214768409729,node-b,84615.90193687758,359.32278633117676
ML-Argmin,3,post,15.339580297470093,node-b,93723.45459129076,299.3783950805664
ML-Argmin,3,post,15.542860984802246,node-c,218917.5935162207,7579.382658004761
ML-Argmin,3,post,15.569334268569946,node-b,102677.25712256435,161.35907173156738
ML-Argmin,3,post,15.868778467178345,node-c,348381.81666934217,10037.129402160645
ML-Argmin,3,post,15.872696161270142,node-b,104993.4357673171,137.11142539978027
ML-Argmin,3,post,15.87377667427063,node-b,49461.33594374191,127.47001647949219
ML-Argmin,3,post,16.002861261367798,node-b,41551.23748377714,40.64488410949707
ML-Argmin,3,post,16.046247720718384,node-b,210008.21940270488,380.8104991912842
ML-Argmin,3,post,16.088170051574707,node-b,84427.93311300284,199.73039627075195
ML-Argmin,3,post,16.224021911621094,node-b,61220.57907538577,201.45487785339355
ML-Argmin,3,post,16.39253807067871,node-b,241745.62371898722,723.3152389526367
ML-Argmin,3,post,16.45314121246338,node-b,93024.8295160388,252.34103202819824
ML-Argmin,3,post,16.596867322921753,node-b,82240.56637960316,327.0998001098633
ML-Argmin,3,post,16.66464877128601,node-b,152258.42361104177,782.8545570373535
ML-Argmin,3,post,16.70217204093933,node-b,103488.38029366791,797.0619201660156
ML-Argmin,3,post,16.71623659133911,node-b,124429.08224271744,605.1709651947021
ML-Argmin,3,post,16.812253952026367,node-b,110984.65114306753,537.4758243560791
ML-Argmin,3,post,16.960317850112915,node-b,70777.72985188337,538.9161109924316
ML-Argmin,3,post,17.14593482017517,node-b,61888.42667258292,460.8590602874756
ML-Argmin,3,post,17.16462755203247,node-b,157094.93866386055,560.1444244384766
ML-Argmin,3,post,17.237282037734985,node-a,125917.62963959604,314.3444061279297
ML-Argmin,3,post,17.27138113975525,node-a,94056.14813912843,680.5918216705322
ML-Argmin,3,post,17.389622449874878,node-a,25724.04466802314,375.0119209289551
ML-Argmin,3,post,17.40492844581604,node-a,72733.48579324105,535.2253913879395
ML-Argmin,3,post,17.409591913223267,node-a,96873.108947089,730.4120063781738
ML-Argmin,3,post,17.43333148956299,node-c,192964.7496202207,7294.649362564087
ML-Argmin,3,post,17.438516855239868,node-a,131710.58566199482,1018.6736583709717
ML-Argmin,3,post,17.471309661865234,node-c,254282.48332181506,8741.760969161987
ML-Argmin,3,post,17.504947185516357,node-a,36201.65908526246,749.1812705993652
ML-Argmin,3,post,17.513012409210205,node-a,71270.23473229603,960.9017372131348
ML-Argmin,3,post,17.725368976593018,node-a,114600.25344049565,1247.4133968353271
ML-Argmin,3,post,17.746028661727905,node-a,52211.10450819287,1001.7094612121582
ML-Argmin,3,post,17.82745051383972,node-a,104471.77994761086,1823.0857849121094
ML-Argmin,3,post,17.843808889389038,node-a,127020.05007478394,2134.692668914795
ML-Argmin,3,post,17.87845468521118,node-a,132671.67324618684,2279.5324325561523
ML-Argmin,3,post,17.886502981185913,node-a,164409.09523764005,2783.268928527832
ML-Argmin,3,post,17.891822814941406,node-a,43946.793962389755,1961.2784385681152
ML-Argmin,3,post,17.89505958557129,node-a,55955.999537316704,2275.179386138916
ML-Argmin,3,post,18.0049729347229,node-a,93136.90939560611,2634.5162391662598
ML-Argmin,3,post,18.026777505874634,node-a,112962.83418656822,2719.714879989624
ML-Argmin,3,post,18.07775855064392,node-a,61862.0340333799,2767.4901485443115
ML-Argmin,3,post,18.13680648803711,node-a,73369.59871626766,2821.549654006958
ML-Argmin,3,post,18.148678302764893,node-a,83243.20647044796,2906.985282897949
ML-Argmin,3,post,18.349639177322388,node-a,149331.6284531257,3795.358657836914
ML-Argmin,3,post,18.3904390335083,node-a,124996.45172739525,3559.2024326324463
ML-Argmin,3,post,18.393867015838623,node-a,167107.43764344222,3874.6089935302734
ML-Argmin,3,post,18.401421546936035,node-a,123992.04169730635,4064.967393875122
ML-Argmin,3,post,18.4358811378479,node-c,403598.7144155975,8066.776275634766
ML-Argmin,3,post,18.442229747772217,node-a,89693.8041865825,3907.245874404907
ML-Argmin,3,post,18.469600915908813,node-a,106406.72060979927,4675.554990768433
ML-Argmin,3,post,18.518494606018066,node-a,111025.73346009197,4340.228796005249
ML-Argmin,3,post,18.521247386932373,node-c,217093.96178954912,6514.845609664917
ML-Argmin,3,post,18.545241832733154,node-c,362075.4679640048,8062.836408615112
ML-Argmin,3,post,18.652260780334473,node-a,121225.44946311796,5111.75274848938
ML-Argmin,3,post,18.662292957305908,node-a,121817.37994836329,4783.779621124268
ML-Argmin,3,post,18.726415395736694,node-c,200596.19831500656,7191.054105758667
ML-Argmin,3,post,18.73237919807434,node-a,82008.1177462985,5023.195266723633
ML-Argmin,3,post,18.911776304244995,node-a,88990.05512088929,4838.3684158325195
ML-Argmin,3,post,18.931525230407715,node-a,25115.65674169705,4642.322301864624
ML-Argmin,3,post,18.948365688323975,node-a,124667.75243843862,5020.46012878418
ML-Argmin,3,post,19.026023626327515,node-a,75166.31452374182,5121.709823608398
ML-Argmin,3,post,19.179771423339844,node-a,162170.77520336956,5377.3345947265625
ML-Argmin,3,post,19.398613929748535,node-b,104708.86157977249,76.33471488952637
ML-Argmin,3,post,19.49484348297119,node-a,57890.661531089696,4957.2436809539795
ML-Argmin,3,post,19.615981578826904,node-b,98852.58437055953,83.15396308898926
ML-Argmin,3,post,19.688653469085693,node-b,96603.30527067628,156.4953327178955
ML-Argmin,3,post,19.704991817474365,node-b,92996.75934094745,211.7171287536621
ML-Argmin,3,post,19.783713340759277,node-b,97723.26866839439,431.87427520751953
ML-Argmin,3,post,19.797839164733887,node-b,115476.55333186175,627.7568340301514
ML-Argmin,3,post,19.864107847213745,node-b,111524.20594571577,693.0601596832275
ML-Argmin,3,post,19.915677785873413,node-b,98952.90874296242,415.34900665283203
ML-Argmin,3,post,19.93860101699829,node-b,128746.43193625308,792.6874160766602
ML-Argmin,3,post,19.989776372909546,node-b,104459.7040208417,723.426103591919
ML-Argmin,3,post,20.05441117286682,node-b,112519.20030321943,1062.5066757202148
ML-Argmin,3,post,20.068207502365112,node-b,106514.252373446,1322.8223323822021
ML-Argmin,3,post,20.0958890914917,node-a,79818.46683950338,4677.529096603394
ML-Argmin,3,post,20.128094911575317,node-a,70517.17427511903,4826.877593994141
ML-Argmin,3,post,20.13384771347046,node-b,100271.62628972923,1098.3974933624268
ML-Argmin,3,post,20.154726028442383,node-a,80199.95865090714,4908.12611579895
ML-Argmin,3,post,20.223492860794067,node-b,186737.77407891993,1600.8005142211914
ML-Argmin,3,post,20.305315256118774,node-b,127698.32341597367,1481.837272644043
ML-Argmin,3,post,20.345529079437256,node-a,52098.55892993617,4716.762065887451
ML-Argmin,3,post,20.386977672576904,node-b,141900.7018660077,1316.617488861084
ML-Argmin,3,post,20.41464114189148,node-b,94013.5598912424,1142.6074504852295
ML-Argmin,3,post,20.495665311813354,node-b,132063.44804977652,1100.663185119629
ML-Argmin,3,post,20.526003122329712,node-a,79615.68026688536,4748.2898235321045
ML-Argmin,3,post,20.587259531021118,node-b,112802.81650846542,1413.8543605804443
ML-Argmin,3,post,20.635228157043457,node-b,120640.60286521286,1693.2721138000488
ML-Argmin,3,post,20.675109386444092,node-a,56572.49021869933,4664.797067642212
ML-Argmin,3,post,20.871104955673218,node-b,148221.3055078236,1577.5153636932373
ML-Argmin,3,post,21.02294158935547,node-b,77074.59264786166,1118.332862854004
ML-Argmin,3,post,21.085841417312622,node-a,64013.50458544465,4473.533153533936
ML-Argmin,3,post,21.171425104141235,node-b,91721.8922301567,1282.454490661621
ML-Argmin,3,post,21.179829835891724,node-b,118846.10650961201,1360.731840133667
ML-Argmin,3,post,21.20919966697693,node-a,47863.23410253597,4359.373569488525
ML-Argmin,3,post,21.304192781448364,node-b,238367.96473922377,1617.4912452697754
ML-Argmin,3,post,21.37192440032959,node-b,159123.49134234595,1741.558313369751
ML-Argmin,3,post,21.386149168014526,node-b,75092.96711987992,1736.6440296173096
ML-Argmin,3,post,21.604320764541626,node-b,107459.21511886253,1693.2876110076904
ML-Argmin,3,post,21.605908393859863,node-b,229290.3891436315,2341.7904376983643
ML-Argmin,3,post,21.68165373802185,node-b,83160.13683880706,1405.8356285095215
ML-Argmin,3,post,21.689673900604248,node-b,94402.17842989758,1763.3535861968994
ML-Argmin,3,post,21.858081579208374,node-b,222631.30793300664,3186.3324642181396
ML-Argmin,3,post,21.86381244659424,node-b,175647.9187851912,3162.7376079559326
ML-Argmin,3,post,21.96932339668274,node-a,60331.3989974577,3986.640691757202
ML-Argmin,3,post,21.98546576499939,node-b,141977.96386643077,2001.2283325195312
ML-Argmin,3,post,22.29524278640747,node-b,164534.80967078934,2736.6039752960205
ML-Argmin,3,post,22.337498664855957,node-b,115267.02255775942,2706.9153785705566
ML-Argmin,3,post,22.418219327926636,node-b,158403.14368709165,2912.790536880493
ML-Argmin,3,post,22.483067512512207,node-a,69694.44324286177,3456.2809467315674
ML-Argmin,3,post,22.532877206802368,node-b,296981.328087987,2973.4041690826416
ML-Argmin,3,post,22.628732204437256,node-b,84826.29836906017,1658.4994792938232
ML-Argmin,3,post,22.68154740333557,node-a,63954.37547814553,3185.356616973877
ML-Argmin,3,post,22.872969150543213,node-b,107476.33828642637,1946.357011795044
ML-Argmin,3,post,22.875582218170166,node-a,43957.86887424518,3092.000961303711
ML-Argmin,3,post,23.24447798728943,node-a,66345.61962642966,2929.306983947754
ML-Argmin,3,post,23.301816940307617,node-a,55848.08455119217,2943.0789947509766
ML-Argmin,3,post,23.32181406021118,node-b,151793.03122404628,2024.5411396026611
ML-Argmin,3,post,23.361093282699585,node-b,243821.26780142356,3463.0627632141113
ML-Argmin,3,post,23.450287342071533,node-b,133144.69656236598,2885.9426975250244
ML-Argmin,3,post,23.516400814056396,node-b,167277.25587830026,3080.3399085998535
ML-Argmin,3,post,23.65920901298523,node-a,71156.75309036142,2892.062187194824
ML-Argmin,3,post,23.819435358047485,node-b,142593.41808539664,2218.1429862976074
ML-Argmin,3,post,23.882921934127808,node-b,98581.17999936656,2713.8187885284424
ML-Argmin,3,post,23.99244451522827,node-b,354859.4953854607,3094.820737838745
ML-Argmin,3,post,24.035463571548462,node-b,201990.46880408181,2514.201879501343
ML-Argmin,3,post,24.047650814056396,node-a,80574.92165486338,2699.751138687134
ML-Argmin,3,post,24.081228494644165,node-b,102524.34241174787,2824.949026107788
ML-Argmin,3,post,24.10521173477173,node-a,39280.673117961436,2543.6365604400635
ML-Argmin,3,post,24.239054441452026,node-b,169977.84421387923,3174.365282058716
ML-Argmin,3,post,24.255632162094116,node-b,277329.92497025046,4055.112838745117
ML-Argmin,3,post,24.342825651168823,node-b,122163.87529606925,3262.6256942749023
ML-Argmin,3,post,24.50001335144043,node-b,159478.29012764295,3415.757894515991
ML-Argmin,3,post,24.511141538619995,node-b,78000.83861628891,3232.029676437378
ML-Argmin,3,post,24.574122190475464,node-b,142625.82671661692,3432.6958656311035
ML-Argmin,3,post,24.754862070083618,node-b,88145.70055111959,3366.7402267456055
ML-Argmin,3,post,24.788864612579346,node-b,166120.30159994063,4213.730335235596
ML-Argmin,3,post,24.825679779052734,node-a,63250.86154300048,2028.9726257324219
ML-Argmin,3,post,24.870208501815796,node-b,88431.08020217018,3634.3421936035156
ML-Argmin,3,post,24.88425040245056,node-a,73860.98341434757,2058.0716133117676
ML-Argmin,3,post,24.896218061447144,node-b,151176.68153687188,4809.370517730713
ML-Argmin,3,post,25.108348846435547,node-a,31085.5342461262,2035.989761352539
ML-Argmin,3,post,25.2780122756958,node-b,284068.40728266456,4408.782958984375
ML-Argmin,3,post,25.316144227981567,node-b,314027.09305014444,4717.1525955200195
ML-Argmin,3,post,25.339380264282227,node-b,88068.29596915108,3753.2413005828857
ML-Argmin,3,post,25.431642055511475,node-a,44910.9771122448,1712.165355682373
ML-Argmin,3,post,25.731706380844116,node-b,300207.6105140175,4605.687856674194
ML-Argmin,3,post,25.879441499710083,node-b,125238.75544716889,3544.978380203247
ML-Argmin,3,post,25.916297674179077,node-b,92195.86165189376,3389.3232345581055
ML-Argmin,3,post,25.960688591003418,node-b,97454.47166277318,3856.247663497925
ML-Argmin,3,post,26.03587245941162,node-b,103419.86248173531,3884.626865386963
ML-Argmin,3,post,26.085707426071167,node-b,218162.3323699205,4548.42209815979
ML-Argmin,3,post,26.113564252853394,node-b,104414.18976264699,4280.269622802734
ML-Argmin,3,post,26.13171625137329,node-b,111044.88548808794,4354.694128036499
ML-Argmin,3,post,26.20827889442444,node-b,135567.96029732388,4643.912315368652
ML-Argmin,3,post,26.448241710662842,node-b,124007.95195333504,4398.558139801025
ML-Argmin,3,post,26.462255477905273,node-a,61826.21061014434,977.3120880126953
ML-Argmin,3,post,26.54385733604431,node-b,122204.34589017533,4669.37255859375
ML-Argmin,3,post,26.724246740341187,node-a,57748.75204641652,735.0616455078125
ML-Argmin,3,post,26.724769830703735,node-b,158995.83453495818,5093.45006942749
ML-Argmin,3,post,26.7619469165802,node-a,73898.85823830085,1006.9911479949951
ML-Argmin,3,post,26.857866048812866,node-b,104295.03816136306,4529.195070266724
ML-Argmin,3,post,27.01275658607483,node-b,131755.28080822466,4722.812652587891
ML-Argmin,3,post,27.20667576789856,node-a,38467.909156484486,562.2622966766357
ML-Argmin,3,post,27.227638006210327,node-a,64463.29755571067,617.7842617034912
ML-Argmin,3,post,27.236740589141846,node-b,84482.27941986591,4563.640832901001
ML-Argmin,3,post,27.256714820861816,node-b,100224.68861392654,4243.955850601196
ML-Argmin,3,post,27.313928842544556,node-b,129056.86107375722,4407.200336456299
ML-Softmax,3,pre,0.16916441917419434,node-a,84230.67277203871,80.77192306518555
ML-Softmax,3,pre,0.33030080795288086,node-c,77560.81991680905,99.61557388305664
ML-Softmax,3,pre,0.49407386779785156,node-b,113311.05725571056,160.45880317687988
ML-Softmax,3,pre,0.5110986232757568,node-b,161489.9706805916,396.5888023376465
ML-Softmax,3,pre,0.5221922397613525,node-a,98321.46826749739,86.3502025604248
ML-Softmax,3,pre,0.6184368133544922,node-b,120751.36945494833,288.7129783630371
ML-Softmax,3,pre,0.71750807762146,node-a,138148.02591110818,111.32144927978516
ML-Softmax,3,pre,0.9332191944122314,node-c,149514.80121563136,221.21119499206543
ML-Softmax,3,pre,0.9396021366119385,node-a,67798.65854417763,70.10674476623535
ML-Softmax,3,pre,1.01021409034729,node-c,133874.38768073334,421.2603569030762
ML-Softmax,3,pre,1.0139429569244385,node-a,104961.95262695376,103.28269004821777
ML-Softmax,3,pre,1.0878887176513672,node-b,78396.31264325154,70.24955749511719
ML-Softmax,3,pre,1.2093307971954346,node-c,75465.39679470468,246.30498886108398
ML-Softmax,3,pre,1.2361297607421875,node-a,94526.86468914807,94.28858757019043
ML-Softmax,3,pre,1.3220245838165283,node-b,64438.67785333842,97.3515510559082
ML-Softmax,3,pre,1.3319780826568604,node-b,51061.985635864105,83.17875862121582
ML-Softmax,3,pre,1.3378207683563232,node-a,109329.95660084423,175.11820793151855
ML-Softmax,3,pre,1.357118844985962,node-a,155983.56591287281,272.82190322875977
ML-Softmax,3,pre,1.4246809482574463,node-a,93871.412021314,205.2597999572754
ML-Softmax,3,pre,1.4502604007720947,node-b,153318.15260805382,145.89834213256836
ML-Softmax,3,pre,1.53566312789917,node-c,86704.77359910753,94.78545188903809
ML-Softmax,3,pre,1.5519671440124512,node-b,64380.56988520041,89.08414840698242
ML-Softmax,3,pre,1.676013708114624,node-c,49470.49421080667,56.48946762084961
ML-Softmax,3,pre,1.7650456428527832,node-b,70271.47899510608,75.70624351501465
ML-Softmax,3,pre,1.8081505298614502,node-b,219013.40470387292,387.3143196105957
ML-Softmax,3,pre,1.8365936279296875,node-c,94471.32800405489,190.00506401062012
ML-Softmax,3,pre,1.8686580657958984,node-c,42704.270456508035,160.72392463684082
ML-Softmax,3,pre,1.8733012676239014,node-b,105832.25525385937,269.1843509674072
ML-Softmax,3,pre,1.885591983795166,node-c,87271.69503309132,351.01771354675293
ML-Softmax,3,pre,1.9323537349700928,node-c,83520.37981972964,510.0135803222656
ML-Softmax,3,pre,1.9583122730255127,node-c,76876.75591009416,586.4028930664062
ML-Softmax,3,pre,2.050466537475586,node-b,69399.24350827376,263.98730278015137
ML-Softmax,3,pre,2.093820333480835,node-c,87974.30556495409,536.5409851074219
ML-Softmax,3,pre,2.112421751022339,node-a,42740.38097392698,53.63750457763672
ML-Softmax,3,pre,2.1467928886413574,node-b,59703.87397421505,179.40235137939453
ML-Softmax,3,pre,2.1864101886749268,node-a,89818.54656571259,141.36171340942383
ML-Softmax,3,pre,2.2146236896514893,node-a,155184.79252660437,384.6886157989502
ML-Softmax,3,pre,2.2349400520324707,node-a,133109.24174702977,488.39521408081055
ML-Softmax,3,pre,2.2951436042785645,node-b,267338.5934547247,315.3548240661621
ML-Softmax,3,pre,2.316049575805664,node-a,193882.42058134847,465.4543399810791
ML-Softmax,3,pre,2.405365467071533,node-a,41765.584485600324,155.61223030090332
ML-Softmax,3,pre,2.506410837173462,node-a,137767.35342120178,275.09307861328125
ML-Softmax,3,pre,2.5788207054138184,node-b,172787.3427230898,538.470983505249
ML-Softmax,3,pre,2.5843024253845215,node-b,118579.18911234259,270.9832191467285
ML-Softmax,3,pre,2.6610946655273438,node-c,41887.60605446006,47.74761199951172
ML-Softmax,3,pre,2.754518747329712,node-c,88248.76445155044,80.5823802947998
ML-Softmax,3,pre,2.83309268951416,node-b,70323.87783633945,181.00357055664062
ML-Softmax,3,pre,2.8504674434661865,node-c,127365.88033627544,792.6807403564453
ML-Softmax,3,pre,2.873671531677246,node-b,188405.3076532535,337.59498596191406
ML-Softmax,3,pre,2.885554313659668,node-c,146158.60184114904,747.7293014526367
ML-Softmax,3,pre,2.909348487854004,node-c,63085.78464621632,714.8656845092773
ML-Softmax,3,pre,2.909348487854004,node-c,157089.65861829594,814.1822814941406
ML-Softmax,3,pre,2.9250152111053467,node-a,106256.91724006737,90.69585800170898
ML-Softmax,3,pre,3.0135743618011475,node-a,173740.46364490307,130.06854057312012
ML-Softmax,3,pre,3.28875470161438,node-a,91082.54769138122,96.92096710205078
ML-Softmax,3,pre,3.327603816986084,node-a,116649.2305851562,197.51524925231934
ML-Softmax,3,pre,3.345254421234131,node-b,102140.70884526489,85.51168441772461
ML-Softmax,3,pre,3.3760147094726562,node-a,94150.28968568862,190.53030014038086
ML-Softmax,3,pre,3.3980257511138916,node-a,223392.3151005689,475.2495288848877
ML-Softmax,3,pre,3.409837007522583,node-b,164008.08314773778,186.04111671447754
ML-Softmax,3,pre,3.482177734375,node-a,129497.6175435716,370.7582950592041
ML-Softmax,3,pre,3.577374219894409,node-b,52384.06410666844,57.511091232299805
ML-Softmax,3,pre,3.681879997253418,node-b,73888.13909469236,85.60967445373535
ML-Softmax,3,pre,4.047876358032227,node-a,105351.00499784392,99.70808029174805
ML-Softmax,3,pre,4.195186376571655,node-a,139716.85056955062,122.32327461242676
ML-Softmax,3,pre,4.308306694030762,node-b,44245.38050647578,62.16001510620117
ML-Softmax,3,pre,4.378434181213379,node-a,157402.7825241207,122.42531776428223
ML-Softmax,3,pre,4.420200347900391,node-c,59152.43728897325,98.65880012512207
ML-Softmax,3,pre,4.425073623657227,node-b,56380.921910718425,74.70488548278809
ML-Softmax,3,pre,4.488993167877197,node-b,174451.15964538767,315.216064453125
ML-Softmax,3,pre,4.530067682266235,node-b,76239.59404127699,181.9937229156494
ML-Softmax,3,pre,4.63664698600769,node-b,121920.21099841126,259.22441482543945
ML-Softmax,3,pre,4.773414134979248,node-a,169161.25558666213,268.74685287475586
ML-Softmax,3,pre,4.8015782833099365,node-a,138746.521635349,263.3850574493408
ML-Softmax,3,pre,4.803157329559326,node-a,59133.718507809564,187.1480941772461
ML-Softmax,3,pre,4.863328695297241,node-c,75905.50441691672,71.14791870117188
ML-Softmax,3,pre,5.043822765350342,node-b,74792.39975742329,72.57890701293945
ML-Softmax,3,pre,5.0965704917907715,node-a,123144.92966169126,97.99551963806152
ML-Softmax,3,pre,5.245299577713013,node-a,119784.32502882545,111.23800277709961
ML-Softmax,3,pre,5.297032356262207,node-b,176664.1059623327,195.93191146850586
ML-Softmax,3,pre,5.38953709602356,node-b,131043.61398362278,319.9121952056885
ML-Softmax,3,pre,5.408533096313477,node-b,164264.2604133449,338.00554275512695
ML-Softmax,3,pre,5.416694402694702,node-a,92374.09912328844,176.1631965637207
ML-Softmax,3,pre,5.427019357681274,node-a,86783.75214133186,172.3160743713379
ML-Softmax,3,pre,5.4347522258758545,node-a,47145.90042161897,188.92717361450195
ML-Softmax,3,pre,5.437933683395386,node-c,73290.43164677924,84.65981483459473
ML-Softmax,3,pre,5.556110858917236,node-a,43754.188400073836,88.01007270812988
ML-Softmax,3,pre,5.588953495025635,node-c,67422.86626653901,71.35891914367676
ML-Softmax,3,pre,5.614535570144653,node-a,217359.62034934032,189.4063949584961
ML-Softmax,3,pre,5.676777362823486,node-c,115764.26442188691,369.5409297943115
ML-Softmax,3,pre,5.693423748016357,node-c,105951.799358836,345.1225757598877
ML-Softmax,3,pre,5.827418565750122,node-b,97658.11882717843,86.00068092346191
ML-Softmax,3,pre,5.913419246673584,node-b,80298.53776983809,112.43534088134766
ML-Softmax,3,pre,5.935337066650391,node-b,99121.8684254998,221.00424766540527
ML-Softmax,3,pre,5.948459625244141,node-a,172553.17875658226,216.57752990722656
ML-Softmax,3,pre,5.985851287841797,node-a,61006.99366931766,136.29794120788574
ML-Softmax,3,pre,6.008958578109741,node-b,74789.51682989973,148.45037460327148
ML-Softmax,3,pre,6.012536287307739,node-a,65146.600343073755,141.096830368042
ML-Softmax,3,pre,6.047863721847534,node-b,87062.49893126055,207.53002166748047
ML-Softmax,3,pre,6.203209638595581,node-a,385391.3039188171,273.6380100250244
ML-Softmax,3,pre,6.272284030914307,node-b,266758.93786793726,274.01113510131836
ML-Softmax,3,pre,6.485495567321777,node-b,281240.84020317736,367.1276569366455
ML-Softmax,3,pre,6.626384735107422,node-c,53987.07807342748,51.03778839111328
ML-Softmax,3,pre,6.70296049118042,node-a,51487.21886555075,57.57308006286621
ML-Softmax,3,pre,6.831980228424072,node-c,167436.0502787623,218.1532382965088
ML-Softmax,3,pre,6.881096124649048,node-b,65747.55765819094,58.594465255737305
ML-Softmax,3,pre,6.952926158905029,node-a,122395.50695039616,159.80005264282227
ML-Softmax,3,pre,6.980262994766235,node-a,52349.29081330753,149.71518516540527
ML-Softmax,3,pre,6.997119903564453,node-a,186013.82354241525,238.60692977905273
ML-Softmax,3,pre,7.144250869750977,node-c,98736.65604954213,300.0063896179199
ML-Softmax,3,pre,7.152911186218262,node-c,86224.55156751478,275.7725715637207
ML-Softmax,3,pre,7.166236877441406,node-b,438632.347841776,559.4193935394287
ML-Softmax,3,pre,7.187196493148804,node-b,115356.70773112988,225.2659797668457
ML-Softmax,3,pre,7.254535675048828,node-c,61438.21322883472,373.7189769744873
ML-Softmax,3,pre,7.282064199447632,node-c,66008.15867936292,335.4380130767822
ML-Softmax,3,pre,7.330676078796387,node-a,194159.56094535333,152.65917778015137
ML-Softmax,3,pre,7.479403018951416,node-c,64611.91195551995,255.37633895874023
ML-Softmax,3,pre,7.587342739105225,node-a,226966.03946855274,301.8054962158203
ML-Softmax,3,pre,7.667326927185059,node-a,56200.65647714769,144.9413299560547
ML-Softmax,3,pre,7.678283214569092,node-a,112630.40129185726,210.86502075195312
ML-Softmax,3,pre,7.760432720184326,node-b,55726.61332124832,55.76157569885254
ML-Softmax,3,pre,7.792025089263916,node-a,169734.31052167225,421.3271141052246
ML-Softmax,3,pre,7.8005712032318115,node-a,182368.40177013061,516.1283016204834
ML-Softmax,3,pre,7.828886032104492,node-a,126139.6866214254,393.3451175689697
ML-Softmax,3,pre,7.832659959793091,node-b,86300.52836010965,84.10859107971191
ML-Softmax,3,pre,7.894372224807739,node-b,71260.98912818337,101.93896293640137
ML-Softmax,3,pre,7.963205814361572,node-a,88516.2273518107,313.77458572387695
ML-Softmax,3,pre,7.98400092124939,node-c,51012.47849947106,75.46305656433105
ML-Softmax,3,pre,7.984515905380249,node-c,65293.30231885784,133.41927528381348
ML-Softmax,3,pre,8.173948764801025,node-b,186175.06594419913,165.97747802734375
ML-Softmax,3,pre,8.230511903762817,node-c,75741.90264230354,93.49775314331055
ML-Softmax,3,pre,8.333340644836426,node-b,97717.48834326558,102.37312316894531
ML-Softmax,3,pre,8.356304168701172,node-a,200241.32929567908,167.75989532470703
ML-Softmax,3,pre,8.474532127380371,node-b,118174.76042970728,130.26070594787598
ML-Softmax,3,pre,8.586746454238892,node-a,101584.60116521618,151.80373191833496
ML-Softmax,3,pre,8.592550277709961,node-a,172004.99394668994,235.7039451599121
ML-Softmax,3,pre,8.965026378631592,node-a,127940.18749244996,143.20683479309082
ML-Softmax,3,pre,9.01661729812622,node-a,123018.50675066705,168.45345497131348
ML-Softmax,3,pre,9.109843730926514,node-b,112024.07231500103,102.17714309692383
ML-Softmax,3,pre,9.126898527145386,node-a,210430.05889386,223.44684600830078
ML-Softmax,3,pre,9.192496299743652,node-a,237906.668067662,297.2707748413086
ML-Softmax,3,pre,9.215711116790771,node-c,30851.22082499487,107.56421089172363
ML-Softmax,3,pre,9.326452732086182,node-b,272660.2409509828,387.1726989746094
ML-Softmax,3,pre,9.357190132141113,node-c,152582.71637124594,398.90527725219727
ML-Softmax,3,pre,9.411250352859497,node-c,87116.17724689213,320.6312656402588
ML-Softmax,3,pre,9.447381734848022,node-b,160271.70898528313,398.37098121643066
ML-Softmax,3,pre,9.499515771865845,node-a,49262.179799244834,57.21783638000488
ML-Softmax,3,pre,9.530511379241943,node-a,120095.44210975122,160.18342971801758
ML-Softmax,3,pre,9.57394814491272,node-a,188636.74964262082,230.72075843811035
ML-Softmax,3,pre,9.577008724212646,node-b,88609.80552457612,218.15085411071777
ML-Softmax,3,pre,9.687026023864746,node-a,31677.881931590593,107.58233070373535
ML-Softmax,3,pre,9.858569383621216,node-a,110201.01267753512,100.85582733154297
ML-Softmax,3,pre,9.900536060333252,node-a,92688.05254054791,119.93837356567383
ML-Softmax,3,pre,10.133737802505493,node-b,217423.6217371834,176.11336708068848
ML-Softmax,3,pre,10.143058061599731,node-c,166153.27917889852,199.1102695465088
ML-Softmax,3,pre,10.337475061416626,node-a,287627.7791143759,336.8566036224365
ML-Softmax,3,pre,10.362684488296509,node-b,111341.12492919047,88.29736709594727
ML-Softmax,3,pre,10.409975290298462,node-a,153702.23571122688,255.45430183410645
ML-Softmax,3,pre,10.577221870422363,node-b,147729.54641397847,327.5322914123535
ML-Softmax,3,pre,10.587153673171997,node-c,78195.12985040831,130.88750839233398
ML-Softmax,3,pre,10.598715543746948,node-b,125278.92011225996,293.9920425415039
ML-Softmax,3,pre,10.688964605331421,node-a,396116.0108985137,279.8926830291748
ML-Softmax,3,pre,10.759762525558472,node-c,81215.2364424928,85.42442321777344
ML-Softmax,3,pre,10.776937484741211,node-b,143944.61471021926,249.89819526672363
ML-Softmax,3,pre,10.810368537902832,node-c,102671.64804309912,313.51566314697266
ML-Softmax,3,pre,10.861901760101318,node-c,162614.1007351752,655.3821563720703
ML-Softmax,3,pre,10.9903404712677,node-c,70975.9171398874,539.7818088531494
ML-Softmax,3,pre,11.018797397613525,node-c,219282.1016652447,806.8408966064453
ML-Softmax,3,pre,11.067693948745728,node-a,102286.30050255335,156.46743774414062
ML-Softmax,3,pre,11.096057415008545,node-a,95098.83813284752,174.81422424316406
ML-Softmax,3,pre,11.113192558288574,node-a,82820.76027960994,170.40371894836426
ML-Softmax,3,pre,11.264120817184448,node-b,132687.6072110416,186.94019317626953
ML-Softmax,3,pre,11.299253940582275,node-b,67711.12655936374,156.11600875854492
ML-Softmax,3,pre,11.392411947250366,node-a,165633.54276978748,142.6706314086914
ML-Softmax,3,pre,11.415469646453857,node-b,77128.0586319599,208.57524871826172
ML-Softmax,3,pre,11.426525592803955,node-b,98755.19331449173,217.43416786193848
ML-Softmax,3,pre,11.505589008331299,node-a,201735.07194906968,172.8994846343994
ML-Softmax,3,pre,11.603147506713867,node-b,222349.17687356586,298.37822914123535
ML-Softmax,3,pre,11.666907548904419,node-c,118667.7115534522,283.13422203063965
ML-Softmax,3,pre,11.752597570419312,node-a,81036.86483874392,67.7037239074707
ML-Softmax,3,pre,11.821427822113037,node-a,108107.91663646602,83.7564468383789
ML-Softmax,3,pre,11.896173477172852,node-a,160137.94748010897,127.00104713439941
ML-Softmax,3,pre,12.052045345306396,node-b,114552.79886753255,98.37746620178223
ML-Softmax,3,pre,12.24653935432434,node-a,140063.4886965651,162.95719146728516
ML-Softmax,3,pre,12.293009996414185,node-a,194716.7540494398,647.8986740112305
ML-Softmax,3,pre,12.297863245010376,node-c,42742.237311835604,57.825326919555664
ML-Softmax,3,pre,12.392989158630371,node-a,110374.64834770499,636.9602680206299
ML-Softmax,3,post,12.455259561538696,node-a,112982.78466705212,581.7005634307861
ML-Softmax,3,post,12.62153959274292,node-a,81293.69924476535,711.4369869232178
ML-Softmax,3,post,12.694144487380981,node-b,137895.62380153398,116.50681495666504
ML-Softmax,3,post,12.70426344871521,node-c,70436.3410729888,72.2355842590332
ML-Softmax,3,post,12.777567863464355,node-b,87209.57502032016,172.3153591156006
ML-Softmax,3,post,12.815603494644165,node-c,89030.75309837685,129.50587272644043
ML-Softmax,3,post,12.82335638999939,node-a,271791.9346619133,1089.242935180664
ML-Softmax,3,post,12.843879699707031,node-b,60198.02953430339,152.67634391784668
ML-Softmax,3,post,13.079981088638306,node-b,99056.86993288249,365.58985710144043
ML-Softmax,3,post,13.109772682189941,node-b,175716.318392615,489.34364318847656
ML-Softmax,3,post,13.13038182258606,node-b,144099.4040489804,421.8933582305908
ML-Softmax,3,post,13.1571044921875,node-b,56111.504525049466,278.19180488586426
ML-Softmax,3,post,13.30026125907898,node-c,110269.301709239,229.78806495666504
ML-Softmax,3,post,13.377530336380005,node-c,41903.06088959609,174.20506477355957
ML-Softmax,3,post,13.392269611358643,node-c,157196.01878748505,829.1494846343994
ML-Softmax,3,post,13.394623756408691,node-c,144152.96835709494,757.1368217468262
ML-Softmax,3,post,13.420617818832397,node-c,79167.2204634719,731.1427593231201
ML-Softmax,3,post,13.431440353393555,node-b,61405.511915985015,204.21290397644043
ML-Softmax,3,post,13.573851823806763,node-b,109332.8865201353,260.575532913208
ML-Softmax,3,post,13.580849885940552,node-a,72481.07128465363,442.02160835266113
ML-Softmax,3,post,13.625849962234497,node-a,63120.435418568966,493.1771755218506
ML-Softmax,3,post,13.700292110443115,node-b,110797.59836804269,200.96397399902344
ML-Softmax,3,post,13.894788026809692,node-a,178569.22733664408,925.5764484405518
ML-Softmax,3,post,13.916425466537476,node-b,82470.16531176191,75.61945915222168
ML-Softmax,3,post,14.034099340438843,node-b,66004.55477625095,68.8173770904541
ML-Softmax,3,post,14.090025901794434,node-a,67787.8798981625,453.31668853759766
ML-Softmax,3,post,14.20733904838562,node-b,195042.17693358412,695.2176094055176
ML-Softmax,3,post,14.232654333114624,node-b,63271.84704000814,218.3058261871338
ML-Softmax,3,post,14.255397081375122,node-b,61603.334663774374,337.0692729949951
ML-Softmax,3,post,14.27223801612854,node-b,144172.6215780923,455.3415775299072
ML-Softmax,3,post,14.344823837280273,node-b,114290.57173508428,511.5833282470703
ML-Softmax,3,post,14.388153076171875,node-a,185301.47226999828,629.6420097351074
ML-Softmax,3,post,14.4525728225708,node-b,122067.1641656591,507.3049068450928
ML-Softmax,3,post,14.53847360610962,node-b,72077.85189872846,673.7489700317383
ML-Softmax,3,post,14.616684913635254,node-b,191634.13171703776,891.4721012115479
ML-Softmax,3,post,14.688060522079468,node-c,53757.68095334862,59.82327461242676
ML-Softmax,3,post,14.787894248962402,node-b,141267.16724789754,744.5774078369141
ML-Softmax,3,post,14.787894248962402,node-c,88743.31137723844,132.95412063598633
ML-Softmax,3,post,14.89399790763855,node-c,185825.15035074754,750.7531642913818
ML-Softmax,3,post,14.98181939125061,node-c,93935.56803461448,755.6955814361572
ML-Softmax,3,post,15.009932279586792,node-b,128761.93816532423,529.9768447875977
ML-Softmax,3,post,15.030113935470581,node-c,92552.40589050787,512.977123260498
ML-Softmax,3,post,15.075451612472534,node-c,116445.07017977575,653.623104095459
ML-Softmax,3,post,15.21968412399292,node-b,133727.90718355545,573.0974674224854
ML-Softmax,3,post,15.239052772521973,node-b,84615.90193687758,560.6112480163574
ML-Softmax,3,post,15.336722612380981,node-a,93723.45459129076,98.69217872619629
ML-Softmax,3,post,15.54361629486084,node-a,218917.5935162207,506.7880153656006
ML-Softmax,3,post,15.571705102920532,node-a,102677.25712256435,468.45555305480957
ML-Softmax,3,post,15.868297815322876,node-b,348381.81666934217,537.7628803253174
ML-Softmax,3,post,15.871400117874146,node-b,104993.4357673171,237.87879943847656
ML-Softmax,3,post,15.873534202575684,node-b,49461.33594374191,162.35613822937012
ML-Softmax,3,post,16.002670526504517,node-c,41551.23748377714,59.532880783081055
ML-Softmax,3,post,16.046416759490967,node-c,210008.21940270488,487.5638484954834
ML-Softmax,3,post,16.0886709690094,node-c,84427.93311300284,333.298921585083
ML-Softmax,3,post,16.222182035446167,node-a,61220.57907538577,95.43609619140625
ML-Softmax,3,post,16.395385265350342,node-a,241745.62371898722,424.60012435913086
ML-Softmax,3,post,16.450262308120728,node-b,93024.8295160388,88.13786506652832
ML-Softmax,3,post,16.59770393371582,node-c,82240.56637960316,142.08292961120605
ML-Softmax,3,post,16.66861057281494,node-c,152258.42361104177,284.5759391784668
ML-Softmax,3,post,16.699607849121094,node-b,103488.38029366791,135.81514358520508
ML-Softmax,3,post,16.71856188774109,node-b,124429.08224271744,214.3411636352539
ML-Softmax,3,post,16.810967683792114,node-b,110984.65114306753,217.98467636108398
ML-Softmax,3,post,16.9627525806427,node-a,70777.72985188337,73.58884811401367
ML-Softmax,3,post,17.14445662498474,node-a,61888.42667258292,95.61324119567871
ML-Softmax,3,post,17.16496729850769,node-a,157094.93866386055,447.3397731781006
ML-Softmax,3,post,17.236437797546387,node-b,125917.62963959604,112.20383644104004
ML-Softmax,3,post,17.271336555480957,node-c,94056.14813912843,81.50601387023926
ML-Softmax,3,post,17.387113332748413,node-a,25724.04466802314,251.10673904418945
ML-Softmax,3,post,17.4063458442688,node-a,72733.48579324105,407.2611331939697
ML-Softmax,3,post,17.409526824951172,node-a,96873.108947089,439.3000602722168
ML-Softmax,3,post,17.433730125427246,node-b,192964.7496202207,175.45366287231445
ML-Softmax,3,post,17.43744444847107,node-c,131710.58566199482,317.7175521850586
ML-Softmax,3,post,17.47178316116333,node-c,254282.48332181506,1385.9999179840088
ML-Softmax,3,post,17.502276182174683,node-c,36201.65908526246,220.57437896728516
ML-Softmax,3,post,17.513181447982788,node-c,71270.23473229603,422.1930503845215
ML-Softmax,3,post,17.725507736206055,node-c,114600.25344049565,799.5884418487549
ML-Softmax,3,post,17.74573516845703,node-c,52211.10450819287,670.886754989624
ML-Softmax,3,post,17.828351259231567,node-b,104471.77994761086,135.88547706604004
ML-Softmax,3,post,17.842079401016235,node-b,127020.05007478394,276.09705924987793
ML-Softmax,3,post,17.87770986557007,node-b,132671.67324618684,364.8791313171387
ML-Softmax,3,post,17.885042667388916,node-c,164409.09523764005,951.3537883758545
ML-Softmax,3,post,17.891529321670532,node-c,43946.793962389755,966.2537574768066
ML-Softmax,3,post,17.894159078598022,node-b,55955.999537316704,348.42991828918457
ML-Softmax,3,post,18.00213313102722,node-a,93136.90939560611,136.17181777954102
ML-Softmax,3,post,18.030155658721924,node-b,112962.83418656822,461.8499279022217
ML-Softmax,3,post,18.074400186538696,node-b,61862.0340333799,336.0300064086914
ML-Softmax,3,post,18.138808488845825,node-b,73369.59871626766,417.708158493042
ML-Softmax,3,post,18.14826464653015,node-b,83243.20647044796,659.7840785980225
ML-Softmax,3,post,18.3511221408844,node-c,149331.6284531257,883.1806182861328
ML-Softmax,3,post,18.388803482055664,node-b,124996.45172739525,431.35738372802734
ML-Softmax,3,post,18.396275281906128,node-b,167107.43764344222,814.1272068023682
ML-Softmax,3,post,18.401546955108643,node-b,123992.04169730635,796.9701290130615
ML-Softmax,3,post,18.436322927474976,node-a,403598.7144155975,1993.8099384307861
ML-Softmax,3,post,18.444924354553223,node-c,89693.8041865825,800.1749515533447
ML-Softmax,3,post,18.465270280838013,node-b,106406.72060979927,1292.8941249847412
ML-Softmax,3,post,18.520884037017822,node-b,111025.73346009197,1522.813081741333
ML-Softmax,3,post,18.523483753204346,node-a,217093.96178954912,1517.435073852539
ML-Softmax,3,post,18.543596267700195,node-b,362075.4679640048,1670.4299449920654
ML-Softmax,3,post,18.656219720840454,node-c,121225.44946311796,1061.4385604858398
ML-Softmax,3,post,18.66005277633667,node-b,121817.37994836329,1264.1973495483398
ML-Softmax,3,post,18.726531505584717,node-a,200596.19831500656,1908.8494777679443
ML-Softmax,3,post,18.729773998260498,node-c,82008.1177462985,904.8421382904053
ML-Softmax,3,post,18.912824153900146,node-b,88990.05512088929,726.0158061981201
ML-Softmax,3,post,18.931328296661377,node-b,25115.65674169705,580.211877822876
ML-Softmax,3,post,18.950639009475708,node-a,124667.75243843862,1162.1525287628174
ML-Softmax,3,post,19.024357318878174,node-b,75166.31452374182,1189.1369819641113
ML-Softmax,3,post,19.179890632629395,node-a,162170.77520336956,1740.9634590148926
ML-Softmax,3,post,19.397417068481445,node-c,104708.86157977249,532.1803092956543
ML-Softmax,3,post,19.494908094406128,node-b,57890.661531089696,711.6243839263916
ML-Softmax,3,post,19.615689754486084,node-c,98852.58437055953,549.7720241546631
ML-Softmax,3,post,19.691079139709473,node-b,96603.30527067628,759.9177360534668
ML-Softmax,3,post,19.70352554321289,node-b,92996.75934094745,752.1200180053711
ML-Softmax,3,post,19.783897638320923,node-a,97723.26866839439,1233.9811325073242
ML-Softmax,3,post,19.79645013809204,node-a,115476.55333186175,1533.5819721221924
ML-Softmax,3,post,19.86256432533264,node-a,111524.20594571577,1559.79585647583
ML-Softmax,3,post,19.914142847061157,node-b,98952.90874296242,697.4444389343262
ML-Softmax,3,post,19.942758798599243,node-b,128746.43193625308,797.1854209899902
ML-Softmax,3,post,19.98917531967163,node-c,104459.7040208417,327.4393081665039
ML-Softmax,3,post,20.050852298736572,node-b,112519.20030321943,1072.110891342163
ML-Softmax,3,post,20.067355394363403,node-b,106514.252373446,982.8760623931885
ML-Softmax,3,post,20.096050024032593,node-b,79818.46683950338,1250.1492500305176
ML-Softmax,3,post,20.125760793685913,node-b,70517.17427511903,1166.395664215088
ML-Softmax,3,post,20.13371253013611,node-b,100271.62628972923,1116.236686706543
ML-Softmax,3,post,20.153770923614502,node-b,80199.95865090714,1237.8499507904053
ML-Softmax,3,post,20.224659204483032,node-c,186737.77407891993,794.276237487793
ML-Softmax,3,post,20.30422830581665,node-b,127698.32341597367,1229.541301727295
ML-Softmax,3,post,20.348913192749023,node-a,52098.55892993617,1082.5526714324951
ML-Softmax,3,post,20.38530397415161,node-c,141900.7018660077,639.1291618347168
ML-Softmax,3,post,20.417134284973145,node-c,94013.5598912424,804.9259185791016
ML-Softmax,3,post,20.494238138198853,node-c,132063.44804977652,1022.3088264465332
ML-Softmax,3,post,20.52595090866089,node-c,79615.68026688536,927.370548248291
ML-Softmax,3,post,20.587602138519287,node-b,112802.81650846542,950.4783153533936
ML-Softmax,3,post,20.635889530181885,node-c,120640.60286521286,1180.7348728179932
ML-Softmax,3,post,20.672598123550415,node-c,56572.49021869933,967.8184986114502
ML-Softmax,3,post,20.873408794403076,node-c,148221.3055078236,1657.461404800415
ML-Softmax,3,post,21.023818254470825,node-c,77074.59264786166,914.5717620849609
ML-Softmax,3,post,21.08488893508911,node-c,64013.50458544465,1156.263828277588
ML-Softmax,3,post,21.17201542854309,node-c,91721.8922301567,1245.147943496704
ML-Softmax,3,post,21.182027101516724,node-c,118846.10650961201,1635.1673603057861
ML-Softmax,3,post,21.213284969329834,node-b,47863.23410253597,391.4499282836914
ML-Softmax,3,post,21.30298662185669,node-c,238367.96473922377,2234.0893745422363
ML-Softmax,3,post,21.371803045272827,node-c,159123.49134234595,2162.1501445770264
ML-Softmax,3,post,21.387795448303223,node-c,75092.96711987992,1561.147689819336
ML-Softmax,3,post,21.603458642959595,node-c,107459.21511886253,1820.5435276031494
ML-Softmax,3,post,21.60740089416504,node-c,229290.3891436315,3344.714403152466
ML-Softmax,3,post,21.68196129798889,node-c,83160.13683880706,2168.45440864563
ML-Softmax,3,post,21.690399885177612,node-c,94402.17842989758,2632.6026916503906
ML-Softmax,3,post,21.858166933059692,node-c,222631.30793300664,3474.323511123657
ML-Softmax,3,post,21.865858554840088,node-c,175647.9187851912,3359.8616123199463
ML-Softmax,3,post,21.97140622138977,node-c,60331.3989974577,2560.927391052246
ML-Softmax,3,post,21.98554229736328,node-c,141977.96386643077,3253.1654834747314
ML-Softmax,3,post,22.29560422897339,node-a,164534.80967078934,554.1942119598389
ML-Softmax,3,post,22.334189891815186,node-a,115267.02255775942,691.7390823364258
ML-Softmax,3,post,22.419772386550903,node-a,158403.14368709165,1011.0518932342529
ML-Softmax,3,post,22.482661247253418,node-b,69694.44324286177,63.543081283569336
ML-Softmax,3,post,22.53354549407959,node-b,296981.328087987,295.6256866455078
ML-Softmax,3,post,22.63064479827881,node-a,84826.29836906017,793.8952445983887
ML-Softmax,3,post,22.67922830581665,node-a,63954.37547814553,560.8716011047363
ML-Softmax,3,post,22.87338662147522,node-b,107476.33828642637,138.6251449584961
ML-Softmax,3,post,22.876898288726807,node-b,43957.86887424518,121.62327766418457
ML-Softmax,3,post,23.24486780166626,node-a,66345.61962642966,293.7886714935303
ML-Softmax,3,post,23.299071311950684,node-b,55848.08455119217,87.22424507141113
ML-Softmax,3,post,23.32323980331421,node-b,151793.03122404628,402.9431343078613
ML-Softmax,3,post,23.362122774124146,node-b,243821.26780142356,769.2215442657471
ML-Softmax,3,post,23.44775152206421,node-b,133144.69656236598,661.6740226745605
ML-Softmax,3,post,23.51762056350708,node-b,167277.25587830026,887.068510055542
ML-Softmax,3,post,23.6582989692688,node-b,71156.75309036142,544.5945262908936
ML-Softmax,3,post,23.819993257522583,node-b,142593.41808539664,538.0628108978271
ML-Softmax,3,post,23.883219480514526,node-b,98581.17999936656,520.9438800811768
ML-Softmax,3,post,23.98926091194153,node-b,354859.4953854607,1437.8540515899658
ML-Softmax,3,post,24.04014563560486,node-b,201990.46880408181,1606.9824695587158
ML-Softmax,3,post,24.046568393707275,node-b,80574.92165486338,760.9319686889648
ML-Softmax,3,post,24.08127522468567,node-b,102524.34241174787,1334.4626426696777
ML-Softmax,3,post,24.105671167373657,node-b,39280.673117961436,836.2658023834229
ML-Softmax,3,post,24.237213373184204,node-b,169977.84421387923,1375.7259845733643
ML-Softmax,3,post,24.25532627105713,node-b,277329.92497025046,1952.7397155761719
ML-Softmax,3,post,24.342552661895752,node-a,122163.87529606925,108.07251930236816
ML-Softmax,3,post,24.500544786453247,node-b,159478.29012764295,1505.8391094207764
ML-Softmax,3,post,24.510265111923218,node-a,78000.83861628891,113.08836936950684
ML-Softmax,3,post,24.57272243499756,node-a,142625.82671661692,365.4451370239258
ML-Softmax,3,post,24.756641149520874,node-a,88145.70055111959,386.20471954345703
ML-Softmax,3,post,24.78994393348694,node-b,166120.30159994063,1462.5017642974854
ML-Softmax,3,post,24.824296951293945,node-b,63250.86154300048,1491.492509841919
ML-Softmax,3,post,24.86809492111206,node-a,88431.08020217018,473.5538959503174
ML-Softmax,3,post,24.885653495788574,node-a,73860.98341434757,455.9953212738037
ML-Softmax,3,post,24.89700436592102,node-b,151176.68153687188,1625.7216930389404
ML-Softmax,3,post,25.110871076583862,node-b,31085.5342461262,1205.50537109375
ML-Softmax,3,post,25.274219274520874,node-b,284068.40728266456,2117.5172328948975
ML-Softmax,3,post,25.319212436676025,node-b,314027.09305014444,2722.876787185669
ML-Softmax,3,post,25.339985609054565,node-a,88068.29596915108,197.67308235168457
ML-Softmax,3,post,25.431937217712402,node-b,44910.9771122448,1225.8143424987793
ML-Softmax,3,post,25.73215675354004,node-b,300207.6105140175,2514.8208141326904
ML-Softmax,3,post,25.879175186157227,node-b,125238.75544716889,1541.309118270874
ML-Softmax,3,post,25.91698408126831,node-b,92195.86165189376,1240.6268119812012
ML-Softmax,3,post,25.960450649261475,node-b,97454.47166277318,2286.007881164551
ML-Softmax,3,post,26.03415298461914,node-b,103419.86248173531,2015.4860019683838
ML-Softmax,3,post,26.09065318107605,node-b,218162.3323699205,2619.9090480804443
ML-Softmax,3,post,26.10796046257019,node-b,104414.18976264699,2597.177267074585
ML-Softmax,3,post,26.133785724639893,node-b,111044.88548808794,2065.812826156616
ML-Softmax,3,post,26.207034826278687,node-b,135567.96029732388,2630.6591033935547
ML-Softmax,3,post,26.448495626449585,node-c,124007.95195333504,211.9276523590088
ML-Softmax,3,post,26.464048147201538,node-c,61826.21061014434,185.2743625640869
ML-Softmax,3,post,26.543787956237793,node-a,122204.34589017533,105.53455352783203
ML-Softmax,3,post,26.72427463531494,node-c,57748.75204641652,203.34601402282715
ML-Softmax,3,post,26.725863456726074,node-c,158995.83453495818,417.56248474121094
ML-Softmax,3,post,26.76330804824829,node-c,73898.85823830085,380.11789321899414
ML-Softmax,3,post,26.85489273071289,node-b,104295.03816136306,1536.773681640625
ML-Softmax,3,post,27.010918855667114,node-a,131755.28080822466,209.64956283569336
ML-Softmax,3,post,27.20697569847107,node-c,38467.909156484486,61.47003173828125
ML-Softmax,3,post,27.231491565704346,node-c,64463.29755571067,115.325927734375
ML-Softmax,3,post,27.23408079147339,node-b,84482.27941986591,1357.6416969299316
ML-Softmax,3,post,27.258352518081665,node-a,100224.68861392654,92.67520904541016
ML-Softmax,3,post,27.31474542617798,node-b,129056.86107375722,1529.4573307037354
Round Robin,4,pre,0.16675615310668945,node-a,82354.55706136284,79.67948913574219
Round Robin,4,pre,0.3275322914123535,node-b,194695.53148140945,133.59427452087402
Round Robin,4,pre,0.49205780029296875,node-c,92474.41755601285,145.8570957183838
Round Robin,4,pre,0.5115001201629639,node-a,152563.8817060926,122.72834777832031
Round Robin,4,pre,0.5173358917236328,node-b,59017.793564912376,66.44535064697266
Round Robin,4,pre,0.6174437999725342,node-c,51819.0733568195,120.12672424316406
Round Robin,4,pre,0.7145652770996094,node-a,104674.48080060168,97.2447395324707
Round Robin,4,pre,0.9299764633178711,node-b,84655.956799116,71.45547866821289
Round Robin,4,pre,0.9352321624755859,node-c,110667.40074343563,141.77656173706055
Round Robin,4,pre,1.0074152946472168,node-a,137708.55605574723,106.71687126159668
Round Robin,4,pre,1.012169361114502,node-b,124037.21606393655,97.78642654418945
Round Robin,4,pre,1.0873937606811523,node-c,88544.48486075754,165.64011573791504
Round Robin,4,pre,1.207169532775879,node-a,66561.07447686385,77.75354385375977
Round Robin,4,pre,1.2334611415863037,node-b,62556.991946721886,70.72305679321289
Round Robin,4,pre,1.3188915252685547,node-c,119158.87781629173,253.96442413330078
Round Robin,4,pre,1.3291120529174805,node-a,250046.7538367206,270.8158493041992
Round Robin,4,pre,1.3353614807128906,node-b,105587.78006198273,88.74964714050293
Round Robin,4,pre,1.3570058345794678,node-c,58343.63437613684,307.2173595428467
Round Robin,4,pre,1.4203591346740723,node-a,97054.39470482872,160.9494686126709
Round Robin,4,pre,1.4474987983703613,node-b,157505.178647867,120.61023712158203
Round Robin,4,pre,1.5341498851776123,node-c,116627.71844807774,239.63117599487305
Round Robin,4,pre,1.549898624420166,node-a,56629.21183494766,92.03720092773438
Round Robin,4,pre,1.6770234107971191,node-b,106499.89751106486,94.57206726074219
Round Robin,4,pre,1.7608788013458252,node-c,139084.84167598837,311.39683723449707
Round Robin,4,pre,1.8058948516845703,node-a,161025.81006456327,147.14550971984863
Round Robin,4,pre,1.8351848125457764,node-b,38949.90496273837,44.17538642883301
Round Robin,4,pre,1.8657214641571045,node-c,86152.05929077964,495.76544761657715
Round Robin,4,pre,1.8714678287506104,node-a,136389.9179546401,173.91276359558105
Round Robin,4,pre,1.8835945129394531,node-b,278224.78990814276,326.54380798339844
Round Robin,4,pre,1.9308552742004395,node-c,190551.96612917446,1424.523115158081
Round Robin,4,pre,1.9577040672302246,node-a,61067.51042303059,117.25735664367676
Round Robin,4,pre,2.044860363006592,node-b,171845.77828423586,481.76074028015137
Round Robin,4,pre,2.093705177307129,node-c,85131.26286069702,657.6826572418213
Round Robin,4,pre,2.11037015914917,node-a,99510.55239873129,80.49178123474121
Round Robin,4,pre,2.1421051025390625,node-b,89709.70886365208,299.0257740020752
Round Robin,4,pre,2.186185359954834,node-c,123585.50955223534,847.426176071167
Round Robin,4,pre,2.209796667098999,node-a,247091.9211675366,261.0588073730469
Round Robin,4,pre,2.2322278022766113,node-b,64873.76626954595,325.14381408691406
Round Robin,4,pre,2.292523145675659,node-c,162717.59105288066,1361.6197109222412
Round Robin,4,pre,2.314793586730957,node-a,110058.73025059495,160.36748886108398
Round Robin,4,pre,2.4056382179260254,node-b,159081.59490675246,401.70931816101074
Round Robin,4,pre,2.5009560585021973,node-c,162016.7958935191,968.764066696167
Round Robin,4,pre,2.575695037841797,node-a,100355.60055277131,86.36474609375
Round Robin,4,pre,2.580986499786377,node-b,148351.79222533843,376.54662132263184
Round Robin,4,pre,2.659058094024658,node-c,195714.13283875163,1474.4534492492676
Round Robin,4,pre,2.752454996109009,node-a,60590.120691213146,61.21063232421875
Round Robin,4,pre,2.8300516605377197,node-b,203028.94832172708,433.5024356842041
Round Robin,4,pre,2.8491439819335938,node-c,125379.47477717412,1600.0986099243164
Round Robin,4,pre,2.8713605403900146,node-a,228707.96458608605,246.25873565673828
Round Robin,4,pre,2.8828799724578857,node-b,37708.90503597883,224.3950366973877
Round Robin,4,pre,2.9073266983032227,node-c,104021.17394543189,1270.643949508667
Round Robin,4,pre,2.90932035446167,node-a,83152.5211672987,145.7388401031494
Round Robin,4,pre,2.9209296703338623,node-b,76094.07884567692,297.8484630584717
Round Robin,4,pre,3.0113301277160645,node-c,40361.02769288072,1153.8841724395752
Round Robin,4,pre,3.2863640785217285,node-a,93470.67962379925,75.87814331054688
Round Robin,4,pre,3.3254311084747314,node-b,92336.04662779043,106.20498657226562
Round Robin,4,pre,3.3449835777282715,node-c,59941.40935554953,1094.6879386901855
Round Robin,4,pre,3.3724145889282227,node-a,66899.85493138307,65.94967842102051
Round Robin,4,pre,3.3972983360290527,node-b,155718.70175041197,164.03985023498535
Round Robin,4,pre,3.4062864780426025,node-c,97580.02189115986,1365.2091026306152
Round Robin,4,pre,3.4811458587646484,node-a,176573.32239289078,137.48478889465332
Round Robin,4,pre,3.5757768154144287,node-b,309883.66447722557,288.405179977417
Round Robin,4,pre,3.6798150539398193,node-c,106193.10185897484,1467.7178859710693
Round Robin,4,pre,4.045879364013672,node-a,104160.85414493151,84.96928215026855
Round Robin,4,pre,4.1914472579956055,node-b,47642.43310147581,47.54781723022461
Round Robin,4,pre,4.304790258407593,node-c,38270.55922260599,761.0344886779785
Round Robin,4,pre,4.376728057861328,node-a,92257.360232299,88.16814422607422
Round Robin,4,pre,4.4179370403289795,node-b,72947.7530747562,86.32111549377441
Round Robin,4,pre,4.420937776565552,node-c,144430.44240350908,924.13330078125
Round Robin,4,pre,4.487190246582031,node-a,172122.41679075803,141.55173301696777
Round Robin,4,pre,4.529418468475342,node-b,93173.71328360104,77.77190208435059
Round Robin,4,pre,4.633495092391968,node-c,124562.33395018642,930.0589561462402
Round Robin,4,pre,4.773082256317139,node-a,67369.61358362655,70.14918327331543
Round Robin,4,pre,4.796167850494385,node-b,123371.93346963853,131.31141662597656
Round Robin,4,pre,4.7998366355896,node-c,44958.449400842735,764.6374702453613
Round Robin,4,pre,4.863284349441528,node-a,123866.28535199467,87.01109886169434
Round Robin,4,pre,5.039430618286133,node-b,173694.41893147747,163.97404670715332
Round Robin,4,pre,5.096180200576782,node-c,35003.94320990255,556.6754341125488
Round Robin,4,pre,5.2429914474487305,node-a,63952.02321718815,63.8425350189209
Round Robin,4,pre,5.294840574264526,node-b,136809.18785043835,174.0868091583252
Round Robin,4,pre,5.385883808135986,node-c,123167.70486631381,1163.4390354156494
Round Robin,4,pre,5.405489206314087,node-a,120568.4401246618,193.96257400512695
Round Robin,4,pre,5.415099620819092,node-b,59247.44494521388,136.55495643615723
Round Robin,4,pre,5.424715280532837,node-c,212928.67890521596,1608.8013648986816
Round Robin,4,pre,5.432691335678101,node-a,123574.47320778688,201.94339752197266
Round Robin,4,pre,5.436394214630127,node-b,113861.0741088648,209.3813419342041
Round Robin,4,pre,5.554783821105957,node-c,155544.11076827775,1878.7026405334473
Round Robin,4,pre,5.586056709289551,node-a,143631.17893316658,159.2385768890381
Round Robin,4,pre,5.612583637237549,node-b,141649.24942871707,201.07364654541016
Round Robin,4,pre,5.676842451095581,node-c,98894.82698414678,1779.2210578918457
Round Robin,4,pre,5.690032482147217,node-a,89939.94967138581,107.50198364257812
Round Robin,4,pre,5.822179079055786,node-b,41704.25294080716,49.2556095123291
Round Robin,4,pre,5.911162853240967,node-c,159020.0464219814,1351.5243530273438
Round Robin,4,pre,5.93398118019104,node-a,236837.51370115954,259.16290283203125
Round Robin,4,pre,5.948105096817017,node-b,52901.92691363093,48.54583740234375
Round Robin,4,pre,5.984444618225098,node-c,126630.54658016635,1693.6438083648682
Round Robin,4,pre,6.005741596221924,node-a,97665.63073941143,159.12151336669922
Round Robin,4,pre,6.010700702667236,node-b,68667.22402548396,83.82248878479004
Round Robin,4,pre,6.0451741218566895,node-c,79377.34663502363,1197.2596645355225
Round Robin,4,pre,6.200949668884277,node-a,42873.12648547396,58.60638618469238
Round Robin,4,pre,6.27027153968811,node-b,148879.51508106643,148.62775802612305
Round Robin,4,pre,6.482857704162598,node-c,94139.78510777754,1072.5312232971191
Round Robin,4,pre,6.62398099899292,node-a,131913.82050754657,110.38875579833984
Round Robin,4,pre,6.70100998878479,node-b,201959.6280902019,218.27316284179688
Round Robin,4,pre,6.828634738922119,node-c,131157.5828074539,1027.8358459472656
Round Robin,4,pre,6.8791584968566895,node-a,62058.202832488714,63.138723373413086
Round Robin,4,pre,6.952723979949951,node-b,189399.73307005968,197.02768325805664
Round Robin,4,pre,6.978582143783569,node-c,100711.18253976418,1467.8001403808594
Round Robin,4,pre,6.993935823440552,node-a,108392.18847620662,115.12637138366699
Round Robin,4,pre,7.141846418380737,node-b,68948.58759317377,163.99359703063965
Round Robin,4,pre,7.151317119598389,node-c,103932.5606230957,1798.2478141784668
Round Robin,4,pre,7.164514541625977,node-a,79792.95995468945,77.41379737854004
Round Robin,4,pre,7.185956954956055,node-b,67151.1794962011,129.6103000640869
Round Robin,4,pre,7.252487897872925,node-c,73225.61282272084,1313.9910697937012
Round Robin,4,pre,7.28095555305481,node-a,182239.38258367506,137.71796226501465
Round Robin,4,pre,7.328457832336426,node-b,175544.28015275317,135.91837882995605
Round Robin,4,pre,7.4772560596466064,node-c,68212.81169612557,1272.7320194244385
Round Robin,4,pre,7.58339786529541,node-a,70830.53223847914,66.1623477935791
Round Robin,4,pre,7.664728403091431,node-b,113470.33410869671,93.52636337280273
Round Robin,4,pre,7.675944805145264,node-c,61866.04180559051,1666.7900085449219
Round Robin,4,pre,7.758254766464233,node-a,70395.75046508094,65.43803215026855
Round Robin,4,pre,7.790092945098877,node-b,141345.51738637997,212.36944198608398
Round Robin,4,pre,7.797881364822388,node-c,259877.056291529,2267.9316997528076
Round Robin,4,pre,7.8257668018341064,node-a,134969.15961186582,117.37418174743652
Round Robin,4,pre,7.830481052398682,node-b,107696.52504020237,217.3151969909668
Round Robin,4,pre,7.893329858779907,node-c,118552.48321519107,1483.0865859985352
Round Robin,4,pre,7.960514783859253,node-a,114762.04895904318,97.91326522827148
Round Robin,4,pre,7.981096029281616,node-b,82925.99688207162,171.9505786895752
Round Robin,4,pre,7.984060764312744,node-c,124080.9300514805,1475.8501052856445
Round Robin,4,pre,8.17229437828064,node-a,101708.30576942797,79.40030097961426
Round Robin,4,pre,8.228245973587036,node-b,136837.90461532807,110.69297790527344
Round Robin,4,pre,8.330860376358032,node-c,110782.13908238446,1324.570655822754
Round Robin,4,pre,8.35500693321228,node-a,182547.9489041989,146.27385139465332
Round Robin,4,pre,8.470584630966187,node-b,148512.8822424004,147.874116897583
Round Robin,4,pre,8.58353304862976,node-c,122437.35638466233,1482.8104972839355
Round Robin,4,pre,8.590309858322144,node-a,84558.62129305568,81.99644088745117
Round Robin,4,pre,8.964970588684082,node-b,246086.66202047275,259.35935974121094
Round Robin,4,pre,9.011333703994751,node-c,256821.87054189574,2626.6541481018066
Round Robin,4,pre,9.107694387435913,node-a,200396.52669262022,189.57281112670898
Round Robin,4,pre,9.124526500701904,node-b,169665.5449316109,404.62207794189453
Round Robin,4,pre,9.192136287689209,node-c,56874.04568931079,1150.8939266204834
Round Robin,4,pre,9.2121741771698,node-a,111630.21284890267,142.21692085266113
Round Robin,4,pre,9.323360204696655,node-b,475828.2806793316,1111.7885112762451
Round Robin,4,pre,9.355404138565063,node-c,76281.32842777188,1308.7522983551025
Round Robin,4,pre,9.408790111541748,node-a,66531.23332189566,63.85469436645508
Round Robin,4,pre,9.445654392242432,node-b,120074.97385220233,498.7456798553467
Round Robin,4,pre,9.497249841690063,node-c,32577.937429947237,1543.1435108184814
Round Robin,4,pre,9.53024172782898,node-a,120972.38948661204,102.71072387695312
Round Robin,4,pre,9.572109460830688,node-b,110539.53498176685,490.9954071044922
Round Robin,4,pre,9.574206352233887,node-c,74828.71028817899,1963.5050296783447
Round Robin,4,pre,9.683466672897339,node-a,209882.2410514154,160.42423248291016
Round Robin,4,pre,9.85660696029663,node-b,68969.36654015213,350.51822662353516
Round Robin,4,pre,9.896987199783325,node-c,116042.641718972,1336.3091945648193
Round Robin,4,pre,10.131709337234497,node-a,63855.68443511834,63.21239471435547
Round Robin,4,pre,10.142975330352783,node-b,88377.51922718089,271.1021900177002
Round Robin,4,pre,10.335159540176392,node-c,156728.2942094363,1310.880422592163
Round Robin,4,pre,10.360288143157959,node-a,45164.67626847925,48.981666564941406
Round Robin,4,pre,10.406722784042358,node-b,247456.40722635074,462.6004695892334
Round Robin,4,pre,10.574681043624878,node-c,69409.64984442243,1063.8158321380615
Round Robin,4,pre,10.583436727523804,node-a,145047.56057973357,99.45154190063477
Round Robin,4,pre,10.596514701843262,node-b,235743.9090999228,536.3190174102783
Round Robin,4,pre,10.689109563827515,node-c,169553.9421059867,1444.439172744751
Round Robin,4,pre,10.756907224655151,node-a,54426.872594847555,41.45050048828125
Round Robin,4,pre,10.776912212371826,node-b,349138.8659834025,1188.7810230255127
Round Robin,4,pre,10.807424783706665,node-c,236365.27009327838,2556.0593605041504
Round Robin,4,pre,10.858861923217773,node-a,248058.79580527643,190.46354293823242
Round Robin,4,pre,10.989839792251587,node-b,68455.44819384204,334.852933883667
Round Robin,4,pre,11.014511108398438,node-c,85585.0214267816,1230.320692062378
Round Robin,4,pre,11.067659854888916,node-a,73714.62634556039,68.28808784484863
Round Robin,4,pre,11.091846704483032,node-b,138021.5380488767,472.9161262512207
Round Robin,4,pre,11.112955808639526,node-c,157027.31865815033,2062.5929832458496
Round Robin,4,pre,11.260841608047485,node-a,86710.67386998383,85.56699752807617
Round Robin,4,pre,11.298306226730347,node-b,212307.63088646997,708.2526683807373
Round Robin,4,pre,11.390572786331177,node-c,181405.31298698523,3063.1418228149414
Round Robin,4,pre,11.411483764648438,node-a,119415.41733164171,100.9678840637207
Round Robin,4,pre,11.424247741699219,node-b,87961.36894574133,387.7415657043457
Round Robin,4,pre,11.503360271453857,node-c,26030.91535450537,930.5188655853271
Round Robin,4,pre,11.601829767227173,node-a,77785.29459111359,74.21398162841797
Round Robin,4,pre,11.666434049606323,node-b,178377.33710388848,558.0222606658936
Round Robin,4,pre,11.748319625854492,node-c,24130.280847557016,993.0675029754639
Round Robin,4,pre,11.818984985351562,node-a,89454.44316792049,79.91361618041992
Round Robin,4,pre,11.894187211990356,node-b,59047.65624435776,223.39153289794922
Round Robin,4,pre,12.049430131912231,node-c,97283.23040758424,1494.6441650390625
Round Robin,4,pre,12.244831800460815,node-a,116905.79290774626,105.75151443481445
Round Robin,4,pre,12.290250062942505,node-b,119305.89233312318,115.63396453857422
Round Robin,4,pre,12.296319961547852,node-c,36658.90757905791,1047.7309226989746
Round Robin,4,pre,12.393177509307861,node-a,91200.15155055009,81.64286613464355
Round Robin,4,post,12.451246500015259,node-b,107022.0979762301,99.43938255310059
Round Robin,4,post,12.619501113891602,node-c,168910.8149189473,2229.937791824341
Round Robin,4,post,12.691993474960327,node-a,190875.44597910545,437.7152919769287
Round Robin,4,post,12.701261520385742,node-b,83853.56146398243,93.65034103393555
Round Robin,4,post,12.773898839950562,node-c,229313.11353615872,2265.5179500579834
Round Robin,4,post,12.81322979927063,node-a,107291.4412984631,405.9774875640869
Round Robin,4,post,12.821250438690186,node-b,162199.72811663346,143.36085319519043
Round Robin,4,post,12.840183734893799,node-c,123913.7794495444,1413.7048721313477
Round Robin,4,post,13.079667329788208,node-a,80954.52658833958,345.80159187316895
Round Robin,4,post,13.107526779174805,node-b,129013.42152348092,106.93573951721191
Round Robin,4,post,13.125549077987671,node-c,128680.26413514893,1319.6349143981934
Round Robin,4,post,13.15587067604065,node-a,101947.89797154567,638.6475563049316
Round Robin,4,post,13.298468351364136,node-b,135753.3719433656,207.65137672424316
Round Robin,4,post,13.373653650283813,node-c,69593.91562053755,1372.3700046539307
Round Robin,4,post,13.387505531311035,node-a,123569.6867788878,910.6926918029785
Round Robin,4,post,13.387505531311035,node-b,161007.55710614123,235.87536811828613
Round Robin,4,post,13.418238639831543,node-c,54559.85172924658,1322.3412036895752
Round Robin,4,post,13.428647756576538,node-a,97670.36165054911,779.0958881378174
Round Robin,4,post,13.570934295654297,node-b,142924.15547793172,244.7981834411621
Round Robin,4,post,13.57849907875061,node-c,257251.56113499097,2362.346649169922
Round Robin,4,post,13.625542879104614,node-a,85398.6272723211,702.131986618042
Round Robin,4,post,13.695734739303589,node-b,78556.8484128789,156.38160705566406
Round Robin,4,post,13.893715858459473,node-c,222502.93691616185,2770.411729812622
Round Robin,4,post,13.913733720779419,node-a,59952.05963276257,586.695671081543
Round Robin,4,post,14.033511400222778,node-b,132887.04651513768,100.80790519714355
Round Robin,4,post,14.086050033569336,node-c,105305.68022471924,1767.3189640045166
Round Robin,4,post,14.205537557601929,node-a,258764.98154235593,1688.7857913970947
Round Robin,4,post,14.230226516723633,node-b,165591.45258248263,131.36029243469238
Round Robin,4,post,14.253342151641846,node-c,111219.69541186202,1719.6071147918701
Round Robin,4,post,14.27085828781128,node-a,189169.84261768186,1529.653787612915
Round Robin,4,post,14.342641115188599,node-b,83593.94768235808,117.52128601074219
Round Robin,4,post,14.387043952941895,node-c,124052.35830278163,1586.9736671447754
Round Robin,4,post,14.447308778762817,node-a,51353.98068637096,979.8226356506348
Round Robin,4,post,14.535422801971436,node-b,104367.98043996005,120.78070640563965
Round Robin,4,post,14.615168571472168,node-c,103422.13977076912,2038.2661819458008
Round Robin,4,post,14.68729543685913,node-a,108877.96408646883,732.3954105377197
Round Robin,4,post,14.78393268585205,node-b,58690.583437096124,63.373565673828125
Round Robin,4,post,14.786128044128418,node-c,210318.8941621343,3378.632068634033
Round Robin,4,post,14.889729022979736,node-a,54316.66024329941,824.0749835968018
Round Robin,4,post,14.979552984237671,node-b,273657.0750964469,426.42807960510254
Round Robin,4,post,15.009867429733276,node-c,84512.93657868453,1847.7599620819092
Round Robin,4,post,15.026474952697754,node-a,112543.49082470304,1087.5334739685059
Round Robin,4,post,15.075351238250732,node-b,88938.74791649857,285.3107452392578
Round Robin,4,post,15.215241432189941,node-c,70514.65125424834,2435.5223178863525
Round Robin,4,post,15.238193273544312,node-a,195440.8624479949,1478.626012802124
Round Robin,4,post,15.33651065826416,node-b,112767.11532539311,182.77740478515625
Round Robin,4,post,15.5412757396698,node-c,305845.4581892776,4210.824012756348
Round Robin,4,post,15.568467378616333,node-a,71131.39629253832,851.6411781311035
Round Robin,4,post,15.865735292434692,node-b,73625.2928269949,66.03074073791504
Round Robin,4,post,15.869523048400879,node-c,212377.16972683647,3572.211742401123
Round Robin,4,post,15.872208833694458,node-a,49319.41283212328,828.9260864257812
Round Robin,4,post,16.000173807144165,node-b,264431.7743479724,234.50469970703125
Round Robin,4,post,16.04459285736084,node-c,242641.16660302677,3102.889060974121
Round Robin,4,post,16.086625814437866,node-a,53598.91139494911,712.1436595916748
Round Robin,4,post,16.221620559692383,node-b,223205.47472195225,219.01941299438477
Round Robin,4,post,16.392207384109497,node-c,148917.2355087075,2340.453624725342
Round Robin,4,post,16.449288845062256,node-a,98974.8130726493,567.378044128418
Round Robin,4,post,16.594406366348267,node-b,130924.874441608,125.59103965759277
Round Robin,4,post,16.664127588272095,node-c,186089.56031568602,2986.69171333313
Round Robin,4,post,16.69886326789856,node-a,124072.20810434133,614.591121673584
Round Robin,4,post,16.71560764312744,node-b,130160.66239102825,131.8807601928711
Round Robin,4,post,16.81050443649292,node-c,107587.34871691641,2147.13191986084
Round Robin,4,post,16.958197116851807,node-a,108894.93366076583,372.62821197509766
Round Robin,4,post,17.14239192008972,node-b,67563.02412795136,74.74851608276367
Round Robin,4,post,17.162824869155884,node-c,101166.9595809738,1786.2696647644043
Round Robin,4,post,17.23371410369873,node-a,94455.94314186605,473.27637672424316
Round Robin,4,post,17.26887583732605,node-b,115123.75750326121,98.81067276000977
Round Robin,4,post,17.387372493743896,node-c,57182.53490055073,2053.8241863250732
Round Robin,4,post,17.402546882629395,node-a,100287.0322791712,492.0380115509033
Round Robin,4,post,17.406256914138794,node-b,62382.34418137718,64.51606750488281
Round Robin,4,post,17.4314968585968,node-c,80968.12607924482,2219.322443008423
Round Robin,4,post,17.436248302459717,node-a,98636.87713474965,574.5887756347656
Round Robin,4,post,17.46856164932251,node-b,68789.5249577343,84.00201797485352
Round Robin,4,post,17.502696752548218,node-c,221457.7462568853,3529.9787521362305
Round Robin,4,post,17.510411739349365,node-a,166501.0122749967,1884.143352508545
Round Robin,4,post,17.722888708114624,node-b,196621.87727427718,176.1476993560791
Round Robin,4,post,17.744056463241577,node-c,233118.47884010844,3319.3135261535645
Round Robin,4,post,17.82650375366211,node-a,66017.58433339649,467.972993850708
Round Robin,4,post,17.840301513671875,node-b,129118.44463945452,317.5628185272217
Round Robin,4,post,17.875205278396606,node-c,119620.93669625036,2765.4950618743896
Round Robin,4,post,17.881544828414917,node-a,116865.51347206307,1020.2178955078125
Round Robin,4,post,17.89246153831482,node-b,126445.3149471052,367.95735359191895
Round Robin,4,post,17.89298391342163,node-c,78062.45501033933,2983.863353729248
Round Robin,4,post,18.00203824043274,node-a,52027.71708639651,995.5296516418457
Round Robin,4,post,18.02659249305725,node-b,73399.30609592641,287.9610061645508
Round Robin,4,post,18.074362754821777,node-c,76988.53755043283,3094.581365585327
Round Robin,4,post,18.13437247276306,node-a,89640.5150429601,1268.758773803711
Round Robin,4,post,18.14751935005188,node-b,117396.37289043938,315.28735160827637
Round Robin,4,post,18.349039316177368,node-c,66614.79426291914,2527.8079509735107
Round Robin,4,post,18.386693000793457,node-a,57566.46572661882,435.1541996002197
Round Robin,4,post,18.39187264442444,node-b,85231.02389783667,228.40476036071777
Round Robin,4,post,18.399203062057495,node-c,75318.79476381456,2933.588981628418
Round Robin,4,post,18.433465003967285,node-a,112475.19243169842,970.8189964294434
Round Robin,4,post,18.442559957504272,node-b,47006.86282967127,159.7592830657959
Round Robin,4,post,18.464957237243652,node-c,94366.54813643622,3275.6025791168213
Round Robin,4,post,18.515869855880737,node-a,94654.36690639755,888.920783996582
Round Robin,4,post,18.519452810287476,node-b,83152.16202475243,204.03695106506348
Round Robin,4,post,18.543225288391113,node-c,129985.64573156532,3508.6328983306885
Round Robin,4,post,18.652486324310303,node-a,161633.53923758707,1645.3793048858643
Round Robin,4,post,18.657092094421387,node-b,92295.68519849154,149.580717086792
Round Robin,4,post,18.724013328552246,node-c,127782.80358802217,3908.2701206207275
Round Robin,4,post,18.72736930847168,node-a,75483.31469555745,1490.4992580413818
Round Robin,4,post,18.912424564361572,node-b,95226.28882695231,91.13383293151855
Round Robin,4,post,18.929476499557495,node-c,144869.57687218173,3630.7806968688965
Round Robin,4,post,18.946545124053955,node-a,52786.908413650715,1347.5909233093262
Round Robin,4,post,19.021687984466553,node-b,84247.45909445906,89.09225463867188
Round Robin,4,post,19.177613019943237,node-c,82173.21721198695,3376.723051071167
Round Robin,4,post,19.397128343582153,node-a,32240.407088062013,632.0915222167969
Round Robin,4,post,19.492637634277344,node-b,163789.88890855186,216.50147438049316
Round Robin,4,post,19.611934661865234,node-c,317945.48434241134,5047.686576843262
Round Robin,4,post,19.68761968612671,node-a,423398.05981910654,3414.1547679901123
Round Robin,4,post,19.700894832611084,node-b,198377.1197259157,329.9100399017334
Round Robin,4,post,19.78109073638916,node-c,119083.61835070178,3458.637475967407
Round Robin,4,post,19.79278016090393,node-a,123526.85320500408,926.8667697906494
Round Robin,4,post,19.860883951187134,node-b,95454.20228948128,249.18746948242188
Round Robin,4,post,19.91359829902649,node-c,64563.554333948625,3141.059637069702
Round Robin,4,post,19.938291788101196,node-a,45083.01328351726,886.9161605834961
Round Robin,4,post,19.987342834472656,node-b,147178.58110925145,356.6133975982666
Round Robin,4,post,20.049299955368042,node-c,110240.92323397275,3619.4419860839844
Round Robin,4,post,20.065424919128418,node-a,57897.940810643,1054.5899868011475
Round Robin,4,post,20.09423804283142,node-b,52526.78261855491,231.7025661468506
Round Robin,4,post,20.12337899208069,node-c,104307.6381777016,4314.589977264404
Round Robin,4,post,20.131409406661987,node-a,70210.81506081035,1370.4519271850586
Round Robin,4,post,20.151129007339478,node-b,70373.49525485354,192.2934055328369
Round Robin,4,post,20.222116231918335,node-c,134043.12222029676,3939.0716552734375
Round Robin,4,post,20.304622650146484,node-a,99062.9422141344,1603.6171913146973
Round Robin,4,post,20.344008207321167,node-b,46348.88919513349,62.061309814453125
Round Robin,4,post,20.385209798812866,node-c,66369.32055613601,3581.239938735962
Round Robin,4,post,20.41305923461914,node-a,100188.23443740045,2087.0864391326904
Round Robin,4,post,20.49310040473938,node-b,80456.4138011179,66.35785102844238
Round Robin,4,post,20.521344900131226,node-c,91914.84856305944,3922.0950603485107
Round Robin,4,post,20.587268352508545,node-a,78793.61684571969,1506.7203044891357
Round Robin,4,post,20.631577014923096,node-b,69629.25961610294,67.9774284362793
Round Robin,4,post,20.672931432724,node-c,306116.10577307135,5593.456745147705
Round Robin,4,post,20.871026754379272,node-a,53481.22973128907,1353.6534309387207
Round Robin,4,post,21.019111394882202,node-b,119827.35458268247,95.3683853149414
Round Robin,4,post,21.08486795425415,node-c,96360.27515269225,3465.6822681427
Round Robin,4,post,21.16732096672058,node-a,81096.02305951877,1438.979148864746
Round Robin,4,post,21.177472591400146,node-b,122409.3682170078,130.6924819946289
Round Robin,4,post,21.208959102630615,node-c,155930.4919088787,4143.320322036743
Round Robin,4,post,21.299065351486206,node-a,113934.46760204359,1619.257926940918
Round Robin,4,post,21.369609832763672,node-b,69380.0689761162,75.87647438049316
Round Robin,4,post,21.385761737823486,node-c,98294.52793774108,4056.0052394866943
Round Robin,4,post,21.60056710243225,node-a,68127.61351672639,1318.303108215332
Round Robin,4,post,21.6030752658844,node-b,78196.49036829128,67.22807884216309
Round Robin,4,post,21.679323196411133,node-c,119182.6530103003,4576.574325561523
Round Robin,4,post,21.686221837997437,node-a,150889.67448982535,1732.8753471374512
Round Robin,4,post,21.855774641036987,node-b,58561.548567228354,56.18691444396973
Round Robin,4,post,21.861622095108032,node-c,94227.88245024261,4091.463565826416
Round Robin,4,post,21.96843385696411,node-a,53423.85284162599,1331.7768573760986
Round Robin,4,post,21.981247901916504,node-b,109898.17827223607,120.37301063537598
Round Robin,4,post,22.294394731521606,node-c,75862.07628625231,3937.9990100860596
Round Robin,4,post,22.3342444896698,node-a,154212.9553768981,1374.1888999938965
Round Robin,4,post,22.415334939956665,node-b,131549.14694038496,100.77738761901855
Round Robin,4,post,22.482842683792114,node-c,121222.27836671259,4473.3710289001465
Round Robin,4,post,22.52909517288208,node-a,62144.968611465425,1165.6677722930908
Round Robin,4,post,22.6282856464386,node-b,116706.03198956834,91.16697311401367
Round Robin,4,post,22.679410934448242,node-c,76495.8968871369,3464.552640914917
Round Robin,4,post,22.8681960105896,node-a,86168.77614701715,1131.9782733917236
Round Robin,4,post,22.87279510498047,node-b,45012.823700100824,47.15871810913086
Round Robin,4,post,23.242375135421753,node-c,99731.51620344244,3389.899253845215
Round Robin,4,post,23.29910159111023,node-a,119355.20430635037,827.1605968475342
Round Robin,4,post,23.31981658935547,node-b,71695.69473843048,61.263322830200195
Round Robin,4,post,23.359832286834717,node-c,87793.80415640061,3572.7028846740723
Round Robin,4,post,23.445950269699097,node-a,35882.67189988656,679.7690391540527
Round Robin,4,post,23.514422178268433,node-b,139592.69691586,109.5588207244873
Round Robin,4,post,23.6585431098938,node-c,184422.21694660158,3296.0848808288574
Round Robin,4,post,23.815507411956787,node-a,144172.52027738295,885.2307796478271
Round Robin,4,post,23.880671739578247,node-b,63217.32659270144,55.51314353942871
Round Robin,4,post,23.989431381225586,node-c,86064.69894181233,3077.209711074829
Round Robin,4,post,24.035617351531982,node-a,27526.209094588838,380.37967681884766
Round Robin,4,post,24.043505668640137,node-b,91263.67315563116,88.69671821594238
Round Robin,4,post,24.080993175506592,node-c,264674.59122040914,4664.245367050171
Round Robin,4,post,24.10131072998047,node-a,66727.9573018999,598.3583927154541
Round Robin,4,post,24.2372407913208,node-b,168726.0067446252,127.84743309020996
Round Robin,4,post,24.252970695495605,node-c,96826.65624929003,3279.5791625976562
Round Robin,4,post,24.341077089309692,node-a,68627.51794874114,460.3877067565918
Round Robin,4,post,24.497726678848267,node-b,62221.7765299631,69.03767585754395
Round Robin,4,post,24.507052659988403,node-c,119040.99877384429,3359.6675395965576
Round Robin,4,post,24.572664260864258,node-a,115334.30205906394,527.2223949432373
Round Robin,4,post,24.752089977264404,node-b,85744.1599319232,79.97536659240723
Round Robin,4,post,24.787678956985474,node-c,77707.38272417075,3079.0412425994873
Round Robin,4,post,24.821979999542236,node-a,97904.0420629657,404.01434898376465
Round Robin,4,post,24.867727041244507,node-b,69667.45392695897,133.00752639770508
Round Robin,4,post,24.882040977478027,node-c,47982.40556072725,3065.8624172210693
Round Robin,4,post,24.89427661895752,node-a,70782.71431808062,406.79311752319336
Round Robin,4,post,25.10851550102234,node-b,69174.27266716068,60.2419376373291
Round Robin,4,post,25.274118661880493,node-c,60718.113699120644,2890.685558319092
Round Robin,4,post,25.314592361450195,node-a,123249.85616050778,196.3021755218506
Round Robin,4,post,25.336785554885864,node-b,167668.43024298846,129.7314167022705
Round Robin,4,post,25.42984700202942,node-c,130583.74317123061,3323.465585708618
Round Robin,4,post,25.729371309280396,node-a,169342.1611777004,276.688814163208
Round Robin,4,post,25.87896490097046,node-b,33195.71880705864,35.004615783691406
Round Robin,4,post,25.912714958190918,node-c,98042.03965713458,2720.595598220825
Round Robin,4,post,25.95832085609436,node-a,97627.6372292274,176.69677734375
Round Robin,4,post,26.033652782440186,node-b,190172.1510033384,207.6108455657959
Round Robin,4,post,26.085617542266846,node-c,65602.62677125768,2756.7243576049805
Round Robin,4,post,26.108059406280518,node-a,65050.24099532696,193.9101219177246
Round Robin,4,post,26.130196809768677,node-b,208226.9925325436,280.1990509033203
Round Robin,4,post,26.20472264289856,node-c,92837.8350849264,2840.489149093628
Round Robin,4,post,26.445868730545044,node-a,154200.27242999006,249.01247024536133
Round Robin,4,post,26.45917534828186,node-b,175234.9700721409,161.41557693481445
Round Robin,4,post,26.541043758392334,node-c,58297.74159414274,2532.7835083007812
Round Robin,4,post,26.72231936454773,node-a,188779.7223850736,371.5238571166992
Round Robin,4,post,26.723259210586548,node-b,83260.34429036747,70.38736343383789
Round Robin,4,post,26.760850191116333,node-c,319893.7088145253,3282.1288108825684
Round Robin,4,post,26.85343074798584,node-a,106922.05320513961,351.4673709869385
Round Robin,4,post,27.01039719581604,node-b,97074.33835006473,90.7590389251709
Round Robin,4,post,27.204524040222168,node-c,40966.3954352646,2228.1124591827393
Round Robin,4,post,27.22808265686035,node-a,120346.96669588379,186.45215034484863
Round Robin,4,post,27.23265266418457,node-b,50493.25040563053,54.9466609954834
Round Robin,4,post,27.256168127059937,node-c,95116.81726211162,2376.7435550689697
Round Robin,4,post,27.312499046325684,node-a,36565.206624139944,185.85610389709473
Weighted Round Robin,4,pre,0.16659808158874512,node-a,82354.55706136284,64.51249122619629
Weighted Round Robin,4,pre,0.3280205726623535,node-b,194695.53148140945,180.50074577331543
Weighted Round Robin,4,pre,0.49172186851501465,node-c,92474.41755601285,124.34935569763184
Weighted Round Robin,4,pre,0.5118076801300049,node-a,152563.8817060926,103.75404357910156
Weighted Round Robin,4,pre,0.5171613693237305,node-b,59017.793564912376,60.09221076965332
Weighted Round Robin,4,pre,0.6171417236328125,node-a,51819.0733568195,66.00785255432129
Weighted Round Robin,4,pre,0.7142963409423828,node-c,104674.48080060168,116.9579029083252
Weighted Round Robin,4,pre,0.929936408996582,node-a,84655.956799116,79.81157302856445
Weighted Round Robin,4,pre,0.9356405735015869,node-b,110667.40074343563,94.57731246948242
Weighted Round Robin,4,pre,1.0074293613433838,node-a,137708.55605574723,114.38202857971191
Weighted Round Robin,4,pre,1.0123648643493652,node-b,124037.21606393655,131.62565231323242
Weighted Round Robin,4,pre,1.087254285812378,node-c,88544.48486075754,132.7829360961914
Weighted Round Robin,4,pre,1.2070484161376953,node-a,66561.07447686385,58.144569396972656
Weighted Round Robin,4,pre,1.2334628105163574,node-b,62556.991946721886,60.701608657836914
Weighted Round Robin,4,pre,1.3185639381408691,node-a,119158.87781629173,167.81997680664062
Weighted Round Robin,4,pre,1.3292391300201416,node-c,250046.7538367206,496.3703155517578
Weighted Round Robin,4,pre,1.3354873657226562,node-a,105587.78006198273,185.03618240356445
Weighted Round Robin,4,pre,1.3573288917541504,node-b,58343.63437613684,66.40458106994629
Weighted Round Robin,4,pre,1.4200119972229004,node-a,97054.39470482872,152.36520767211914
Weighted Round Robin,4,pre,1.448981523513794,node-c,157505.178647867,554.5675754547119
Weighted Round Robin,4,pre,1.533998966217041,node-b,116627.71844807774,102.10061073303223
Weighted Round Robin,4,pre,1.5493528842926025,node-a,56629.21183494766,63.817739486694336
Weighted Round Robin,4,pre,1.6763737201690674,node-a,106499.89751106486,91.83239936828613
Weighted Round Robin,4,pre,1.7604598999023438,node-b,139084.84167598837,146.88396453857422
Weighted Round Robin,4,pre,1.8057968616485596,node-c,161025.81006456327,715.6960964202881
Weighted Round Robin,4,pre,1.8346586227416992,node-a,38949.90496273837,52.05392837524414
Weighted Round Robin,4,pre,1.866255521774292,node-b,86152.05929077964,121.18005752563477
Weighted Round Robin,4,pre,1.871692180633545,node-a,136389.9179546401,141.85094833374023
Weighted Round Robin,4,pre,1.8844976425170898,node-c,278224.78990814276,1230.0665378570557
Weighted Round Robin,4,pre,1.9312338829040527,node-a,190551.96612917446,275.4042148590088
Weighted Round Robin,4,pre,1.9575178623199463,node-b,61067.51042303059,75.35529136657715
Weighted Round Robin,4,pre,2.0447723865509033,node-a,171845.77828423586,272.1371650695801
Weighted Round Robin,4,pre,2.0937132835388184,node-b,85131.26286069702,84.63525772094727
Weighted Round Robin,4,pre,2.1100220680236816,node-c,99510.55239873129,793.5388088226318
Weighted Round Robin,4,pre,2.1418521404266357,node-a,89709.70886365208,220.6704616546631
Weighted Round Robin,4,pre,2.1864254474639893,node-b,123585.50955223534,108.62851142883301
Weighted Round Robin,4,pre,2.209822654724121,node-a,247091.9211675366,662.8684997558594
Weighted Round Robin,4,pre,2.2319695949554443,node-c,64873.76626954595,407.24873542785645
Weighted Round Robin,4,pre,2.2932562828063965,node-a,162717.59105288066,367.0670986175537
Weighted Round Robin,4,pre,2.313310384750366,node-b,110058.73025059495,90.25430679321289
Weighted Round Robin,4,pre,2.4051384925842285,node-a,159081.59490675246,397.05562591552734
Weighted Round Robin,4,pre,2.500843048095703,node-c,162016.7958935191,1138.2262706756592
Weighted Round Robin,4,pre,2.575941801071167,node-b,100355.60055277131,69.76723670959473
Weighted Round Robin,4,pre,2.581191062927246,node-a,148351.79222533843,363.4064197540283
Weighted Round Robin,4,pre,2.658937692642212,node-a,195714.13283875163,495.1002597808838
Weighted Round Robin,4,pre,2.7523691654205322,node-b,60590.120691213146,64.27288055419922
Weighted Round Robin,4,pre,2.8298404216766357,node-c,203028.94832172708,1090.3325080871582
Weighted Round Robin,4,pre,2.8490164279937744,node-a,125379.47477717412,390.11383056640625
Weighted Round Robin,4,pre,2.8713765144348145,node-b,228707.96458608605,308.7618350982666
Weighted Round Robin,4,pre,2.8829243183135986,node-a,37708.90503597883,160.76946258544922
Weighted Round Robin,4,pre,2.9072790145874023,node-c,104021.17394543189,701.913595199585
Weighted Round Robin,4,pre,2.9094252586364746,node-a,83152.5211672987,252.78067588806152
Weighted Round Robin,4,pre,2.9207379817962646,node-b,76094.07884567692,189.1183853149414
Weighted Round Robin,4,pre,3.0108726024627686,node-a,40361.02769288072,209.47527885437012
Weighted Round Robin,4,pre,3.286684989929199,node-b,93470.67962379925,81.70080184936523
Weighted Round Robin,4,pre,3.325449228286743,node-c,92336.04662779043,715.604305267334
Weighted Round Robin,4,pre,3.344933271408081,node-a,59941.40935554953,66.55359268188477
Weighted Round Robin,4,pre,3.3724255561828613,node-b,66899.85493138307,72.2815990447998
Weighted Round Robin,4,pre,3.3973615169525146,node-a,155718.70175041197,130.04708290100098
Weighted Round Robin,4,pre,3.4061222076416016,node-c,97580.02189115986,641.2367820739746
Weighted Round Robin,4,pre,3.4807958602905273,node-a,176573.32239289078,160.46810150146484
Weighted Round Robin,4,pre,3.575939416885376,node-b,309883.66447722557,266.2851810455322
Weighted Round Robin,4,pre,3.679654598236084,node-a,106193.10185897484,100.04329681396484
Weighted Round Robin,4,pre,4.046289920806885,node-c,104160.85414493151,183.2270622253418
Weighted Round Robin,4,pre,4.191407203674316,node-b,47642.43310147581,51.93829536437988
Weighted Round Robin,4,pre,4.305047273635864,node-a,38270.55922260599,31.560897827148438
Weighted Round Robin,4,pre,4.376624584197998,node-a,92257.360232299,80.0025463104248
Weighted Round Robin,4,pre,4.417765378952026,node-b,72947.7530747562,72.58105278015137
Weighted Round Robin,4,pre,4.420956134796143,node-c,144430.44240350908,311.67101860046387
Weighted Round Robin,4,pre,4.4866554737091064,node-a,172122.41679075803,136.3825798034668
Weighted Round Robin,4,pre,4.529647350311279,node-b,93173.71328360104,92.85831451416016
Weighted Round Robin,4,pre,4.633694171905518,node-a,124562.33395018642,103.77097129821777
Weighted Round Robin,4,pre,4.773202180862427,node-c,67369.61358362655,64.99242782592773
Weighted Round Robin,4,pre,4.796420335769653,node-a,123371.93346963853,117.24257469177246
Weighted Round Robin,4,pre,4.799710512161255,node-b,44958.449400842735,55.97352981567383
Weighted Round Robin,4,pre,4.8632543087005615,node-a,123866.28535199467,142.78626441955566
Weighted Round Robin,4,pre,5.03925085067749,node-b,173694.41893147747,167.9060459136963
Weighted Round Robin,4,pre,5.096100568771362,node-c,35003.94320990255,40.47870635986328
Weighted Round Robin,4,pre,5.242873191833496,node-a,63952.02321718815,68.01581382751465
Weighted Round Robin,4,pre,5.294922113418579,node-b,136809.18785043835,108.38699340820312
Weighted Round Robin,4,pre,5.3857409954071045,node-a,123167.70486631381,119.15850639343262
Weighted Round Robin,4,pre,5.405459403991699,node-c,120568.4401246618,217.59772300720215
Weighted Round Robin,4,pre,5.414614677429199,node-a,59247.44494521388,140.46120643615723
Weighted Round Robin,4,pre,5.424633264541626,node-b,212928.67890521596,311.8724822998047
Weighted Round Robin,4,pre,5.432726144790649,node-a,123574.47320778688,221.5292453765869
Weighted Round Robin,4,pre,5.4726245403289795,node-c,113861.0741088648,271.3358402252197
Weighted Round Robin,4,pre,5.562028408050537,node-b,155544.11076827775,321.5055465698242
Weighted Round Robin,4,pre,5.585913181304932,node-a,143631.17893316658,248.59857559204102
Weighted Round Robin,4,pre,5.612796068191528,node-a,141649.24942871707,229.6919822692871
Weighted Round Robin,4,pre,5.677038908004761,node-b,98894.82698414678,248.53968620300293
Weighted Round Robin,4,pre,5.690160036087036,node-c,89939.94967138581,218.9648151397705
Weighted Round Robin,4,pre,5.822153091430664,node-a,41704.25294080716,51.17344856262207
Weighted Round Robin,4,pre,5.911418676376343,node-b,159020.0464219814,225.8894443511963
Weighted Round Robin,4,pre,5.9340691566467285,node-a,236837.51370115954,288.93589973449707
Weighted Round Robin,4,pre,5.947865009307861,node-c,52901.92691363093,60.34398078918457
Weighted Round Robin,4,pre,5.984700918197632,node-a,126630.54658016635,255.91015815734863
Weighted Round Robin,4,pre,6.005774736404419,node-b,97665.63073941143,236.94682121276855
Weighted Round Robin,4,pre,6.010937690734863,node-a,68667.22402548396,157.7918529510498
Weighted Round Robin,4,pre,6.045483827590942,node-b,79377.34663502363,251.04904174804688
Weighted Round Robin,4,pre,6.200885772705078,node-c,42873.12648547396,34.340620040893555
Weighted Round Robin,4,pre,6.270171403884888,node-a,148879.51508106643,118.81351470947266
Weighted Round Robin,4,pre,6.482767820358276,node-b,94139.78510777754,78.11117172241211
Weighted Round Robin,4,pre,6.623962640762329,node-a,131913.82050754657,110.52727699279785
Weighted Round Robin,4,pre,6.701313495635986,node-c,201959.6280902019,241.6055202484131
Weighted Round Robin,4,pre,6.82878565788269,node-a,131157.5828074539,107.72562026977539
Weighted Round Robin,4,pre,6.878955602645874,node-b,62058.202832488714,67.19064712524414
Weighted Round Robin,4,pre,6.952686309814453,node-a,189399.73307005968,137.06254959106445
Weighted Round Robin,4,pre,6.978992938995361,node-c,100711.18253976418,144.7443962097168
Weighted Round Robin,4,pre,6.993620872497559,node-b,108392.18847620662,92.40412712097168
Weighted Round Robin,4,pre,7.141831159591675,node-a,68948.58759317377,110.08191108703613
Weighted Round Robin,4,pre,7.151484966278076,node-a,103932.5606230957,129.56476211547852
Weighted Round Robin,4,pre,7.164658546447754,node-b,79792.95995468945,77.6066780090332
Weighted Round Robin,4,pre,7.185691595077515,node-c,67151.1794962011,62.894582748413086
Weighted Round Robin,4,pre,7.2524261474609375,node-a,73225.61282272084,109.47990417480469
Weighted Round Robin,4,pre,7.281590700149536,node-b,182239.38258367506,140.86198806762695
Weighted Round Robin,4,pre,7.328251361846924,node-a,175544.28015275317,136.89684867858887
Weighted Round Robin,4,pre,7.4772047996521,node-c,68212.81169612557,72.11875915527344
Weighted Round Robin,4,pre,7.583817720413208,node-a,70830.53223847914,62.83974647521973
Weighted Round Robin,4,pre,7.664290189743042,node-b,113470.33410869671,113.25573921203613
Weighted Round Robin,4,pre,7.6764020919799805,node-a,61866.04180559051,54.80837821960449
Weighted Round Robin,4,pre,7.757988214492798,node-b,70395.75046508094,72.06559181213379
Weighted Round Robin,4,pre,7.789454936981201,node-c,141345.51738637997,252.72583961486816
Weighted Round Robin,4,pre,7.797911167144775,node-a,259877.056291529,305.2058219909668
Weighted Round Robin,4,pre,7.825618743896484,node-b,134969.15961186582,157.4079990386963
Weighted Round Robin,4,pre,7.830566167831421,node-a,107696.52504020237,271.9736099243164
Weighted Round Robin,4,pre,7.893471002578735,node-c,118552.48321519107,313.0507469177246
Weighted Round Robin,4,pre,7.9606077671051025,node-a,114762.04895904318,252.3021697998047
Weighted Round Robin,4,pre,7.980989694595337,node-b,82925.99688207162,74.18704032897949
Weighted Round Robin,4,pre,7.984066486358643,node-a,124080.9300514805,265.7504081726074
Weighted Round Robin,4,pre,8.172388315200806,node-c,101708.30576942797,160.48288345336914
Weighted Round Robin,4,pre,8.228163480758667,node-b,136837.90461532807,110.00561714172363
Weighted Round Robin,4,pre,8.330604314804077,node-a,110782.13908238446,117.16127395629883
Weighted Round Robin,4,pre,8.354998111724854,node-a,182547.9489041989,186.1271858215332
Weighted Round Robin,4,pre,8.470811128616333,node-b,148512.8822424004,130.598783493042
Weighted Round Robin,4,pre,8.583790063858032,node-c,122437.35638466233,139.143705368042
Weighted Round Robin,4,pre,8.590094089508057,node-a,84558.62129305568,74.38063621520996
Weighted Round Robin,4,pre,8.964987754821777,node-b,246086.66202047275,234.7242832183838
Weighted Round Robin,4,pre,9.011192083358765,node-a,256821.87054189574,306.67853355407715
Weighted Round Robin,4,pre,9.107666730880737,node-c,200396.52669262022,307.31844902038574
Weighted Round Robin,4,pre,9.124442338943481,node-a,169665.5449316109,299.0591526031494
Weighted Round Robin,4,pre,9.192518711090088,node-b,56874.04568931079,88.42992782592773
Weighted Round Robin,4,pre,9.212210893630981,node-a,111630.21284890267,205.3968906402588
Weighted Round Robin,4,pre,9.32318377494812,node-b,475828.2806793316,876.002311706543
Weighted Round Robin,4,pre,9.355435609817505,node-c,76281.32842777188,164.31546211242676
Weighted Round Robin,4,pre,9.408936977386475,node-a,66531.23332189566,73.22335243225098
Weighted Round Robin,4,pre,9.445245504379272,node-b,120074.97385220233,342.4375057220459
Weighted Round Robin,4,pre,9.497631788253784,node-a,32577.937429947237,39.46065902709961
Weighted Round Robin,4,pre,9.529984712600708,node-c,120972.38948661204,183.33172798156738
Weighted Round Robin,4,pre,9.572139978408813,node-a,110539.53498176685,94.19798851013184
Weighted Round Robin,4,pre,9.574145317077637,node-b,74828.71028817899,267.92263984680176
Weighted Round Robin,4,pre,9.68382453918457,node-a,209882.2410514154,158.77294540405273
Weighted Round Robin,4,pre,9.856829404830933,node-c,68969.36654015213,87.0058536529541
Weighted Round Robin,4,pre,9.897069692611694,node-b,116042.641718972,288.14125061035156
Weighted Round Robin,4,pre,10.131833791732788,node-a,63855.68443511834,77.07810401916504
Weighted Round Robin,4,pre,10.143282175064087,node-a,88377.51922718089,116.55545234680176
Weighted Round Robin,4,pre,10.335331439971924,node-b,156728.2942094363,144.8652744293213
Weighted Round Robin,4,pre,10.360346555709839,node-c,45164.67626847925,52.19292640686035
Weighted Round Robin,4,pre,10.406318187713623,node-a,247456.40722635074,183.35270881652832
Weighted Round Robin,4,pre,10.574431657791138,node-b,69409.64984442243,73.25458526611328
Weighted Round Robin,4,pre,10.5833101272583,node-a,145047.56057973357,112.71977424621582
Weighted Round Robin,4,pre,10.596508502960205,node-c,235743.9090999228,323.8410949707031
Weighted Round Robin,4,pre,10.689243078231812,node-a,169553.9421059867,149.08814430236816
Weighted Round Robin,4,pre,10.756904125213623,node-b,54426.872594847555,64.54896926879883
Weighted Round Robin,4,pre,10.776866912841797,node-a,349138.8659834025,346.0862636566162
Weighted Round Robin,4,pre,10.807223796844482,node-b,236365.27009327838,220.8383083343506
Weighted Round Robin,4,pre,10.859091997146606,node-c,248058.79580527643,762.9337310791016
Weighted Round Robin,4,pre,10.990045070648193,node-a,68455.44819384204,132.90810585021973
Weighted Round Robin,4,pre,11.014898300170898,node-b,85585.0214267816,104.94661331176758
Weighted Round Robin,4,pre,11.067511558532715,node-a,73714.62634556039,150.67458152770996
Weighted Round Robin,4,pre,11.09195852279663,node-c,138021.5380488767,530.0672054290771
Weighted Round Robin,4,pre,11.11261796951294,node-a,157027.31865815033,175.31704902648926
Weighted Round Robin,4,pre,11.260125875473022,node-b,86710.67386998383,75.94847679138184
Weighted Round Robin,4,pre,11.2985200881958,node-a,212307.63088646997,176.64766311645508
Weighted Round Robin,4,pre,11.390952825546265,node-c,181405.31298698523,612.3182773590088
Weighted Round Robin,4,pre,11.41145396232605,node-b,119415.41733164171,104.73918914794922
Weighted Round Robin,4,pre,11.424514532089233,node-a,87961.36894574133,92.19646453857422
Weighted Round Robin,4,pre,11.503132104873657,node-a,26030.91535450537,36.6363525390625
Weighted Round Robin,4,pre,11.600934743881226,node-b,77785.29459111359,74.61047172546387
Weighted Round Robin,4,pre,11.666459083557129,node-c,178377.33710388848,537.2955799102783
Weighted Round Robin,4,pre,11.748673915863037,node-a,24130.280847557016,46.94485664367676
Weighted Round Robin,4,pre,11.818809270858765,node-b,89454.44316792049,64.38040733337402
Weighted Round Robin,4,pre,11.894288301467896,node-a,59047.65624435776,65.52243232727051
Weighted Round Robin,4,pre,12.049445152282715,node-c,97283.23040758424,271.5270519256592
Weighted Round Robin,4,pre,12.24442434310913,node-a,116905.79290774626,106.57930374145508
Weighted Round Robin,4,pre,12.289859056472778,node-b,119305.89233312318,107.19728469848633
Weighted Round Robin,4,pre,12.296187400817871,node-a,36658.90757905791,66.66731834411621
Weighted Round Robin,4,pre,12.392966508865356,node-b,91200.15155055009,91.2935733795166
Weighted Round Robin,4,post,12.451226711273193,node-c,107022.0979762301,84.92779731750488
Weighted Round Robin,4,post,12.619670152664185,node-a,168910.8149189473,506.64758682250977
Weighted Round Robin,4,post,12.691648244857788,node-b,190875.44597910545,157.87458419799805
Weighted Round Robin,4,post,12.701462507247925,node-a,83853.56146398243,431.1642646789551
Weighted Round Robin,4,post,12.77373743057251,node-c,229313.11353615872,344.4018363952637
Weighted Round Robin,4,post,12.813251733779907,node-a,107291.4412984631,1144.5567607879639
Weighted Round Robin,4,post,12.821186780929565,node-b,162199.72811663346,197.4177360534668
Weighted Round Robin,4,post,12.839888334274292,node-a,123913.7794495444,1022.8714942932129
Weighted Round Robin,4,post,13.079736948013306,node-c,80954.52658833958,154.57510948181152
Weighted Round Robin,4,post,13.10776162147522,node-b,129013.42152348092,97.9771614074707
Weighted Round Robin,4,post,13.125428438186646,node-a,128680.26413514893,1017.6284313201904
Weighted Round Robin,4,post,13.155908107757568,node-a,101947.89797154567,883.7101459503174
Weighted Round Robin,4,post,13.298705101013184,node-b,135753.3719433656,109.41958427429199
Weighted Round Robin,4,post,13.373461246490479,node-c,69593.91562053755,59.851884841918945
Weighted Round Robin,4,post,13.387574434280396,node-a,123569.6867788878,1251.0850429534912
Weighted Round Robin,4,post,13.387574434280396,node-b,161007.55710614123,193.67718696594238
Weighted Round Robin,4,post,13.418254852294922,node-a,54559.85172924658,1134.7665786743164
Weighted Round Robin,4,post,13.42820954322815,node-c,97670.36165054911,184.40937995910645
Weighted Round Robin,4,post,13.570908546447754,node-a,142924.15547793172,1693.2580471038818
Weighted Round Robin,4,post,13.578564405441284,node-b,257251.56113499097,329.1480541229248
Weighted Round Robin,4,post,13.625386238098145,node-a,85398.6272723211,1516.6220664978027
Weighted Round Robin,4,post,13.695901155471802,node-b,78556.8484128789,213.39106559753418
Weighted Round Robin,4,post,13.893832921981812,node-c,222502.93691616185,319.8244571685791
Weighted Round Robin,4,post,13.913997411727905,node-a,59952.05963276257,1228.010892868042
Weighted Round Robin,4,post,14.0331552028656,node-b,132887.04651513768,112.60986328125
Weighted Round Robin,4,post,14.086101770401001,node-a,105305.68022471924,1564.180850982666
Weighted Round Robin,4,post,14.205221891403198,node-c,258764.98154235593,519.9065208435059
Weighted Round Robin,4,post,14.230371475219727,node-a,165591.45258248263,1616.2784099578857
Weighted Round Robin,4,post,14.252997875213623,node-b,111219.69541186202,88.8833999633789
Weighted Round Robin,4,post,14.27060604095459,node-a,189169.84261768186,2255.512237548828
Weighted Round Robin,4,post,14.342397451400757,node-c,83593.94768235808,372.1811771392822
Weighted Round Robin,4,post,14.387226819992065,node-b,124052.35830278163,190.79113006591797
Weighted Round Robin,4,post,14.447452545166016,node-a,51353.98068637096,1685.8909130096436
Weighted Round Robin,4,post,14.536911487579346,node-a,104367.98043996005,2089.33162689209
Weighted Round Robin,4,post,14.6152982711792,node-b,103422.13977076912,89.82348442077637
Weighted Round Robin,4,post,14.687448740005493,node-c,108877.96408646883,229.02894020080566
Weighted Round Robin,4,post,14.783579587936401,node-a,58690.583437096124,1659.0425968170166
Weighted Round Robin,4,post,14.786088466644287,node-b,210318.8941621343,161.52310371398926
Weighted Round Robin,4,post,14.88981556892395,node-a,54316.66024329941,1740.6322956085205
Weighted Round Robin,4,post,14.9794180393219,node-c,273657.0750964469,735.6436252593994
Weighted Round Robin,4,post,15.009620189666748,node-a,84512.93657868453,2018.190860748291
Weighted Round Robin,4,post,15.026419162750244,node-b,112543.49082470304,79.97870445251465
Weighted Round Robin,4,post,15.075138807296753,node-a,88938.74791649857,1976.7699241638184
Weighted Round Robin,4,post,15.21605134010315,node-b,70514.65125424834,72.9527473449707
Weighted Round Robin,4,post,15.237384557723999,node-c,195440.8624479949,594.8729515075684
Weighted Round Robin,4,post,15.336469173431396,node-a,112767.11532539311,1989.0685081481934
Weighted Round Robin,4,post,15.541187047958374,node-b,305845.4581892776,260.378360748291
Weighted Round Robin,4,post,15.568708181381226,node-a,71131.39629253832,1857.938289642334
Weighted Round Robin,4,post,15.86525559425354,node-c,73625.2928269949,70.88923454284668
Weighted Round Robin,4,post,15.869515419006348,node-a,212377.16972683647,2871.290922164917
Weighted Round Robin,4,post,15.872133016586304,node-b,49319.41283212328,56.696414947509766
Weighted Round Robin,4,post,16.000030994415283,node-a,264431.7743479724,3625.826120376587
Weighted Round Robin,4,post,16.044821739196777,node-c,242641.16660302677,291.6727066040039
Weighted Round Robin,4,post,16.0865375995636,node-b,53598.91139494911,50.00019073486328
Weighted Round Robin,4,post,16.221543073654175,node-a,223205.47472195225,3109.812021255493
Weighted Round Robin,4,post,16.392440795898438,node-a,148917.2355087075,2669.2535877227783
Weighted Round Robin,4,post,16.448978185653687,node-b,98974.8130726493,84.75518226623535
Weighted Round Robin,4,post,16.59445333480835,node-c,130924.874441608,145.80917358398438
Weighted Round Robin,4,post,16.66387176513672,node-a,186089.56031568602,2881.328821182251
Weighted Round Robin,4,post,16.69851279258728,node-b,124072.20810434133,103.21545600891113
Weighted Round Robin,4,post,16.715369701385498,node-a,130160.66239102825,3216.7279720306396
Weighted Round Robin,4,post,16.81019949913025,node-c,107587.34871691641,119.48680877685547
Weighted Round Robin,4,post,16.957995176315308,node-a,108894.93366076583,2884.8681449890137
Weighted Round Robin,4,post,17.142264127731323,node-b,67563.02412795136,62.82448768615723
Weighted Round Robin,4,post,17.162832021713257,node-a,101166.9595809738,2989.8271560668945
Weighted Round Robin,4,post,17.233466148376465,node-b,94455.94314186605,87.2950553894043
Weighted Round Robin,4,post,17.269102573394775,node-c,115123.75750326121,151.18098258972168
Weighted Round Robin,4,post,17.387140035629272,node-a,57182.53490055073,2673.0339527130127
Weighted Round Robin,4,post,17.40258502960205,node-b,100287.0322791712,83.47749710083008
Weighted Round Robin,4,post,17.406243324279785,node-a,62382.34418137718,2919.700860977173
Weighted Round Robin,4,post,17.431354999542236,node-c,80968.12607924482,98.39940071105957
Weighted Round Robin,4,post,17.436095714569092,node-a,98636.87713474965,3596.7469215393066
Weighted Round Robin,4,post,17.468597888946533,node-b,68789.5249577343,65.8259391784668
Weighted Round Robin,4,post,17.502750873565674,node-a,221457.7462568853,4442.0716762542725
Weighted Round Robin,4,post,17.510914087295532,node-c,166501.0122749967,303.9102554321289
Weighted Round Robin,4,post,17.723241329193115,node-b,196621.87727427718,180.45783042907715
Weighted Round Robin,4,post,17.74395728111267,node-a,233118.47884010844,4701.5061378479
Weighted Round Robin,4,post,17.82662010192871,node-a,66017.58433339649,3718.620777130127
Weighted Round Robin,4,post,17.840925931930542,node-b,129118.44463945452,251.3887882232666
Weighted Round Robin,4,post,17.875696897506714,node-c,119620.93669625036,167.84358024597168
Weighted Round Robin,4,post,17.883272171020508,node-a,116865.51347206307,4772.132158279419
Weighted Round Robin,4,post,17.89014196395874,node-b,126445.3149471052,325.1981735229492
Weighted Round Robin,4,post,17.890669584274292,node-a,78062.45501033933,4166.060209274292
Weighted Round Robin,4,post,18.001873254776,node-c,52027.71708639651,120.15557289123535
Weighted Round Robin,4,post,18.026352643966675,node-a,73399.30609592641,4199.557065963745
Weighted Round Robin,4,post,18.07515239715576,node-b,76988.53755043283,156.56805038452148
Weighted Round Robin,4,post,18.134307861328125,node-a,89640.5150429601,4607.496738433838
Weighted Round Robin,4,post,18.146486282348633,node-b,117396.37289043938,230.65185546875
Weighted Round Robin,4,post,18.34881043434143,node-c,66614.79426291914,57.04140663146973
Weighted Round Robin,4,post,18.386746883392334,node-a,57566.46572661882,3960.279941558838
Weighted Round Robin,4,post,18.39169716835022,node-b,85231.02389783667,74.45025444030762
Weighted Round Robin,4,post,18.39945960044861,node-a,75318.79476381456,4363.482475280762
Weighted Round Robin,4,post,18.433791399002075,node-c,112475.19243169842,104.63762283325195
Weighted Round Robin,4,post,18.44245195388794,node-a,47006.86282967127,4289.2444133758545
Weighted Round Robin,4,post,18.46478271484375,node-b,94366.54813643622,83.22024345397949
Weighted Round Robin,4,post,18.515889644622803,node-a,94654.36690639755,4520.228862762451
Weighted Round Robin,4,post,18.518921375274658,node-c,83152.16202475243,189.11242485046387
Weighted Round Robin,4,post,18.543734312057495,node-b,129985.64573156532,140.8383846282959
Weighted Round Robin,4,post,18.651883840560913,node-a,161633.53923758707,4785.951375961304
Weighted Round Robin,4,post,18.657737016677856,node-a,92295.68519849154,4785.51173210144
Weighted Round Robin,4,post,18.724083185195923,node-b,127782.80358802217,111.8021011352539
Weighted Round Robin,4,post,18.727320432662964,node-c,75483.31469555745,87.30912208557129
Weighted Round Robin,4,post,18.911898136138916,node-a,95226.28882695231,4827.258825302124
Weighted Round Robin,4,post,18.929497718811035,node-b,144869.57687218173,118.15690994262695
Weighted Round Robin,4,post,18.946277856826782,node-a,52786.908413650715,4797.528028488159
Weighted Round Robin,4,post,19.02229595184326,node-c,84247.45909445906,91.61496162414551
Weighted Round Robin,4,post,19.178067445755005,node-a,82173.21721198695,4957.304954528809
Weighted Round Robin,4,post,19.39716911315918,node-b,32240.407088062013,48.13432693481445
Weighted Round Robin,4,post,19.492866039276123,node-a,163789.88890855186,5639.705181121826
Weighted Round Robin,4,post,19.611783742904663,node-b,317945.48434241134,602.9975414276123
Weighted Round Robin,4,post,19.68779993057251,node-c,423398.05981910654,1555.9306144714355
Weighted Round Robin,4,post,19.700672149658203,node-a,198377.1197259157,5745.238780975342
Weighted Round Robin,4,post,19.781127214431763,node-b,119083.61835070178,309.2765808105469
Weighted Round Robin,4,post,19.79300832748413,node-a,123526.85320500408,5257.710933685303
Weighted Round Robin,4,post,19.86127781867981,node-c,95454.20228948128,551.7284870147705
Weighted Round Robin,4,post,19.913700342178345,node-a,64563.554333948625,5312.268018722534
Weighted Round Robin,4,post,19.938961267471313,node-b,45083.01328351726,187.35909461975098
Weighted Round Robin,4,post,19.987151384353638,node-a,147178.58110925145,5947.591543197632
Weighted Round Robin,4,post,20.050572395324707,node-c,110240.92323397275,767.3752307891846
Weighted Round Robin,4,post,20.06654667854309,node-b,57897.940810643,148.23460578918457
Weighted Round Robin,4,post,20.094282627105713,node-a,52526.78261855491,4858.011245727539
Weighted Round Robin,4,post,20.124176263809204,node-a,104307.6381777016,5910.786390304565
Weighted Round Robin,4,post,20.131613731384277,node-b,70210.81506081035,168.86520385742188
Weighted Round Robin,4,post,20.151355028152466,node-c,70373.49525485354,870.2118396759033
Weighted Round Robin,4,post,20.223353385925293,node-a,134043.12222029676,5819.637775421143
Weighted Round Robin,4,post,20.304741859436035,node-b,99062.9422141344,95.63994407653809
Weighted Round Robin,4,post,20.344162940979004,node-a,46348.88919513349,5398.512363433838
Weighted Round Robin,4,post,20.385392427444458,node-c,66369.32055613601,717.7894115447998
Weighted Round Robin,4,post,20.41275906562805,node-a,100188.23443740045,5923.881053924561
Weighted Round Robin,4,post,20.49329900741577,node-b,80456.4138011179,75.40535926818848
Weighted Round Robin,4,post,20.521323204040527,node-a,91914.84856305944,5914.566516876221
Weighted Round Robin,4,post,20.587679147720337,node-b,78793.61684571969,76.36690139770508
Weighted Round Robin,4,post,20.63160800933838,node-c,69629.25961610294,601.4652252197266
Weighted Round Robin,4,post,20.67363166809082,node-a,306116.10577307135,7077.298164367676
Weighted Round Robin,4,post,20.870885133743286,node-b,53481.22973128907,52.414894104003906
Weighted Round Robin,4,post,21.018840789794922,node-a,119827.35458268247,6113.710641860962
Weighted Round Robin,4,post,21.084877252578735,node-c,96360.27515269225,435.3928565979004
Weighted Round Robin,4,post,21.167263984680176,node-a,81096.02305951877,6568.507671356201
Weighted Round Robin,4,post,21.17749834060669,node-b,122409.3682170078,107.09071159362793
Weighted Round Robin,4,post,21.209211111068726,node-a,155930.4919088787,7437.415361404419
Weighted Round Robin,4,post,21.300159454345703,node-c,113934.46760204359,313.0052089691162
Weighted Round Robin,4,post,21.3695285320282,node-b,69380.0689761162,59.24534797668457
Weighted Round Robin,4,post,21.385820865631104,node-a,98294.52793774108,6566.115379333496
Weighted Round Robin,4,post,21.600577116012573,node-a,68127.61351672639,6941.383600234985
Weighted Round Robin,4,post,21.602585792541504,node-b,78196.49036829128,78.87101173400879
Weighted Round Robin,4,post,21.67939019203186,node-c,119182.6530103003,148.12922477722168
Weighted Round Robin,4,post,21.68617081642151,node-a,150889.67448982535,7368.5243129730225
Weighted Round Robin,4,post,21.8557345867157,node-b,58561.548567228354,58.25948715209961
Weighted Round Robin,4,post,21.861701726913452,node-a,94227.88245024261,7266.445159912109
Weighted Round Robin,4,post,21.96880030632019,node-c,53423.85284162599,55.55415153503418
Weighted Round Robin,4,post,21.981262683868408,node-a,109898.17827223607,7543.959617614746
Weighted Round Robin,4,post,22.294074296951294,node-b,75862.07628625231,63.76147270202637
Weighted Round Robin,4,post,22.334115743637085,node-a,154212.9553768981,7417.572736740112
Weighted Round Robin,4,post,22.415238618850708,node-b,131549.14694038496,111.81163787841797
Weighted Round Robin,4,post,22.482674837112427,node-c,121222.27836671259,155.78341484069824
Weighted Round Robin,4,post,22.52917742729187,node-a,62144.968611465425,6821.683883666992
Weighted Round Robin,4,post,22.628222465515137,node-b,116706.03198956834,90.3463363647461
Weighted Round Robin,4,post,22.679680824279785,node-a,76495.8968871369,7076.819181442261
Weighted Round Robin,4,post,22.868200302124023,node-c,86168.77614701715,81.00652694702148
Weighted Round Robin,4,post,22.872464179992676,node-a,45012.823700100824,6768.736124038696
Weighted Round Robin,4,post,23.242252588272095,node-b,99731.51620344244,79.57887649536133
Weighted Round Robin,4,post,23.299264669418335,node-a,119355.20430635037,6626.240968704224
Weighted Round Robin,4,post,23.31988215446472,node-c,71695.69473843048,87.09216117858887
Weighted Round Robin,4,post,23.3602237701416,node-b,87793.80415640061,62.081336975097656
Weighted Round Robin,4,post,23.44592523574829,node-a,35882.67189988656,6316.594839096069
Weighted Round Robin,4,post,23.514437437057495,node-a,139592.69691586,6639.413833618164
Weighted Round Robin,4,post,23.658666133880615,node-b,184422.21694660158,167.7074432373047
Weighted Round Robin,4,post,23.81553292274475,node-c,144172.52027738295,191.49231910705566
Weighted Round Robin,4,post,23.880610942840576,node-a,63217.32659270144,6349.388837814331
Weighted Round Robin,4,post,23.98909091949463,node-b,86064.69894181233,76.73096656799316
Weighted Round Robin,4,post,24.035633325576782,node-a,27526.209094588838,6217.6008224487305
Weighted Round Robin,4,post,24.043457508087158,node-c,91263.67315563116,87.14580535888672
Weighted Round Robin,4,post,24.080946445465088,node-a,264674.59122040914,9544.893741607666
Weighted Round Robin,4,post,24.101587772369385,node-b,66727.9573018999,63.5223388671875
Weighted Round Robin,4,post,24.237120151519775,node-a,168726.0067446252,7293.673753738403
Weighted Round Robin,4,post,24.253009796142578,node-b,96826.65624929003,84.29956436157227
Weighted Round Robin,4,post,24.341130256652832,node-c,68627.51794874114,72.84379005432129
Weighted Round Robin,4,post,24.49778151512146,node-a,62221.7765299631,6952.766180038452
Weighted Round Robin,4,post,24.50699782371521,node-b,119040.99877384429,105.29136657714844
Weighted Round Robin,4,post,24.572239875793457,node-a,115334.30205906394,6878.307819366455
Weighted Round Robin,4,post,24.752506256103516,node-c,85744.1599319232,83.4040641784668
Weighted Round Robin,4,post,24.787808656692505,node-a,77707.38272417075,7247.373819351196
Weighted Round Robin,4,post,24.821625471115112,node-b,97904.0420629657,85.85882186889648
Weighted Round Robin,4,post,24.86759042739868,node-a,69667.45392695897,7073.065757751465
Weighted Round Robin,4,post,24.881872177124023,node-c,47982.40556072725,58.79783630371094
Weighted Round Robin,4,post,24.89643955230713,node-b,70782.71431808062,125.93770027160645
Weighted Round Robin,4,post,25.10860514640808,node-a,69174.27266716068,7040.133476257324
Weighted Round Robin,4,post,25.274269580841064,node-a,60718.113699120644,6760.358095169067
Weighted Round Robin,4,post,25.315046548843384,node-b,123249.85616050778,97.79763221740723
Weighted Round Robin,4,post,25.33705472946167,node-c,167668.43024298846,186.60950660705566
Weighted Round Robin,4,post,25.429479837417603,node-a,130583.74317123061,8016.47424697876
Weighted Round Robin,4,post,25.729483604431152,node-b,169342.1611777004,158.0948829650879
Weighted Round Robin,4,post,25.879321813583374,node-a,33195.71880705864,6155.305862426758
Weighted Round Robin,4,post,25.912455797195435,node-c,98042.03965713458,189.90516662597656
Weighted Round Robin,4,post,25.95844602584839,node-a,97627.6372292274,6485.950708389282
Weighted Round Robin,4,post,26.03387761116028,node-b,190172.1510033384,244.93861198425293
Weighted Round Robin,4,post,26.085756540298462,node-a,65602.62677125768,6861.59086227417
Weighted Round Robin,4,post,26.10779047012329,node-b,65050.24099532696,167.82164573669434
Weighted Round Robin,4,post,26.12990713119507,node-c,208226.9925325436,391.1552429199219
Weighted Round Robin,4,post,26.204869985580444,node-a,92837.8350849264,6933.442115783691
Weighted Round Robin,4,post,26.445979595184326,node-b,154200.27242999006,145.22337913513184
Weighted Round Robin,4,post,26.458978414535522,node-a,175234.9700721409,7790.137529373169
Weighted Round Robin,4,post,26.540929079055786,node-c,58297.74159414274,76.59626007080078
Weighted Round Robin,4,post,26.72208833694458,node-a,188779.7223850736,7622.143983840942
Weighted Round Robin,4,post,26.722612142562866,node-b,83260.34429036747,59.82184410095215
Weighted Round Robin,4,post,26.760778665542603,node-a,319893.7088145253,7905.513048171997
Weighted Round Robin,4,post,26.85376501083374,node-c,106922.05320513961,90.09313583374023
Weighted Round Robin,4,post,27.010430574417114,node-b,97074.33835006473,80.79695701599121
Weighted Round Robin,4,post,27.20489192008972,node-a,40966.3954352646,6830.698251724243
Weighted Round Robin,4,post,27.227680444717407,node-a,120346.96669588379,7312.500715255737
Weighted Round Robin,4,post,27.232550621032715,node-b,50493.25040563053,39.36004638671875
Weighted Round Robin,4,post,27.256101846694946,node-c,95116.81726211162,93.52421760559082
Weighted Round Robin,4,post,27.312535285949707,node-a,36565.206624139944,6439.32318687439
ML-Argmin,4,pre,0.16646409034729004,node-a,82354.55706136284,83.52065086364746
ML-Argmin,4,pre,0.3314938545227051,node-b,194695.53148140945,187.09325790405273
ML-Argmin,4,pre,0.49356818199157715,node-c,92474.41755601285,171.29015922546387
ML-Argmin,4,pre,0.5156295299530029,node-c,152563.8817060926,463.30904960632324
ML-Argmin,4,pre,0.5212254524230957,node-c,59017.793564912376,377.76684761047363
ML-Argmin,4,pre,0.619774341583252,node-c,51819.0733568195,441.68663024902344
ML-Argmin,4,pre,0.7160341739654541,node-c,104674.48080060168,648.827314376831
ML-Argmin,4,pre,0.9357662200927734,node-a,84655.956799116,140.1362419128418
ML-Argmin,4,pre,0.9413938522338867,node-a,110667.40074343563,173.41351509094238
ML-Argmin,4,pre,1.0082406997680664,node-a,137708.55605574723,429.8677444458008
ML-Argmin,4,pre,1.0177841186523438,node-a,124037.21606393655,369.64893341064453
ML-Argmin,4,pre,1.0906744003295898,node-a,88544.48486075754,254.63080406188965
ML-Argmin,4,pre,1.2103264331817627,node-a,66561.07447686385,238.12580108642578
ML-Argmin,4,pre,1.2341351509094238,node-a,62556.991946721886,260.4358196258545
ML-Argmin,4,pre,1.3228237628936768,node-a,119158.87781629173,530.902624130249
ML-Argmin,4,pre,1.332524061203003,node-a,250046.7538367206,592.8208827972412
ML-Argmin,4,pre,1.3377537727355957,node-a,105587.78006198273,539.7651195526123
ML-Argmin,4,pre,1.3600554466247559,node-a,58343.63437613684,493.1468963623047
ML-Argmin,4,pre,1.41990327835083,node-b,97054.39470482872,158.7851047515869
ML-Argmin,4,pre,1.4536912441253662,node-b,157505.178647867,365.86880683898926
ML-Argmin,4,pre,1.5349810123443604,node-b,116627.71844807774,347.96857833862305
ML-Argmin,4,pre,1.5515902042388916,node-c,56629.21183494766,124.38750267028809
ML-Argmin,4,pre,1.6812121868133545,node-b,106499.89751106486,236.30738258361816
ML-Argmin,4,pre,1.7630236148834229,node-b,139084.84167598837,531.1565399169922
ML-Argmin,4,pre,1.8065037727355957,node-b,161025.81006456327,516.4997577667236
ML-Argmin,4,pre,1.8405451774597168,node-c,38949.90496273837,55.42421340942383
ML-Argmin,4,pre,1.8673205375671387,node-b,86152.05929077964,403.79881858825684
ML-Argmin,4,pre,1.8749103546142578,node-b,136389.9179546401,848.7305641174316
ML-Argmin,4,pre,1.8855879306793213,node-b,278224.78990814276,1016.1771774291992
ML-Argmin,4,pre,1.9337892532348633,node-c,190551.96612917446,1238.0907535552979
ML-Argmin,4,pre,1.960648775100708,node-b,61067.51042303059,768.8727378845215
ML-Argmin,4,pre,2.0454142093658447,node-c,171845.77828423586,616.7547702789307
ML-Argmin,4,pre,2.0964274406433105,node-b,85131.26286069702,885.5326175689697
ML-Argmin,4,pre,2.1133720874786377,node-b,99510.55239873129,1063.8670921325684
ML-Argmin,4,pre,2.1452744007110596,node-b,89709.70886365208,1031.4514636993408
ML-Argmin,4,pre,2.1901278495788574,node-b,123585.50955223534,1775.500774383545
ML-Argmin,4,pre,2.2134571075439453,node-b,247091.9211675366,1952.6572227478027
ML-Argmin,4,pre,2.237144708633423,node-b,64873.76626954595,1161.4353656768799
ML-Argmin,4,pre,2.2957632541656494,node-b,162717.59105288066,1519.8793411254883
ML-Argmin,4,pre,2.3162224292755127,node-b,110058.73025059495,1767.5952911376953
ML-Argmin,4,pre,2.4058916568756104,node-b,159081.59490675246,1884.737253189087
ML-Argmin,4,pre,2.506782293319702,node-b,162016.7958935191,1902.3149013519287
ML-Argmin,4,pre,2.5799343585968018,node-c,100355.60055277131,591.9456481933594
ML-Argmin,4,pre,2.583076000213623,node-c,148351.79222533843,899.3790149688721
ML-Argmin,4,pre,2.6627116203308105,node-c,195714.13283875163,1702.6112079620361
ML-Argmin,4,pre,2.756304979324341,node-c,60590.120691213146,726.1500358581543
ML-Argmin,4,pre,2.832434892654419,node-c,203028.94832172708,2147.0136642456055
ML-Argmin,4,pre,2.8520169258117676,node-c,125379.47477717412,1701.7993927001953
ML-Argmin,4,pre,2.8740463256835938,node-a,228707.96458608605,310.32729148864746
ML-Argmin,4,pre,2.885436773300171,node-c,37708.90503597883,1694.4398880004883
ML-Argmin,4,pre,2.909971237182617,node-c,104021.17394543189,1868.361234664917
ML-Argmin,4,pre,2.911566734313965,node-a,83152.5211672987,144.75011825561523
ML-Argmin,4,pre,2.9235270023345947,node-a,76094.07884567692,260.32209396362305
ML-Argmin,4,pre,3.013394594192505,node-a,40361.02769288072,207.97085762023926
ML-Argmin,4,pre,3.2900750637054443,node-a,93470.67962379925,82.2288990020752
ML-Argmin,4,pre,3.3265905380249023,node-a,92336.04662779043,182.25455284118652
ML-Argmin,4,pre,3.348972797393799,node-a,59941.40935554953,149.15084838867188
ML-Argmin,4,pre,3.374919891357422,node-a,66899.85493138307,395.1756954193115
ML-Argmin,4,pre,3.4001588821411133,node-a,155718.70175041197,837.7196788787842
ML-Argmin,4,pre,3.4086666107177734,node-a,97580.02189115986,626.42502784729
ML-Argmin,4,pre,3.4844887256622314,node-a,176573.32239289078,623.859167098999
ML-Argmin,4,pre,3.5768215656280518,node-a,309883.66447722557,808.26735496521
ML-Argmin,4,pre,3.684758186340332,node-a,106193.10185897484,568.8834190368652
ML-Argmin,4,pre,4.048254489898682,node-a,104160.85414493151,395.9171772003174
ML-Argmin,4,pre,4.194264888763428,node-a,47642.43310147581,196.68984413146973
ML-Argmin,4,pre,4.309325933456421,node-a,38270.55922260599,296.27299308776855
ML-Argmin,4,pre,4.377593040466309,node-a,92257.360232299,227.45895385742188
ML-Argmin,4,pre,4.422406911849976,node-a,72947.7530747562,194.24962997436523
ML-Argmin,4,pre,4.422406911849976,node-a,144430.44240350908,342.6177501678467
ML-Argmin,4,pre,4.490995645523071,node-a,172122.41679075803,553.516149520874
ML-Argmin,4,pre,4.532307147979736,node-a,93173.71328360104,348.1600284576416
ML-Argmin,4,pre,4.636487245559692,node-a,124562.33395018642,386.68298721313477
ML-Argmin,4,pre,4.776209831237793,node-a,67369.61358362655,484.891414642334
ML-Argmin,4,pre,4.799678802490234,node-a,123371.93346963853,532.3324203491211
ML-Argmin,4,pre,4.801793098449707,node-a,44958.449400842735,482.70416259765625
ML-Argmin,4,pre,4.866576671600342,node-a,123866.28535199467,513.953685760498
ML-Argmin,4,pre,5.042350769042969,node-b,173694.41893147747,167.36865043640137
ML-Argmin,4,pre,5.098942041397095,node-a,35003.94320990255,237.1530532836914
ML-Argmin,4,pre,5.246636390686035,node-b,63952.02321718815,51.57184600830078
ML-Argmin,4,pre,5.29925799369812,node-b,136809.18785043835,126.82962417602539
ML-Argmin,4,pre,5.389153242111206,node-a,123167.70486631381,493.82615089416504
ML-Argmin,4,pre,5.405786991119385,node-a,120568.4401246618,552.3486137390137
ML-Argmin,4,pre,5.4199535846710205,node-c,59247.44494521388,67.51346588134766
ML-Argmin,4,pre,5.427135944366455,node-a,212928.67890521596,530.4889678955078
ML-Argmin,4,pre,5.4361302852630615,node-a,123574.47320778688,524.6500968933105
ML-Argmin,4,pre,5.43874192237854,node-a,113861.0741088648,527.30393409729
ML-Argmin,4,pre,5.555855989456177,node-a,155544.11076827775,799.7193336486816
ML-Argmin,4,pre,5.590233564376831,node-a,143631.17893316658,709.2814445495605
ML-Argmin,4,pre,5.614477872848511,node-a,141649.24942871707,790.2233600616455
ML-Argmin,4,pre,5.678481340408325,node-a,98894.82698414678,767.1840190887451
ML-Argmin,4,pre,5.694318771362305,node-a,89939.94967138581,775.1429080963135
ML-Argmin,4,pre,5.823085784912109,node-b,41704.25294080716,58.331966400146484
ML-Argmin,4,pre,5.916609048843384,node-c,159020.0464219814,180.0098419189453
ML-Argmin,4,pre,5.9365997314453125,node-b,236837.51370115954,734.5850467681885
ML-Argmin,4,pre,5.950520277023315,node-b,52901.92691363093,146.09861373901367
ML-Argmin,4,pre,5.9852821826934814,node-b,126630.54658016635,541.8672561645508
ML-Argmin,4,pre,6.011159181594849,node-b,97665.63073941143,577.228307723999
ML-Argmin,4,pre,6.013527154922485,node-b,68667.22402548396,579.5273780822754
ML-Argmin,4,pre,6.047450065612793,node-b,79377.34663502363,659.3387126922607
ML-Argmin,4,pre,6.202178955078125,node-b,42873.12648547396,475.4817485809326
ML-Argmin,4,pre,6.2732789516448975,node-b,148879.51508106643,809.3142509460449
ML-Argmin,4,pre,6.488577604293823,node-b,94139.78510777754,514.0228271484375
ML-Argmin,4,pre,6.626415967941284,node-b,131913.82050754657,639.2672061920166
ML-Argmin,4,pre,6.704084634780884,node-b,201959.6280902019,619.3113327026367
ML-Argmin,4,pre,6.830816030502319,node-c,131157.5828074539,253.35073471069336
ML-Argmin,4,pre,6.880138397216797,node-c,62058.202832488714,204.02836799621582
ML-Argmin,4,pre,6.955133438110352,node-a,189399.73307005968,326.89738273620605
ML-Argmin,4,pre,6.9821014404296875,node-a,100711.18253976418,232.4066162109375
ML-Argmin,4,pre,6.998980760574341,node-a,108392.18847620662,262.44258880615234
ML-Argmin,4,pre,7.14438009262085,node-a,68948.58759317377,243.22915077209473
ML-Argmin,4,pre,7.154447317123413,node-a,103932.5606230957,474.5354652404785
ML-Argmin,4,pre,7.167040824890137,node-a,79792.95995468945,324.1865634918213
ML-Argmin,4,pre,7.188354969024658,node-c,67151.1794962011,67.71254539489746
ML-Argmin,4,pre,7.257150888442993,node-a,73225.61282272084,349.0939140319824
ML-Argmin,4,pre,7.2833333015441895,node-a,182239.38258367506,549.2501258850098
ML-Argmin,4,pre,7.331910848617554,node-a,175544.28015275317,500.1411437988281
ML-Argmin,4,pre,7.4776411056518555,node-c,68212.81169612557,70.68681716918945
ML-Argmin,4,pre,7.586764574050903,node-b,70830.53223847914,65.24538993835449
ML-Argmin,4,pre,7.66869330406189,node-c,113470.33410869671,209.6083164215088
ML-Argmin,4,pre,7.678877115249634,node-c,61866.04180559051,213.47761154174805
ML-Argmin,4,pre,7.76111626625061,node-c,70395.75046508094,692.3830509185791
ML-Argmin,4,pre,7.791051626205444,node-c,141345.51738637997,605.0028800964355
ML-Argmin,4,pre,7.801388740539551,node-c,259877.056291529,3370.7687854766846
ML-Argmin,4,pre,7.82840895652771,node-c,134969.15961186582,1340.6202793121338
ML-Argmin,4,pre,7.833632707595825,node-c,107696.52504020237,1035.555362701416
ML-Argmin,4,pre,7.896008491516113,node-c,118552.48321519107,1492.774248123169
ML-Argmin,4,pre,7.963497877120972,node-c,114762.04895904318,1620.027780532837
ML-Argmin,4,pre,7.983602046966553,node-c,82925.99688207162,1599.9236106872559
ML-Argmin,4,pre,7.987244129180908,node-c,124080.9300514805,1965.9600257873535
ML-Argmin,4,pre,8.173181533813477,node-c,101708.30576942797,2080.021619796753
ML-Argmin,4,pre,8.230517148971558,node-c,136837.90461532807,2541.7895317077637
ML-Argmin,4,pre,8.3355393409729,node-c,110782.13908238446,2859.6527576446533
ML-Argmin,4,pre,8.356287479400635,node-c,182547.9489041989,3296.567678451538
ML-Argmin,4,pre,8.47510814666748,node-c,148512.8822424004,3198.4610557556152
ML-Argmin,4,pre,8.586952924728394,node-a,122437.35638466233,157.0911407470703
ML-Argmin,4,pre,8.592273235321045,node-a,84558.62129305568,161.55767440795898
ML-Argmin,4,pre,8.965853929519653,node-a,246086.66202047275,340.2888774871826
ML-Argmin,4,pre,9.014496564865112,node-a,256821.87054189574,678.6501407623291
ML-Argmin,4,pre,9.110958814620972,node-a,200396.52669262022,859.8341941833496
ML-Argmin,4,pre,9.127685546875,node-a,169665.5449316109,988.1649017333984
ML-Argmin,4,pre,9.194336891174316,node-a,56874.04568931079,498.809814453125
ML-Argmin,4,pre,9.21458649635315,node-a,111630.21284890267,733.4036827087402
ML-Argmin,4,pre,9.324608564376831,node-a,475828.2806793316,1315.6888484954834
ML-Argmin,4,pre,9.361273527145386,node-a,76281.32842777188,573.9645957946777
ML-Argmin,4,pre,9.410788536071777,node-a,66531.23332189566,605.607271194458
ML-Argmin,4,pre,9.44803762435913,node-a,120074.97385220233,1199.6257305145264
ML-Argmin,4,pre,9.49846363067627,node-b,32577.937429947237,53.330183029174805
ML-Argmin,4,pre,9.533653974533081,node-a,120972.38948661204,1070.1124668121338
ML-Argmin,4,pre,9.57616138458252,node-a,110539.53498176685,1032.9298973083496
ML-Argmin,4,pre,9.579240798950195,node-a,74828.71028817899,907.0079326629639
ML-Argmin,4,pre,9.685460090637207,node-a,209882.2410514154,1548.6087799072266
ML-Argmin,4,pre,9.8587064743042,node-a,68969.36654015213,876.9264221191406
ML-Argmin,4,pre,9.899156332015991,node-a,116042.641718972,1104.5191287994385
ML-Argmin,4,pre,10.136340141296387,node-a,63855.68443511834,805.9878349304199
ML-Argmin,4,pre,10.147816181182861,node-a,88377.51922718089,911.5102291107178
ML-Argmin,4,pre,10.33581256866455,node-a,156728.2942094363,924.5486259460449
ML-Argmin,4,pre,10.36420488357544,node-a,45164.67626847925,820.4286098480225
ML-Argmin,4,pre,10.407068014144897,node-b,247456.40722635074,275.5284309387207
ML-Argmin,4,pre,10.578875064849854,node-b,69409.64984442243,200.2263069152832
ML-Argmin,4,pre,10.58675241470337,node-b,145047.56057973357,384.11474227905273
ML-Argmin,4,pre,10.597215414047241,node-b,235743.9090999228,1667.8147315979004
ML-Argmin,4,pre,10.692200183868408,node-b,169553.9421059867,1218.3749675750732
ML-Argmin,4,pre,10.759977102279663,node-b,54426.872594847555,605.5960655212402
ML-Argmin,4,pre,10.781757831573486,node-b,349138.8659834025,2526.386022567749
ML-Argmin,4,pre,10.807528734207153,node-b,236365.27009327838,1868.2706356048584
ML-Argmin,4,pre,10.862284183502197,node-b,248058.79580527643,2037.4155044555664
ML-Argmin,4,pre,10.995239496231079,node-b,68455.44819384204,1005.7895183563232
ML-Argmin,4,pre,11.01626443862915,node-b,85585.0214267816,1610.7730865478516
ML-Argmin,4,pre,11.07113265991211,node-b,73714.62634556039,721.2967872619629
ML-Argmin,4,pre,11.095778942108154,node-b,138021.5380488767,1413.975715637207
ML-Argmin,4,pre,11.114056825637817,node-b,157027.31865815033,1816.3478374481201
ML-Argmin,4,pre,11.264854431152344,node-b,86710.67386998383,1256.7830085754395
ML-Argmin,4,pre,11.299197912216187,node-b,212307.63088646997,2322.97945022583
ML-Argmin,4,pre,11.394830226898193,node-b,181405.31298698523,2209.963321685791
ML-Argmin,4,pre,11.415297269821167,node-b,119415.41733164171,1892.2984600067139
ML-Argmin,4,pre,11.427977323532104,node-b,87961.36894574133,2101.702928543091
ML-Argmin,4,pre,11.504051685333252,node-b,26030.91535450537,2171.478271484375
ML-Argmin,4,pre,11.603823900222778,node-b,77785.29459111359,2426.4962673187256
ML-Argmin,4,pre,11.671647310256958,node-b,178377.33710388848,2727.581739425659
ML-Argmin,4,pre,11.749881029129028,node-b,24130.280847557016,2060.8670711517334
ML-Argmin,4,pre,11.82067608833313,node-b,89454.44316792049,2900.6903171539307
ML-Argmin,4,pre,11.897295713424683,node-b,59047.65624435776,2308.8202476501465
ML-Argmin,4,pre,12.052079200744629,node-b,97283.23040758424,2353.81817817688
ML-Argmin,4,pre,12.247547626495361,node-b,116905.79290774626,2536.7846488952637
ML-Argmin,4,pre,12.294710874557495,node-b,119305.89233312318,2520.9250450134277
ML-Argmin,4,pre,12.298377513885498,node-b,36658.90757905791,1832.0808410644531
ML-Argmin,4,pre,12.393542051315308,node-c,91200.15155055009,84.26785469055176
ML-Argmin,4,post,12.456286907196045,node-c,107022.0979762301,234.17091369628906
ML-Argmin,4,post,12.62335991859436,node-c,168910.8149189473,762.596607208252
ML-Argmin,4,post,12.69467830657959,node-c,190875.44597910545,1192.5835609436035
ML-Argmin,4,post,12.70440125465393,node-c,83853.56146398243,1565.864086151123
ML-Argmin,4,post,12.777166366577148,node-b,229313.11353615872,2395.002841949463
ML-Argmin,4,post,12.815942764282227,node-c,107291.4412984631,1142.0319080352783
ML-Argmin,4,post,12.824019432067871,node-c,162199.72811663346,1446.7782974243164
ML-Argmin,4,post,12.843045234680176,node-c,123913.7794495444,1835.9200954437256
ML-Argmin,4,post,13.08209228515625,node-c,80954.52658833958,1280.975103378296
ML-Argmin,4,post,13.109302043914795,node-b,129013.42152348092,1971.7071056365967
ML-Argmin,4,post,13.12945032119751,node-b,128680.26413514893,2188.5085105895996
ML-Argmin,4,post,13.158484697341919,node-c,101947.89797154567,1494.5776462554932
ML-Argmin,4,post,13.303263902664185,node-b,135753.3719433656,2219.2842960357666
ML-Argmin,4,post,13.376354694366455,node-c,69593.91562053755,1297.2817420959473
ML-Argmin,4,post,13.389685869216919,node-c,123569.6867788878,1791.5408611297607
ML-Argmin,4,post,13.390213251113892,node-c,161007.55710614123,2802.696466445923
ML-Argmin,4,post,13.419379949569702,node-c,54559.85172924658,2433.5875511169434
ML-Argmin,4,post,13.435845375061035,node-c,97670.36165054911,2226.3076305389404
ML-Argmin,4,post,13.572264909744263,node-b,142924.15547793172,2157.8378677368164
ML-Argmin,4,post,13.582751989364624,node-c,257251.56113499097,4169.650316238403
ML-Argmin,4,post,13.628984451293945,node-c,85398.6272723211,2359.3273162841797
ML-Argmin,4,post,13.69609522819519,node-c,78556.8484128789,2491.482973098755
ML-Argmin,4,post,13.898167371749878,node-c,222502.93691616185,3885.5834007263184
ML-Argmin,4,post,13.916074752807617,node-c,59952.05963276257,3248.4021186828613
ML-Argmin,4,post,14.03585696220398,node-b,132887.04651513768,1733.1509590148926
ML-Argmin,4,post,14.087723731994629,node-c,105305.68022471924,2865.203380584717
ML-Argmin,4,post,14.209792852401733,node-c,258764.98154235593,4274.239540100098
ML-Argmin,4,post,14.230980634689331,node-b,165591.45258248263,1733.9558601379395
ML-Argmin,4,post,14.255590438842773,node-c,111219.69541186202,3422.956943511963
ML-Argmin,4,post,14.275044918060303,node-c,189169.84261768186,4486.366748809814
ML-Argmin,4,post,14.343138694763184,node-c,83593.94768235808,5124.564170837402
ML-Argmin,4,post,14.39245319366455,node-c,124052.35830278163,5088.0937576293945
ML-Argmin,4,post,14.449620008468628,node-c,51353.98068637096,4034.9175930023193
ML-Argmin,4,post,14.535909414291382,node-c,104367.98043996005,4961.116313934326
ML-Argmin,4,post,14.619187831878662,node-c,103422.13977076912,4533.405303955078
ML-Argmin,4,post,14.690139532089233,node-c,108877.96408646883,4807.427167892456
ML-Argmin,4,post,14.788621664047241,node-c,58690.583437096124,4379.173517227173
ML-Argmin,4,post,14.789687633514404,node-b,210318.8941621343,1715.306282043457
ML-Argmin,4,post,14.891714096069336,node-c,54316.66024329941,4386.537075042725
ML-Argmin,4,post,14.981220483779907,node-c,273657.0750964469,5901.1101722717285
ML-Argmin,4,post,15.01220178604126,node-c,84512.93657868453,4854.762077331543
ML-Argmin,4,post,15.030557632446289,node-c,112543.49082470304,5235.341787338257
ML-Argmin,4,post,15.078844785690308,node-c,88938.74791649857,5790.148496627808
ML-Argmin,4,post,15.215620040893555,node-c,70514.65125424834,5653.8801193237305
ML-Argmin,4,post,15.240074396133423,node-b,195440.8624479949,1358.595609664917
ML-Argmin,4,post,15.33911418914795,node-c,112767.11532539311,5520.160436630249
ML-Argmin,4,post,15.545003414154053,node-c,305845.4581892776,7030.152797698975
ML-Argmin,4,post,15.570950984954834,node-c,71131.39629253832,5911.507129669189
ML-Argmin,4,post,15.869614124298096,node-c,73625.2928269949,5528.806209564209
ML-Argmin,4,post,15.872171640396118,node-b,212377.16972683647,747.992992401123
ML-Argmin,4,post,15.874266624450684,node-c,49319.41283212328,5792.831897735596
ML-Argmin,4,post,16.00048303604126,node-c,264431.7743479724,7580.398321151733
ML-Argmin,4,post,16.04820418357849,node-c,242641.16660302677,8947.813987731934
ML-Argmin,4,post,16.08949303627014,node-c,53598.91139494911,6485.663175582886
ML-Argmin,4,post,16.225266456604004,node-c,223205.47472195225,7541.524171829224
ML-Argmin,4,post,16.3950457572937,node-c,148917.2355087075,6901.56888961792
ML-Argmin,4,post,16.451566457748413,node-c,98974.8130726493,7007.113933563232
ML-Argmin,4,post,16.60025644302368,node-b,130924.874441608,180.21678924560547
ML-Argmin,4,post,16.66638422012329,node-c,186089.56031568602,8093.043804168701
ML-Argmin,4,post,16.700440883636475,node-c,124072.20810434133,7686.56587600708
ML-Argmin,4,post,16.719085454940796,node-a,130160.66239102825,178.9546012878418
ML-Argmin,4,post,16.811769723892212,node-c,107587.34871691641,7776.877164840698
ML-Argmin,4,post,16.96087646484375,node-c,108894.93366076583,8103.599071502686
ML-Argmin,4,post,17.14299702644348,node-c,67563.02412795136,8146.046161651611
ML-Argmin,4,post,17.168189525604248,node-c,101166.9595809738,8385.021448135376
ML-Argmin,4,post,17.236231327056885,node-c,94455.94314186605,8716.224193572998
ML-Argmin,4,post,17.272024154663086,node-c,115123.75750326121,8689.804315567017
ML-Argmin,4,post,17.388848304748535,node-c,57182.53490055073,8290.728330612183
ML-Argmin,4,post,17.405693769454956,node-c,100287.0322791712,9174.51548576355
ML-Argmin,4,post,17.411890983581543,node-c,62382.34418137718,8852.044105529785
ML-Argmin,4,post,17.432169437408447,node-c,80968.12607924482,9028.212308883667
ML-Argmin,4,post,17.441858530044556,node-c,98636.87713474965,9220.080614089966
ML-Argmin,4,post,17.469202995300293,node-c,68789.5249577343,9316.265344619751
ML-Argmin,4,post,17.50601577758789,node-c,221457.7462568853,10952.802896499634
ML-Argmin,4,post,17.513079404830933,node-c,166501.0122749967,10049.879789352417
ML-Argmin,4,post,17.72376585006714,node-c,196621.87727427718,11253.427028656006
ML-Argmin,4,post,17.7495219707489,node-c,233118.47884010844,10708.228588104248
ML-Argmin,4,post,17.830020666122437,node-c,66017.58433339649,10060.144186019897
ML-Argmin,4,post,17.84288215637207,node-b,129118.44463945452,139.13726806640625
ML-Argmin,4,post,17.878544807434082,node-c,119620.93669625036,10692.165851593018
ML-Argmin,4,post,17.884844064712524,node-c,116865.51347206307,10990.926504135132
ML-Argmin,4,post,17.89227819442749,node-c,126445.3149471052,11477.30278968811
ML-Argmin,4,post,17.8949453830719,node-c,78062.45501033933,11457.163333892822
ML-Argmin,4,post,18.00231409072876,node-c,52027.71708639651,11190.225601196289
ML-Argmin,4,post,18.029958963394165,node-c,73399.30609592641,11537.020444869995
ML-Argmin,4,post,18.077619791030884,node-c,76988.53755043283,12186.78092956543
ML-Argmin,4,post,18.13979721069336,node-c,89640.5150429601,12022.646188735962
ML-Argmin,4,post,18.15057682991028,node-c,117396.37289043938,12209.641695022583
ML-Argmin,4,post,18.349660396575928,node-c,66614.79426291914,11812.267780303955
ML-Argmin,4,post,18.391388416290283,node-c,57566.46572661882,12087.562084197998
ML-Argmin,4,post,18.397090911865234,node-c,85231.02389783667,12167.248964309692
ML-Argmin,4,post,18.40190839767456,node-c,75318.79476381456,12273.14043045044
ML-Argmin,4,post,18.43475651741028,node-c,112475.19243169842,12634.188175201416
ML-Argmin,4,post,18.447800874710083,node-c,47006.86282967127,12322.216033935547
ML-Argmin,4,post,18.484537601470947,node-c,94366.54813643622,12582.812070846558
ML-Argmin,4,post,18.516934633255005,node-c,94654.36690639755,12944.729328155518
ML-Argmin,4,post,18.761411666870117,node-c,83152.16202475243,13030.803442001343
ML-Argmin,4,post,19.15313172340393,node-b,129985.64573156532,240.77820777893066
ML-Argmin,4,post,19.168306350708008,node-b,161633.53923758707,296.16308212280273
ML-Argmin,4,post,19.278784036636353,node-c,92295.68519849154,12504.866600036621
ML-Argmin,4,post,19.39390993118286,node-b,127782.80358802217,284.2545509338379
ML-Argmin,4,post,19.465017557144165,node-c,75483.31469555745,12326.655387878418
ML-Argmin,4,post,19.468229055404663,node-c,95226.28882695231,12607.187747955322
ML-Argmin,4,post,19.480546951293945,node-b,144869.57687218173,255.88655471801758
ML-Argmin,4,post,19.497025728225708,node-c,52786.908413650715,12678.499698638916
ML-Argmin,4,post,19.49756669998169,node-c,84247.45909445906,12895.653009414673
ML-Argmin,4,post,19.678234577178955,node-c,82173.21721198695,12973.662614822388
ML-Argmin,4,post,19.736433506011963,node-b,32240.407088062013,52.83761024475098
ML-Argmin,4,post,19.789271116256714,node-b,163789.88890855186,185.8193874359131
ML-Argmin,4,post,19.866963863372803,node-c,317945.48434241134,14895.823240280151
ML-Argmin,4,post,19.975090503692627,node-c,423398.05981910654,14505.921840667725
ML-Argmin,4,post,20.266433477401733,node-c,198377.1197259157,14296.98634147644
ML-Argmin,4,post,20.8592746257782,node-b,119083.61835070178,229.11930084228516
ML-Argmin,4,post,20.869500160217285,node-b,123526.85320500408,409.4350337982178
ML-Argmin,4,post,20.869500160217285,node-c,95454.20228948128,13903.961896896362
ML-Argmin,4,post,20.882863759994507,node-b,64563.554333948625,292.66929626464844
ML-Argmin,4,post,21.088393926620483,node-b,45083.01328351726,193.7558650970459
ML-Argmin,4,post,21.176060438156128,node-b,147178.58110925145,240.90027809143066
ML-Argmin,4,post,21.278935194015503,node-c,110240.92323397275,13772.832870483398
ML-Argmin,4,post,21.28214979171753,node-c,57897.940810643,13169.528484344482
ML-Argmin,4,post,21.398420333862305,node-c,52526.78261855491,13380.754947662354
ML-Argmin,4,post,21.41696071624756,node-c,104307.6381777016,13853.6696434021
ML-Argmin,4,post,21.483012437820435,node-c,70210.81506081035,13698.432683944702
ML-Argmin,4,post,21.66709852218628,node-c,70373.49525485354,13511.746406555176
ML-Argmin,4,post,22.575156211853027,node-b,134043.12222029676,116.74284934997559
ML-Argmin,4,post,22.57569646835327,node-c,99062.9422141344,12910.086631774902
ML-Argmin,4,post,22.691899061203003,node-c,46348.88919513349,12783.497333526611
ML-Argmin,4,post,23.29661464691162,node-c,66369.32055613601,12592.622756958008
ML-Argmin,4,post,23.458680391311646,node-c,100188.23443740045,12431.062698364258
ML-Argmin,4,post,23.58142638206482,node-c,80456.4138011179,12578.08256149292
ML-Argmin,4,post,23.766790628433228,node-c,91914.84856305944,12404.007911682129
ML-Argmin,4,post,24.387006759643555,node-c,78793.61684571969,12274.334907531738
ML-Argmin,4,post,24.58864688873291,node-c,69629.25961610294,11974.27487373352
ML-Argmin,4,post,24.759428024291992,node-c,306116.10577307135,13398.3633518219
ML-Argmin,4,post,24.996018171310425,node-c,53481.22973128907,11773.01549911499
ML-Argmin,4,post,25.064475536346436,node-c,119827.35458268247,12506.739377975464
ML-Argmin,4,post,25.289043188095093,node-c,96360.27515269225,12276.27158164978
ML-Argmin,4,post,25.553210973739624,node-c,81096.02305951877,11937.561988830566
ML-Argmin,4,post,25.679576635360718,node-c,122409.3682170078,12378.128051757812
ML-Argmin,4,post,25.953010082244873,node-c,155930.4919088787,12698.508739471436
ML-Argmin,4,post,25.961828470230103,node-c,113934.46760204359,12402.639627456665
ML-Argmin,4,post,26.26401424407959,node-c,69380.0689761162,12416.36061668396
ML-Argmin,4,post,26.460885763168335,node-c,98294.52793774108,12523.914813995361
ML-Argmin,4,post,26.580742359161377,node-c,68127.61351672639,12516.281366348267
ML-Argmin,4,post,26.66193914413452,node-c,78196.49036829128,12495.55253982544
ML-Argmin,4,post,26.786004543304443,node-c,119182.6530103003,12890.13957977295
ML-Argmin,4,post,27.56295919418335,node-c,150889.67448982535,12888.593435287476
ML-Argmin,4,post,27.890164852142334,node-c,58561.548567228354,11669.823408126831
ML-Argmin,4,post,28.45826292037964,node-c,94227.88245024261,11217.33283996582
ML-Argmin,4,post,28.458818674087524,node-c,53423.85284162599,11715.652465820312
ML-Argmin,4,post,28.5707106590271,node-c,109898.17827223607,11603.25002670288
ML-Argmin,4,post,28.875770568847656,node-c,75862.07628625231,12375.381708145142
ML-Argmin,4,post,28.97774028778076,node-c,154212.9553768981,12108.113765716553
ML-Argmin,4,post,29.19253969192505,node-a,131549.14694038496,181.42104148864746
ML-Argmin,4,post,29.35210871696472,node-b,121222.27836671259,123.38924407958984
ML-Argmin,4,post,29.3695809841156,node-c,62144.968611465425,11094.661951065063
ML-Argmin,4,post,29.373960733413696,node-c,116706.03198956834,12177.747249603271
ML-Argmin,4,post,29.47549796104431,node-c,76495.8968871369,11816.588640213013
ML-Argmin,4,post,29.56697940826416,node-c,86168.77614701715,12004.706859588623
ML-Argmin,4,post,30.16244339942932,node-c,45012.823700100824,11098.95658493042
ML-Argmin,4,post,30.16298222541809,node-c,99731.51620344244,11319.878101348877
ML-Argmin,4,post,30.26493740081787,node-c,119355.20430635037,11786.21220588684
ML-Argmin,4,post,30.36021852493286,node-c,71695.69473843048,11502.614736557007
ML-Argmin,4,post,30.47895050048828,node-c,87793.80415640061,11898.658275604248
ML-Argmin,4,post,30.564849138259888,node-c,35882.67189988656,11623.38662147522
ML-Argmin,4,post,30.675048828125,node-b,139592.69691586,117.42854118347168
ML-Argmin,4,post,30.77001690864563,node-c,184422.21694660158,11999.548435211182
ML-Argmin,4,post,30.79247736930847,node-b,144172.52027738295,125.41723251342773
ML-Argmin,4,post,30.9178946018219,node-c,63217.32659270144,11739.552736282349
ML-Argmin,4,post,31.067898511886597,node-c,86064.69894181233,11617.063045501709
ML-Argmin,4,post,31.068944692611694,node-c,27526.209094588838,11313.989877700806
ML-Argmin,4,post,31.462175369262695,node-c,91263.67315563116,12133.69345664978
ML-Argmin,4,post,31.783650636672974,node-c,264674.59122040914,13267.530918121338
ML-Argmin,4,post,31.79221510887146,node-c,66727.9573018999,11803.109169006348
ML-Argmin,4,post,31.79221510887146,node-b,168726.0067446252,191.0560131072998
ML-Argmin,4,post,31.98327112197876,node-c,96826.65624929003,11774.064779281616
ML-Argmin,4,post,32.075955867767334,node-c,68627.51794874114,11383.03256034851
ML-Argmin,4,post,32.17614507675171,node-c,62221.7765299631,11508.26358795166
ML-Argmin,4,post,32.39321970939636,node-b,119040.99877384429,98.6778736114502
ML-Argmin,4,post,32.4924201965332,node-c,115334.30205906394,11672.723054885864
ML-Argmin,4,post,32.65240550041199,node-c,85744.1599319232,11504.582643508911
ML-Argmin,4,post,34.45224332809448,node-c,77707.38272417075,10199.358224868774
ML-Argmin,4,post,34.48101234436035,node-c,97904.0420629657,10676.89299583435
ML-Argmin,4,post,34.563419818878174,node-c,69667.45392695897,11594.646215438843
ML-Argmin,4,post,34.762787103652954,node-c,47982.40556072725,10600.610733032227
ML-Argmin,4,post,34.77346205711365,node-c,70782.71431808062,11391.887664794922
ML-Argmin,4,post,34.77917528152466,node-c,69174.27266716068,10679.758548736572
ML-Argmin,4,post,35.05227971076965,node-b,60718.113699120644,47.23072052001953
ML-Argmin,4,post,35.09951043128967,node-b,123249.85616050778,117.35939979553223
ML-Argmin,4,post,35.178844928741455,node-b,167668.43024298846,629.3489933013916
ML-Argmin,4,post,35.18144512176514,node-b,130583.74317123061,512.6616954803467
ML-Argmin,4,post,35.216869831085205,node-b,169342.1611777004,502.6700496673584
ML-Argmin,4,post,35.27063035964966,node-b,33195.71880705864,158.29038619995117
ML-Argmin,4,post,35.42892074584961,node-c,98042.03965713458,10039.578914642334
ML-Argmin,4,post,35.475396394729614,node-c,97627.6372292274,10702.689170837402
ML-Argmin,4,post,35.485783100128174,node-c,190172.1510033384,12080.923557281494
ML-Argmin,4,post,35.69410681724548,node-b,65602.62677125768,172.7602481842041
ML-Argmin,4,post,35.71953988075256,node-b,65050.24099532696,194.01001930236816
ML-Argmin,4,post,35.808748722076416,node-c,208226.9925325436,12462.625503540039
ML-Argmin,4,post,35.867467641830444,node-c,92837.8350849264,10298.413753509521
ML-Argmin,4,post,35.8897430896759,node-b,154200.27242999006,212.30649948120117
ML-Argmin,4,post,35.89027500152588,node-a,175234.9700721409,209.60378646850586
ML-Argmin,4,post,35.91405963897705,node-c,58297.74159414274,10650.298118591309
ML-Argmin,4,post,36.099878787994385,node-c,188779.7223850736,11671.910047531128
ML-Argmin,4,post,36.102049589157104,node-c,83260.34429036747,11089.628219604492
ML-Argmin,4,post,36.15950894355774,node-c,319893.7088145253,12820.314645767212
ML-Argmin,4,post,36.170798540115356,node-c,106922.05320513961,11480.785608291626
ML-Argmin,4,post,36.56345772743225,node-c,97074.33835006473,11006.495714187622
ML-Argmin,4,post,36.66134166717529,node-b,40966.3954352646,53.119659423828125
ML-Argmin,4,post,36.71446132659912,node-b,120346.96669588379,99.40290451049805
ML-Argmin,4,post,36.769033670425415,node-c,50493.25040563053,11023.698091506958
ML-Argmin,4,post,36.81386423110962,node-c,95116.81726211162,11256.407976150513
ML-Argmin,4,post,37.49128031730652,node-b,36565.206624139944,55.71389198303223
ML-Softmax,4,pre,0.1691732406616211,node-a,82354.55706136284,77.40569114685059
ML-Softmax,4,pre,0.3297395706176758,node-b,194695.53148140945,182.08789825439453
ML-Softmax,4,pre,0.49184179306030273,node-c,92474.41755601285,411.89122200012207
ML-Softmax,4,pre,0.5160660743713379,node-c,152563.8817060926,497.3106384277344
ML-Softmax,4,pre,0.5192511081695557,node-a,59017.793564912376,54.60023880004883
ML-Softmax,4,pre,0.6189389228820801,node-c,51819.0733568195,294.60787773132324
ML-Softmax,4,pre,0.7171139717102051,node-c,104674.48080060168,679.957389831543
ML-Softmax,4,pre,0.9331390857696533,node-c,84655.956799116,388.59009742736816
ML-Softmax,4,pre,0.9387338161468506,node-a,110667.40074343563,96.36211395263672
ML-Softmax,4,pre,1.0102136135101318,node-b,137708.55605574723,260.58292388916016
ML-Softmax,4,pre,1.0149891376495361,node-b,124037.21606393655,264.8885250091553
ML-Softmax,4,pre,1.0877525806427002,node-a,88544.48486075754,73.55022430419922
ML-Softmax,4,pre,1.2100412845611572,node-a,66561.07447686385,95.9930419921875
ML-Softmax,4,pre,1.2379262447357178,node-a,62556.991946721886,93.39761734008789
ML-Softmax,4,pre,1.320683240890503,node-a,119158.87781629173,192.2168731689453
ML-Softmax,4,pre,1.3308079242706299,node-b,250046.7538367206,389.52040672302246
ML-Softmax,4,pre,1.3372313976287842,node-a,105587.78006198273,175.66871643066406
ML-Softmax,4,pre,1.3591883182525635,node-b,58343.63437613684,144.17791366577148
ML-Softmax,4,pre,1.4196665287017822,node-b,97054.39470482872,269.5181369781494
ML-Softmax,4,pre,1.4534804821014404,node-a,157505.178647867,282.1533679962158
ML-Softmax,4,pre,1.5361783504486084,node-a,116627.71844807774,224.776029586792
ML-Softmax,4,pre,1.551105260848999,node-a,56629.21183494766,130.53178787231445
ML-Softmax,4,pre,1.6779453754425049,node-b,106499.89751106486,154.0546417236328
ML-Softmax,4,pre,1.7630913257598877,node-c,139084.84167598837,332.9792022705078
ML-Softmax,4,pre,1.8059148788452148,node-a,161025.81006456327,148.78487586975098
ML-Softmax,4,pre,1.8384323120117188,node-c,38949.90496273837,178.8010597229004
ML-Softmax,4,pre,1.8692095279693604,node-a,86152.05929077964,191.2078857421875
ML-Softmax,4,pre,1.8747618198394775,node-a,136389.9179546401,719.7844982147217
ML-Softmax,4,pre,1.8851311206817627,node-a,278224.78990814276,710.5851173400879
ML-Softmax,4,pre,1.930694818496704,node-a,190551.96612917446,610.9750270843506
ML-Softmax,4,pre,1.9629459381103516,node-b,61067.51042303059,71.03705406188965
ML-Softmax,4,pre,2.047515630722046,node-b,171845.77828423586,350.4965305328369
ML-Softmax,4,pre,2.097195625305176,node-b,85131.26286069702,294.1470146179199
ML-Softmax,4,pre,2.112670421600342,node-b,99510.55239873129,371.2427616119385
ML-Softmax,4,pre,2.1435725688934326,node-b,89709.70886365208,837.1760845184326
ML-Softmax,4,pre,2.187598943710327,node-a,123585.50955223534,335.8116149902344
ML-Softmax,4,pre,2.212843894958496,node-a,247091.9211675366,584.1424465179443
ML-Softmax,4,pre,2.2347922325134277,node-a,64873.76626954595,439.2976760864258
ML-Softmax,4,pre,2.2955803871154785,node-b,162717.59105288066,893.2516574859619
ML-Softmax,4,pre,2.315103530883789,node-b,110058.73025059495,793.9276695251465
ML-Softmax,4,pre,2.408704996109009,node-b,159081.59490675246,620.2189922332764
ML-Softmax,4,pre,2.5041611194610596,node-b,162016.7958935191,1198.1990337371826
ML-Softmax,4,pre,2.5786631107330322,node-a,100355.60055277131,298.91228675842285
ML-Softmax,4,pre,2.585048198699951,node-a,148351.79222533843,361.5453243255615
ML-Softmax,4,pre,2.660287618637085,node-b,195714.13283875163,972.7075099945068
ML-Softmax,4,pre,2.755690097808838,node-c,60590.120691213146,68.92585754394531
ML-Softmax,4,pre,2.832519292831421,node-b,203028.94832172708,859.2593669891357
ML-Softmax,4,pre,2.851067304611206,node-c,125379.47477717412,564.0699863433838
ML-Softmax,4,pre,2.873854160308838,node-b,228707.96458608605,1197.561502456665
ML-Softmax,4,pre,2.88443660736084,node-c,37708.90503597883,137.22681999206543
ML-Softmax,4,pre,2.9083521366119385,node-b,104021.17394543189,968.0101871490479
ML-Softmax,4,pre,2.91180682182312,node-c,83152.5211672987,592.2939777374268
ML-Softmax,4,pre,2.922699451446533,node-c,76094.07884567692,408.4305763244629
ML-Softmax,4,pre,3.0130374431610107,node-c,40361.02769288072,396.8174457550049
ML-Softmax,4,pre,3.2867374420166016,node-a,93470.67962379925,89.74671363830566
ML-Softmax,4,pre,3.3290457725524902,node-c,92336.04662779043,663.0232334136963
ML-Softmax,4,pre,3.3452346324920654,node-a,59941.40935554953,74.64265823364258
ML-Softmax,4,pre,3.3770058155059814,node-a,66899.85493138307,246.42014503479004
ML-Softmax,4,pre,3.399141788482666,node-a,155718.70175041197,321.32935523986816
ML-Softmax,4,pre,3.40805983543396,node-a,97580.02189115986,230.1790714263916
ML-Softmax,4,pre,3.48106050491333,node-c,176573.32239289078,821.821928024292
ML-Softmax,4,pre,3.5775420665740967,node-a,309883.66447722557,371.5777397155762
ML-Softmax,4,pre,3.684530735015869,node-c,106193.10185897484,420.0453758239746
ML-Softmax,4,pre,4.047640323638916,node-a,104160.85414493151,96.31991386413574
ML-Softmax,4,pre,4.195891380310059,node-a,47642.43310147581,35.566091537475586
ML-Softmax,4,pre,4.306095600128174,node-b,38270.55922260599,46.74553871154785
ML-Softmax,4,pre,4.376673221588135,node-b,92257.360232299,101.72152519226074
ML-Softmax,4,pre,4.41980504989624,node-c,72947.7530747562,193.42541694641113
ML-Softmax,4,pre,4.42474365234375,node-c,144430.44240350908,371.5980052947998
ML-Softmax,4,pre,4.48863673210144,node-b,172122.41679075803,140.2909755706787
ML-Softmax,4,pre,4.532094478607178,node-a,93173.71328360104,65.39034843444824
ML-Softmax,4,pre,4.6349263191223145,node-a,124562.33395018642,96.65942192077637
ML-Softmax,4,pre,4.773622274398804,node-a,67369.61358362655,69.18478012084961
ML-Softmax,4,pre,4.801761150360107,node-b,123371.93346963853,123.74639511108398
ML-Softmax,4,pre,4.803875684738159,node-b,44958.449400842735,103.26409339904785
ML-Softmax,4,pre,4.864333629608154,node-c,123866.28535199467,236.27996444702148
ML-Softmax,4,pre,5.0429346561431885,node-a,173694.41893147747,132.19642639160156
ML-Softmax,4,pre,5.098074913024902,node-b,35003.94320990255,50.76313018798828
ML-Softmax,4,pre,5.243657112121582,node-b,63952.02321718815,65.81830978393555
ML-Softmax,4,pre,5.297475814819336,node-a,136809.18785043835,110.43548583984375
ML-Softmax,4,pre,5.389780282974243,node-a,123167.70486631381,174.18956756591797
ML-Softmax,4,pre,5.40738844871521,node-a,120568.4401246618,215.3606414794922
ML-Softmax,4,pre,5.417230606079102,node-b,59247.44494521388,61.07330322265625
ML-Softmax,4,pre,5.4262354373931885,node-a,212928.67890521596,384.60564613342285
ML-Softmax,4,pre,5.432972192764282,node-b,123574.47320778688,251.10387802124023
ML-Softmax,4,pre,5.440302848815918,node-b,113861.0741088648,262.4363899230957
ML-Softmax,4,pre,5.55533766746521,node-c,155544.11076827775,281.7037105560303
ML-Softmax,4,pre,5.58935546875,node-c,143631.17893316658,424.93677139282227
ML-Softmax,4,pre,5.61385703086853,node-a,141649.24942871707,374.82309341430664
ML-Softmax,4,pre,5.679728984832764,node-a,98894.82698414678,187.48807907104492
ML-Softmax,4,pre,5.692147970199585,node-a,89939.94967138581,296.53215408325195
ML-Softmax,4,pre,5.822442531585693,node-b,41704.25294080716,40.494680404663086
ML-Softmax,4,pre,5.916592359542847,node-b,159020.0464219814,254.14228439331055
ML-Softmax,4,pre,5.936286211013794,node-b,236837.51370115954,702.1219730377197
ML-Softmax,4,pre,5.950825929641724,node-b,52901.92691363093,219.9087142944336
ML-Softmax,4,pre,5.984554290771484,node-b,126630.54658016635,510.8323097229004
ML-Softmax,4,pre,6.009567499160767,node-a,97665.63073941143,146.12150192260742
ML-Softmax,4,pre,6.012183427810669,node-a,68667.22402548396,143.50557327270508
ML-Softmax,4,pre,6.04747462272644,node-b,79377.34663502363,537.2562408447266
ML-Softmax,4,pre,6.201581954956055,node-b,42873.12648547396,425.25315284729004
ML-Softmax,4,pre,6.273132801055908,node-a,148879.51508106643,115.46754837036133
ML-Softmax,4,pre,6.483453750610352,node-a,94139.78510777754,87.89753913879395
ML-Softmax,4,pre,6.628430366516113,node-a,131913.82050754657,128.9842128753662
ML-Softmax,4,pre,6.703480243682861,node-a,201959.6280902019,193.2220458984375
ML-Softmax,4,pre,6.830973386764526,node-a,131157.5828074539,149.10054206848145
ML-Softmax,4,pre,6.881476640701294,node-b,62058.202832488714,64.0411376953125
ML-Softmax,4,pre,6.954075813293457,node-a,189399.73307005968,309.7693920135498
ML-Softmax,4,pre,6.981673955917358,node-a,100711.18253976418,243.9134120941162
ML-Softmax,4,pre,6.994358539581299,node-a,108392.18847620662,284.7247123718262
ML-Softmax,4,pre,7.145535230636597,node-a,68948.58759317377,235.0900173187256
ML-Softmax,4,pre,7.15414834022522,node-c,103932.5606230957,144.7584629058838
ML-Softmax,4,pre,7.165941953659058,node-b,79792.95995468945,67.62290000915527
ML-Softmax,4,pre,7.186329126358032,node-a,67151.1794962011,194.29612159729004
ML-Softmax,4,pre,7.256876707077026,node-c,73225.61282272084,247.6968765258789
ML-Softmax,4,pre,7.283287048339844,node-c,182239.38258367506,425.0164031982422
ML-Softmax,4,pre,7.330111026763916,node-b,175544.28015275317,156.205415725708
ML-Softmax,4,pre,7.478161096572876,node-a,68212.81169612557,61.77258491516113
ML-Softmax,4,pre,7.586098909378052,node-a,70830.53223847914,63.27414512634277
ML-Softmax,4,pre,7.668267488479614,node-a,113470.33410869671,141.39080047607422
ML-Softmax,4,pre,7.679789304733276,node-a,61866.04180559051,112.63632774353027
ML-Softmax,4,pre,7.760366678237915,node-a,70395.75046508094,165.56024551391602
ML-Softmax,4,pre,7.791881322860718,node-a,141345.51738637997,312.6556873321533
ML-Softmax,4,pre,7.800564527511597,node-b,259877.056291529,381.82926177978516
ML-Softmax,4,pre,7.828259468078613,node-a,134969.15961186582,330.8708667755127
ML-Softmax,4,pre,7.832551002502441,node-a,107696.52504020237,349.3156433105469
ML-Softmax,4,pre,7.896008491516113,node-b,118552.48321519107,286.38529777526855
ML-Softmax,4,pre,7.961508274078369,node-a,114762.04895904318,278.69319915771484
ML-Softmax,4,pre,7.983843803405762,node-c,82925.99688207162,208.2827091217041
ML-Softmax,4,pre,7.986352443695068,node-c,124080.9300514805,438.5373592376709
ML-Softmax,4,pre,8.174395561218262,node-c,101708.30576942797,425.2057075500488
ML-Softmax,4,pre,8.227757930755615,node-c,136837.90461532807,487.9448413848877
ML-Softmax,4,pre,8.334246397018433,node-a,110782.13908238446,153.8536548614502
ML-Softmax,4,pre,8.355762720108032,node-a,182547.9489041989,247.58362770080566
ML-Softmax,4,pre,8.472225666046143,node-a,148512.8822424004,271.13986015319824
ML-Softmax,4,pre,8.58809208869934,node-a,122437.35638466233,174.0434169769287
ML-Softmax,4,pre,8.592632055282593,node-b,84558.62129305568,60.58311462402344
ML-Softmax,4,pre,8.966042757034302,node-a,246086.66202047275,531.151533126831
ML-Softmax,4,pre,9.012457847595215,node-a,256821.87054189574,688.0691051483154
ML-Softmax,4,pre,9.109659671783447,node-a,200396.52669262022,514.1971111297607
ML-Softmax,4,pre,9.126483917236328,node-a,169665.5449316109,453.62257957458496
ML-Softmax,4,pre,9.19662618637085,node-c,56874.04568931079,61.850547790527344
ML-Softmax,4,pre,9.212311744689941,node-a,111630.21284890267,452.4109363555908
ML-Softmax,4,pre,9.327784299850464,node-c,475828.2806793316,1403.578281402588
ML-Softmax,4,pre,9.355524778366089,node-c,76281.32842777188,544.1305637359619
ML-Softmax,4,pre,9.412137269973755,node-c,66531.23332189566,613.9254570007324
ML-Softmax,4,pre,9.446409463882446,node-b,120074.97385220233,134.7506046295166
ML-Softmax,4,pre,9.501421451568604,node-c,32577.937429947237,421.58961296081543
ML-Softmax,4,pre,9.530067682266235,node-c,120972.38948661204,891.4268016815186
ML-Softmax,4,pre,9.576993227005005,node-a,110539.53498176685,200.06275177001953
ML-Softmax,4,pre,9.57854962348938,node-b,74828.71028817899,57.85655975341797
ML-Softmax,4,pre,9.683669567108154,node-b,209882.2410514154,155.1814079284668
ML-Softmax,4,pre,9.85971736907959,node-b,68969.36654015213,58.63618850708008
ML-Softmax,4,pre,9.901240348815918,node-b,116042.641718972,130.2661895751953
ML-Softmax,4,pre,10.133820056915283,node-b,63855.68443511834,60.87088584899902
ML-Softmax,4,pre,10.14707636833191,node-a,88377.51922718089,84.90443229675293
ML-Softmax,4,pre,10.335686206817627,node-b,156728.2942094363,190.81425666809082
ML-Softmax,4,pre,10.362497329711914,node-b,45164.67626847925,126.55854225158691
ML-Softmax,4,pre,10.408692359924316,node-a,247456.40722635074,188.87829780578613
ML-Softmax,4,pre,10.579083442687988,node-b,69409.64984442243,67.69585609436035
ML-Softmax,4,pre,10.585765838623047,node-a,145047.56057973357,123.16012382507324
ML-Softmax,4,pre,10.598634481430054,node-b,235743.9090999228,420.25089263916016
ML-Softmax,4,pre,10.691628694534302,node-b,169553.9421059867,378.60679626464844
ML-Softmax,4,pre,10.759098291397095,node-a,54426.872594847555,87.17942237854004
ML-Softmax,4,pre,10.778810977935791,node-a,349138.8659834025,557.6932430267334
ML-Softmax,4,pre,10.808815240859985,node-a,236365.27009327838,409.8401069641113
ML-Softmax,4,pre,10.860903024673462,node-a,248058.79580527643,742.1865463256836
ML-Softmax,4,pre,10.99324655532837,node-c,68455.44819384204,68.33338737487793
ML-Softmax,4,pre,11.016782760620117,node-a,85585.0214267816,507.07340240478516
ML-Softmax,4,pre,11.069697380065918,node-c,73714.62634556039,349.87688064575195
ML-Softmax,4,pre,11.09190845489502,node-c,138021.5380488767,1034.4963073730469
ML-Softmax,4,pre,11.1146240234375,node-c,157027.31865815033,701.9109725952148
ML-Softmax,4,pre,11.263349294662476,node-c,86710.67386998383,541.1536693572998
ML-Softmax,4,pre,11.300209522247314,node-a,212307.63088646997,392.1816349029541
ML-Softmax,4,pre,11.392852783203125,node-a,181405.31298698523,456.32457733154297
ML-Softmax,4,pre,11.413371324539185,node-c,119415.41733164171,778.5582542419434
ML-Softmax,4,pre,11.428157567977905,node-b,87961.36894574133,74.05424118041992
ML-Softmax,4,pre,11.505436658859253,node-c,26030.91535450537,430.85289001464844
ML-Softmax,4,pre,11.602584600448608,node-a,77785.29459111359,204.19549942016602
ML-Softmax,4,pre,11.66853952407837,node-c,178377.33710388848,824.8403072357178
ML-Softmax,4,pre,11.750866174697876,node-b,24130.280847557016,31.769990921020508
ML-Softmax,4,pre,11.81864619255066,node-b,89454.44316792049,85.23297309875488
ML-Softmax,4,pre,11.89611291885376,node-b,59047.65624435776,76.99227333068848
ML-Softmax,4,pre,12.05164122581482,node-a,97283.23040758424,81.55488967895508
ML-Softmax,4,pre,12.247803449630737,node-b,116905.79290774626,145.69997787475586
ML-Softmax,4,pre,12.29261827468872,node-b,119305.89233312318,284.11245346069336
ML-Softmax,4,pre,12.298712968826294,node-b,36658.90757905791,196.29478454589844
ML-Softmax,4,pre,12.396151781082153,node-b,91200.15155055009,235.95595359802246
ML-Softmax,4,post,12.453309535980225,node-a,107022.0979762301,166.48197174072266
ML-Softmax,4,post,12.62286114692688,node-a,168910.8149189473,313.4605884552002
ML-Softmax,4,post,12.693745136260986,node-b,190875.44597910545,576.3623714447021
ML-Softmax,4,post,12.703057527542114,node-b,83853.56146398243,233.26420783996582
ML-Softmax,4,post,12.77644157409668,node-b,229313.11353615872,817.4540996551514
ML-Softmax,4,post,12.81323528289795,node-b,107291.4412984631,473.97446632385254
ML-Softmax,4,post,12.826112270355225,node-b,162199.72811663346,801.213264465332
ML-Softmax,4,post,12.843453407287598,node-b,123913.7794495444,580.0690650939941
ML-Softmax,4,post,13.079926252365112,node-c,80954.52658833958,130.2957534790039
ML-Softmax,4,post,13.109991788864136,node-a,129013.42152348092,408.9505672454834
ML-Softmax,4,post,13.128949403762817,node-c,128680.26413514893,279.68311309814453
ML-Softmax,4,post,13.155962228775024,node-a,101947.89797154567,454.24771308898926
ML-Softmax,4,post,13.303658962249756,node-a,135753.3719433656,1599.740982055664
ML-Softmax,4,post,13.373910903930664,node-a,69593.91562053755,543.7781810760498
ML-Softmax,4,post,13.390379905700684,node-a,123569.6867788878,2148.160219192505
ML-Softmax,4,post,13.393957614898682,node-a,161007.55710614123,1509.4423294067383
ML-Softmax,4,post,13.420646905899048,node-a,54559.85172924658,1282.5393676757812
ML-Softmax,4,post,13.429393529891968,node-a,97670.36165054911,1974.1084575653076
ML-Softmax,4,post,13.573734045028687,node-b,142924.15547793172,223.26993942260742
ML-Softmax,4,post,13.582081079483032,node-c,257251.56113499097,1029.3476581573486
ML-Softmax,4,post,13.627849340438843,node-c,85398.6272723211,497.7099895477295
ML-Softmax,4,post,13.697962999343872,node-c,78556.8484128789,525.12526512146
ML-Softmax,4,post,13.895328760147095,node-b,222502.93691616185,194.9748992919922
ML-Softmax,4,post,13.918220520019531,node-c,59952.05963276257,673.1770038604736
ML-Softmax,4,post,14.033435821533203,node-c,132887.04651513768,1058.021068572998
ML-Softmax,4,post,14.091031789779663,node-c,105305.68022471924,631.7131519317627
ML-Softmax,4,post,14.208436727523804,node-a,258764.98154235593,1624.6693134307861
ML-Softmax,4,post,14.231146812438965,node-a,165591.45258248263,1687.751054763794
ML-Softmax,4,post,14.255095720291138,node-b,111219.69541186202,156.35323524475098
ML-Softmax,4,post,14.271731615066528,node-b,189169.84261768186,434.10325050354004
ML-Softmax,4,post,14.344329595565796,node-c,83593.94768235808,1073.3935832977295
ML-Softmax,4,post,14.391523122787476,node-b,124052.35830278163,324.50318336486816
ML-Softmax,4,post,14.449151039123535,node-c,51353.98068637096,1050.1108169555664
ML-Softmax,4,post,14.538435220718384,node-c,104367.98043996005,990.6132221221924
ML-Softmax,4,post,14.618280410766602,node-b,103422.13977076912,199.99170303344727
ML-Softmax,4,post,14.689349889755249,node-c,108877.96408646883,929.7537803649902
ML-Softmax,4,post,14.78341007232666,node-c,58690.583437096124,1041.4857864379883
ML-Softmax,4,post,14.789628505706787,node-c,210318.8941621343,1441.1234855651855
ML-Softmax,4,post,14.89095950126648,node-c,54316.66024329941,1123.607873916626
ML-Softmax,4,post,14.980721712112427,node-b,273657.0750964469,621.4799880981445
ML-Softmax,4,post,15.015368938446045,node-b,84512.93657868453,512.3414993286133
ML-Softmax,4,post,15.026292085647583,node-b,112543.49082470304,659.337043762207
ML-Softmax,4,post,15.0786874294281,node-b,88938.74791649857,401.6072750091553
ML-Softmax,4,post,15.217662811279297,node-b,70514.65125424834,483.6997985839844
ML-Softmax,4,post,15.237607717514038,node-b,195440.8624479949,1051.816701889038
ML-Softmax,4,post,15.340330362319946,node-a,112767.11532539311,681.7631721496582
ML-Softmax,4,post,15.543036460876465,node-b,305845.4581892776,962.4946117401123
ML-Softmax,4,post,15.572178602218628,node-b,71131.39629253832,532.0785045623779
ML-Softmax,4,post,15.867783546447754,node-b,73625.2928269949,452.79598236083984
ML-Softmax,4,post,15.874423265457153,node-b,212377.16972683647,915.9445762634277
ML-Softmax,4,post,15.876036643981934,node-b,49319.41283212328,642.2903537750244
ML-Softmax,4,post,16.00320816040039,node-b,264431.7743479724,1392.634630203247
ML-Softmax,4,post,16.044854640960693,node-b,242641.16660302677,1550.424575805664
ML-Softmax,4,post,16.089409828186035,node-b,53598.91139494911,929.5351505279541
ML-Softmax,4,post,16.222909450531006,node-b,223205.47472195225,1302.1514415740967
ML-Softmax,4,post,16.39411973953247,node-b,148917.2355087075,1331.8941593170166
ML-Softmax,4,post,16.45242190361023,node-b,98974.8130726493,1241.2481307983398
ML-Softmax,4,post,16.595551013946533,node-a,130924.874441608,308.0940246582031
ML-Softmax,4,post,16.66683840751648,node-c,186089.56031568602,330.08623123168945
ML-Softmax,4,post,16.702746629714966,node-a,124072.20810434133,708.8894844055176
ML-Softmax,4,post,16.71640658378601,node-a,130160.66239102825,886.7442607879639
ML-Softmax,4,post,16.81431746482849,node-a,107587.34871691641,788.8333797454834
ML-Softmax,4,post,16.957842350006104,node-c,108894.93366076583,173.35033416748047
ML-Softmax,4,post,17.144665479660034,node-a,67563.02412795136,575.9966373443604
ML-Softmax,4,post,17.165337800979614,node-a,101166.9595809738,838.1690979003906
ML-Softmax,4,post,17.23733901977539,node-a,94455.94314186605,873.9216327667236
ML-Softmax,4,post,17.269827604293823,node-a,115123.75750326121,1350.3963947296143
ML-Softmax,4,post,17.391579389572144,node-c,57182.53490055073,203.17673683166504
ML-Softmax,4,post,17.404477834701538,node-a,100287.0322791712,1326.124906539917
ML-Softmax,4,post,17.40770673751831,node-c,62382.34418137718,196.53081893920898
ML-Softmax,4,post,17.433154344558716,node-a,80968.12607924482,1395.9577083587646
ML-Softmax,4,post,17.439398765563965,node-a,98636.87713474965,1292.8051948547363
ML-Softmax,4,post,17.469112873077393,node-a,68789.5249577343,1453.14359664917
ML-Softmax,4,post,17.506449460983276,node-a,221457.7462568853,2410.651445388794
ML-Softmax,4,post,17.511484622955322,node-a,166501.0122749967,3013.5176181793213
ML-Softmax,4,post,17.724884748458862,node-a,196621.87727427718,3287.5759601593018
ML-Softmax,4,post,17.744370460510254,node-a,233118.47884010844,4077.012538909912
ML-Softmax,4,post,17.829869747161865,node-a,66017.58433339649,2512.7439498901367
ML-Softmax,4,post,17.842609643936157,node-a,129118.44463945452,3581.71010017395
ML-Softmax,4,post,17.877689599990845,node-a,119620.93669625036,3737.2665405273438
ML-Softmax,4,post,17.884357213974,node-c,116865.51347206307,213.00363540649414
ML-Softmax,4,post,17.891352891921997,node-a,126445.3149471052,3729.5236587524414
ML-Softmax,4,post,17.893486738204956,node-a,78062.45501033933,3242.691993713379
ML-Softmax,4,post,18.00456666946411,node-a,52027.71708639651,3525.794267654419
ML-Softmax,4,post,18.02871298789978,node-a,73399.30609592641,4081.6867351531982
ML-Softmax,4,post,18.074050188064575,node-a,76988.53755043283,4034.205913543701
ML-Softmax,4,post,18.137892246246338,node-c,89640.5150429601,82.50236511230469
ML-Softmax,4,post,18.149599313735962,node-a,117396.37289043938,4373.166799545288
ML-Softmax,4,post,18.349399089813232,node-a,66614.79426291914,4276.28493309021
ML-Softmax,4,post,18.387741327285767,node-a,57566.46572661882,4315.3204917907715
ML-Softmax,4,post,18.39668869972229,node-a,85231.02389783667,4711.694955825806
ML-Softmax,4,post,18.400938749313354,node-a,75318.79476381456,4623.091697692871
ML-Softmax,4,post,18.435581922531128,node-a,112475.19243169842,4989.464044570923
ML-Softmax,4,post,18.445502996444702,node-a,47006.86282967127,4573.189735412598
ML-Softmax,4,post,18.46486186981201,node-a,94366.54813643622,5745.938539505005
ML-Softmax,4,post,18.521859884262085,node-a,94654.36690639755,5587.197780609131
ML-Softmax,4,post,18.521859884262085,node-a,83152.16202475243,5498.592376708984
ML-Softmax,4,post,18.546390056610107,node-c,129985.64573156532,90.65461158752441
ML-Softmax,4,post,18.654370069503784,node-a,161633.53923758707,5754.317045211792
ML-Softmax,4,post,18.658461093902588,node-b,92295.68519849154,87.75830268859863
ML-Softmax,4,post,18.72628664970398,node-b,127782.80358802217,157.08637237548828
ML-Softmax,4,post,18.729519367218018,node-c,75483.31469555745,76.96962356567383
ML-Softmax,4,post,18.912230968475342,node-c,95226.28882695231,178.8935661315918
ML-Softmax,4,post,18.933533668518066,node-c,144869.57687218173,498.48008155822754
ML-Softmax,4,post,18.949207544326782,node-a,52786.908413650715,5261.592864990234
ML-Softmax,4,post,19.02175760269165,node-c,84247.45909445906,410.25614738464355
ML-Softmax,4,post,19.17976951599121,node-a,82173.21721198695,5228.379487991333
ML-Softmax,4,post,19.400092363357544,node-a,32240.407088062013,4829.067707061768
ML-Softmax,4,post,19.497859716415405,node-c,163789.88890855186,229.89416122436523
ML-Softmax,4,post,19.615243196487427,node-a,317945.48434241134,6819.047927856445
ML-Softmax,4,post,19.68728995323181,node-c,423398.05981910654,1133.624792098999
ML-Softmax,4,post,19.704715967178345,node-c,198377.1197259157,886.4824771881104
ML-Softmax,4,post,19.78367805480957,node-a,119083.61835070178,5145.799875259399
ML-Softmax,4,post,19.797207593917847,node-a,123526.85320500408,5634.306192398071
ML-Softmax,4,post,19.86151123046875,node-b,95454.20228948128,87.13364601135254
ML-Softmax,4,post,19.91871452331543,node-b,64563.554333948625,91.3240909576416
ML-Softmax,4,post,19.939908742904663,node-a,45083.01328351726,5087.032794952393
ML-Softmax,4,post,19.989176273345947,node-a,147178.58110925145,6518.8307762146
ML-Softmax,4,post,20.05159282684326,node-a,110240.92323397275,6187.84499168396
ML-Softmax,4,post,20.068426847457886,node-a,57897.940810643,6071.057319641113
ML-Softmax,4,post,20.09684133529663,node-b,52526.78261855491,67.67654418945312
ML-Softmax,4,post,20.127557277679443,node-a,104307.6381777016,6208.300828933716
ML-Softmax,4,post,20.13456892967224,node-a,70210.81506081035,6593.219041824341
ML-Softmax,4,post,20.151079416275024,node-a,70373.49525485354,6576.708555221558
ML-Softmax,4,post,20.22615909576416,node-b,134043.12222029676,106.29439353942871
ML-Softmax,4,post,20.305955410003662,node-b,99062.9422141344,121.86336517333984
ML-Softmax,4,post,20.347877025604248,node-a,46348.88919513349,6379.370450973511
ML-Softmax,4,post,20.3887677192688,node-a,66369.32055613601,6913.953542709351
ML-Softmax,4,post,20.415414571762085,node-a,100188.23443740045,7512.428045272827
ML-Softmax,4,post,20.494484901428223,node-a,80456.4138011179,7221.071243286133
ML-Softmax,4,post,20.525002241134644,node-b,91914.84856305944,81.17365837097168
ML-Softmax,4,post,20.590120315551758,node-a,78793.61684571969,7344.302177429199
ML-Softmax,4,post,20.633899211883545,node-a,69629.25961610294,7189.048290252686
ML-Softmax,4,post,20.67484974861145,node-a,306116.10577307135,8629.24599647522
ML-Softmax,4,post,20.872416973114014,node-a,53481.22973128907,7030.928373336792
ML-Softmax,4,post,21.022496223449707,node-a,119827.35458268247,7405.9014320373535
ML-Softmax,4,post,21.0848331451416,node-a,96360.27515269225,8117.925643920898
ML-Softmax,4,post,21.17287564277649,node-a,81096.02305951877,7841.362237930298
ML-Softmax,4,post,21.182079792022705,node-a,122409.3682170078,8221.638441085815
ML-Softmax,4,post,21.21182084083557,node-a,155930.4919088787,8724.706888198853
ML-Softmax,4,post,21.300036907196045,node-a,113934.46760204359,8728.356838226318
ML-Softmax,4,post,21.37302851676941,node-a,69380.0689761162,8749.189853668213
ML-Softmax,4,post,21.39093804359436,node-a,98294.52793774108,8531.516313552856
ML-Softmax,4,post,21.602440118789673,node-c,68127.61351672639,93.43099594116211
ML-Softmax,4,post,21.602440118789673,node-a,78196.49036829128,9309.759855270386
ML-Softmax,4,post,21.68505072593689,node-b,119182.6530103003,96.97222709655762
ML-Softmax,4,post,21.69000220298767,node-a,150889.67448982535,9820.972204208374
ML-Softmax,4,post,21.858227491378784,node-a,58561.548567228354,9244.410514831543
ML-Softmax,4,post,21.865981817245483,node-a,94227.88245024261,9147.601127624512
ML-Softmax,4,post,21.970984935760498,node-a,53423.85284162599,9050.161123275757
ML-Softmax,4,post,21.985302448272705,node-c,109898.17827223607,130.31911849975586
ML-Softmax,4,post,22.297109127044678,node-c,75862.07628625231,106.37712478637695
ML-Softmax,4,post,22.33919405937195,node-b,154212.9553768981,166.00942611694336
ML-Softmax,4,post,22.418001651763916,node-b,131549.14694038496,199.89562034606934
ML-Softmax,4,post,22.486348628997803,node-a,121222.27836671259,9335.197925567627
ML-Softmax,4,post,22.531264305114746,node-a,62144.968611465425,8386.358976364136
ML-Softmax,4,post,22.63267731666565,node-c,116706.03198956834,268.9976692199707
ML-Softmax,4,post,22.681299209594727,node-c,76495.8968871369,318.12262535095215
ML-Softmax,4,post,22.87100052833557,node-c,86168.77614701715,233.11591148376465
ML-Softmax,4,post,22.87626600265503,node-a,45012.823700100824,8360.01443862915
ML-Softmax,4,post,23.242358207702637,node-a,99731.51620344244,9393.771171569824
ML-Softmax,4,post,23.304558753967285,node-a,119355.20430635037,9226.92584991455
ML-Softmax,4,post,23.319732427597046,node-c,71695.69473843048,77.58259773254395
ML-Softmax,4,post,23.361584186553955,node-a,87793.80415640061,8440.943241119385
ML-Softmax,4,post,23.448755025863647,node-a,35882.67189988656,8362.43724822998
ML-Softmax,4,post,23.518051862716675,node-c,139592.69691586,176.9857406616211
ML-Softmax,4,post,23.661341667175293,node-b,184422.21694660158,158.89716148376465
ML-Softmax,4,post,23.81718873977661,node-b,144172.52027738295,161.67688369750977
ML-Softmax,4,post,23.881484985351562,node-a,63217.32659270144,8848.581075668335
ML-Softmax,4,post,23.99186873435974,node-b,86064.69894181233,82.36265182495117
ML-Softmax,4,post,24.03790831565857,node-b,27526.209094588838,49.47614669799805
ML-Softmax,4,post,24.04786229133606,node-a,91263.67315563116,8454.339504241943
ML-Softmax,4,post,24.08295440673828,node-c,264674.59122040914,438.80748748779297
ML-Softmax,4,post,24.103562355041504,node-a,66727.9573018999,8222.27430343628
ML-Softmax,4,post,24.23996877670288,node-b,168726.0067446252,442.92187690734863
ML-Softmax,4,post,24.25359296798706,node-b,96826.65624929003,167.73200035095215
ML-Softmax,4,post,24.342509984970093,node-b,68627.51794874114,257.6313018798828
ML-Softmax,4,post,24.50106978416443,node-b,62221.7765299631,275.41470527648926
ML-Softmax,4,post,24.510303497314453,node-a,119040.99877384429,9427.857398986816
ML-Softmax,4,post,24.5725314617157,node-b,115334.30205906394,324.66864585876465
ML-Softmax,4,post,24.754894018173218,node-c,85744.1599319232,141.24679565429688
ML-Softmax,4,post,24.79034924507141,node-a,77707.38272417075,8738.270044326782
ML-Softmax,4,post,24.82440447807312,node-b,97904.0420629657,171.30422592163086
ML-Softmax,4,post,24.87251329421997,node-a,69667.45392695897,8559.831142425537
ML-Softmax,4,post,24.88540506362915,node-a,47982.40556072725,8438.226222991943
ML-Softmax,4,post,24.89665412902832,node-a,70782.71431808062,8119.974374771118
ML-Softmax,4,post,25.108701467514038,node-a,69174.27266716068,8209.520101547241
ML-Softmax,4,post,25.275456428527832,node-c,60718.113699120644,55.47451972961426
ML-Softmax,4,post,25.31769108772278,node-a,123249.85616050778,9296.62561416626
ML-Softmax,4,post,25.341536045074463,node-a,167668.43024298846,8667.581558227539
ML-Softmax,4,post,25.431513786315918,node-c,130583.74317123061,179.73732948303223
ML-Softmax,4,post,25.729806423187256,node-c,169342.1611777004,274.8279571533203
ML-Softmax,4,post,25.883545398712158,node-a,33195.71880705864,8038.16294670105
ML-Softmax,4,post,25.91256356239319,node-c,98042.03965713458,378.18026542663574
ML-Softmax,4,post,25.95824146270752,node-a,97627.6372292274,8845.684289932251
ML-Softmax,4,post,26.037715673446655,node-c,190172.1510033384,986.0439300537109
ML-Softmax,4,post,26.086671352386475,node-c,65602.62677125768,514.7652626037598
ML-Softmax,4,post,26.11113953590393,node-a,65050.24099532696,9196.032047271729
ML-Softmax,4,post,26.135064601898193,node-a,208226.9925325436,9796.880722045898
ML-Softmax,4,post,26.204766750335693,node-b,92837.8350849264,84.35606956481934
ML-Softmax,4,post,26.450467109680176,node-a,154200.27242999006,9967.373847961426
ML-Softmax,4,post,26.46099019050598,node-a,175234.9700721409,10453.277349472046
ML-Softmax,4,post,26.543137311935425,node-c,58297.74159414274,384.3052387237549
ML-Softmax,4,post,26.724540948867798,node-a,188779.7223850736,9994.686603546143
ML-Softmax,4,post,26.726742267608643,node-a,83260.34429036747,9075.830698013306
ML-Softmax,4,post,26.762871980667114,node-c,319893.7088145253,659.4583988189697
ML-Softmax,4,post,26.853909015655518,node-a,106922.05320513961,10086.046934127808
ML-Softmax,4,post,27.015065908432007,node-a,97074.33835006473,9917.268991470337
ML-Softmax,4,post,27.20649552345276,node-a,40966.3954352646,9631.033182144165
ML-Softmax,4,post,27.227616786956787,node-b,120346.96669588379,146.00634574890137
ML-Softmax,4,post,27.236380577087402,node-a,50493.25040563053,9465.949535369873
ML-Softmax,4,post,27.256616353988647,node-a,95116.81726211162,9760.584115982056
ML-Softmax,4,post,27.316853046417236,node-a,36565.206624139944,9614.973068237305
