strategy,rep,seed,node,task_size,latency_ms,ok
round_robin,0,100,node-a,59365.71785210792,51.305532455444336,True
round_robin,0,100,node-b,122409.21386818339,92.19026565551758,True
round_robin,0,100,node-c,156478.52457394963,259.7317695617676,True
round_robin,0,100,node-a,139000.64385027572,92.55385398864746,True
round_robin,0,100,node-b,65483.64535056747,64.0878677368164,True
round_robin,0,100,node-c,180909.34972915906,425.5228042602539,True
round_robin,0,100,node-a,150388.1431301546,115.20218849182129,True
round_robin,0,100,node-b,150652.8932241445,137.88390159606934,True
round_robin,0,100,node-c,153703.13452342668,487.31470108032227,True
round_robin,0,100,node-a,183950.25392795957,130.59592247009277,True
round_robin,0,100,node-b,325049.6502460338,301.5749454498291,True
round_robin,0,100,node-c,78002.83572055714,269.47498321533203,True
round_robin,0,100,node-a,108429.19012236646,73.93288612365723,True
round_robin,0,100,node-b,254578.46121153128,288.2511615753174,True
round_robin,0,100,node-c,54244.51111143137,76.49350166320801,True
round_robin,0,100,node-a,124621.23001912204,96.98724746704102,True
round_robin,0,100,node-b,75033.36526329655,66.82372093200684,True
round_robin,0,100,node-c,104855.2510654275,151.9775390625,True
round_robin,0,100,node-a,134272.10371805058,98.51884841918945,True
round_robin,0,100,node-b,40323.76650503087,39.386749267578125,True
round_robin,0,100,node-c,64473.3914965601,175.85515975952148,True
round_robin,0,100,node-a,52444.53848978454,56.79488182067871,True
round_robin,0,100,node-b,94343.65203631423,78.9194107055664,True
round_robin,0,100,node-c,75043.51912865917,65.8254623413086,True
round_robin,0,100,node-a,225889.20432468707,176.12814903259277,True
round_robin,0,100,node-b,78328.06512621902,71.23613357543945,True
round_robin,0,100,node-c,249468.8322533822,720.9813594818115,True
round_robin,0,100,node-a,86432.79256557468,106.41002655029297,True
round_robin,0,100,node-b,121291.47136094447,92.62752532958984,True
round_robin,0,100,node-c,108030.3107483734,493.1612014770508,True
round_robin,0,100,node-a,106511.28073218824,93.75715255737305,True
round_robin,0,100,node-b,60274.114840917595,63.22526931762695,True
round_robin,0,100,node-c,125191.95888825034,547.9137897491455,True
round_robin,0,100,node-a,128308.49957184064,125.88167190551758,True
round_robin,0,100,node-b,119272.34596676857,102.97155380249023,True
round_robin,0,100,node-c,144488.16194812447,902.5065898895264,True
round_robin,0,100,node-a,70306.83143249992,62.903404235839844,True
round_robin,0,100,node-b,91259.04766284446,75.02102851867676,True
round_robin,0,100,node-c,76074.292098516,416.4388179779053,True
round_robin,0,100,node-a,45168.799870009134,44.38424110412598,True
round_robin,0,100,node-b,127263.52075042267,127.24089622497559,True
round_robin,0,100,node-c,77072.562336656,346.4159965515137,True
round_robin,0,100,node-a,101863.27667151856,133.51941108703613,True
round_robin,0,100,node-b,326155.9567046713,382.6916217803955,True
round_robin,0,100,node-c,118824.4278300867,449.99194145202637,True
round_robin,0,100,node-a,111742.78781627354,104.0651798248291,True
round_robin,0,100,node-b,181175.2208349572,434.1273307800293,True
round_robin,0,100,node-c,197486.19821283003,871.8998432159424,True
round_robin,0,100,node-a,262155.5661098793,201.91192626953125,True
round_robin,0,100,node-b,81593.5125830949,279.8447608947754,True
round_robin,0,100,node-c,259942.17794081423,1302.666425704956,True
round_robin,0,100,node-a,99167.74832210605,114.04824256896973,True
round_robin,0,100,node-b,59345.62162867406,334.9320888519287,True
round_robin,0,100,node-c,66556.1588062736,738.2864952087402,True
round_robin,0,100,node-a,184272.41550944114,160.51983833312988,True
round_robin,0,100,node-b,155052.30698975755,339.9653434753418,True
round_robin,0,100,node-c,201090.22079884104,1174.126148223877,True
round_robin,0,100,node-a,66791.74609544923,64.22591209411621,True
round_robin,0,100,node-b,89353.17416777696,102.41436958312988,True
round_robin,0,100,node-c,58185.32558657927,519.6154117584229,True
round_robin,0,100,node-a,39436.77960064572,47.67608642578125,True
round_robin,0,100,node-b,104947.47689378702,96.4212417602539,True
round_robin,0,100,node-c,233653.45473900434,1392.6630020141602,True
round_robin,0,100,node-a,184663.51023113355,129.9910545349121,True
round_robin,0,100,node-b,71801.05046912373,63.158512115478516,True
round_robin,0,100,node-c,189848.54713393707,1904.4075012207031,True
round_robin,0,100,node-a,79368.58392207295,79.77604866027832,True
round_robin,0,100,node-b,123785.18063883237,99.40052032470703,True
round_robin,0,100,node-c,160130.0562851327,1611.65452003479,True
round_robin,0,100,node-a,86375.05587007954,76.0183334350586,True
round_robin,0,100,node-b,68045.25691269501,60.29176712036133,True
round_robin,0,100,node-c,146539.9472165313,1142.2085762023926,True
round_robin,0,100,node-a,96920.41751622132,84.04779434204102,True
round_robin,0,100,node-b,80364.60263053267,73.48132133483887,True
round_robin,0,100,node-c,145421.989367046,1148.634433746338,True
round_robin,0,100,node-a,95107.36417434429,83.95743370056152,True
round_robin,0,100,node-b,128242.71057618788,92.70358085632324,True
round_robin,0,100,node-c,65345.41721633388,821.5179443359375,True
round_robin,0,100,node-a,152095.00444021742,110.39423942565918,True
round_robin,0,100,node-b,65967.29277942743,47.28055000305176,True
round_robin,0,100,node-c,87327.52698490731,547.072172164917,True
round_robin,0,100,node-a,41540.64066249205,41.175127029418945,True
round_robin,0,100,node-b,189044.32582979565,136.39378547668457,True
round_robin,0,100,node-c,110975.30292721748,485.78691482543945,True
round_robin,0,100,node-a,133470.01242885552,104.23088073730469,True
round_robin,0,100,node-b,45205.59582873863,31.618118286132812,True
round_robin,0,100,node-c,114349.91991053856,153.17320823669434,True
round_robin,0,100,node-a,86947.28377265469,70.7998275756836,True
round_robin,0,100,node-b,192675.40673840194,160.35938262939453,True
round_robin,0,100,node-c,48290.75559363232,151.44658088684082,True
round_robin,0,100,node-a,126333.02853839283,96.82798385620117,True
round_robin,0,100,node-b,179518.87600067654,159.6667766571045,True
round_robin,0,100,node-c,58342.55327205288,52.378177642822266,True
round_robin,0,100,node-a,111838.25313886104,90.10553359985352,True
round_robin,0,100,node-b,61578.92725097443,42.97637939453125,True
round_robin,0,100,node-c,108211.16434993154,221.63033485412598,True
round_robin,0,100,node-a,125093.85737087793,92.89693832397461,True
round_robin,0,100,node-b,204581.54942377322,147.46594429016113,True
round_robin,0,100,node-c,115188.80772544813,387.3131275177002,True
round_robin,0,100,node-a,75014.0409495481,63.93265724182129,True
round_robin,0,100,node-b,141237.014196236,136.60788536071777,True
round_robin,0,100,node-c,106035.1368611703,257.50732421875,True
round_robin,0,100,node-a,181739.62365468947,133.8188648223877,True
round_robin,0,100,node-b,78257.97330999827,56.37955665588379,True
round_robin,0,100,node-c,206611.6053601698,307.45863914489746,True
round_robin,0,100,node-a,115231.62988696672,106.78386688232422,True
round_robin,0,100,node-b,119560.42344590115,96.8008041381836,True
round_robin,0,100,node-c,174931.38408482197,438.42411041259766,True
round_robin,0,100,node-a,81256.53089432784,80.58428764343262,True
round_robin,0,100,node-b,82029.80446474088,71.92301750183105,True
round_robin,0,100,node-c,136524.36329148905,304.7971725463867,True
round_robin,0,100,node-a,101547.91391172814,88.43350410461426,True
round_robin,0,100,node-b,108417.85999367281,85.70981025695801,True
round_robin,0,100,node-c,86490.77378682044,81.82883262634277,True
round_robin,0,100,node-a,90797.46762413348,71.41351699829102,True
round_robin,0,100,node-b,163002.51180109844,158.39385986328125,True
round_robin,0,100,node-c,282282.21501428407,799.109697341919,True
round_robin,0,100,node-a,53125.09080303521,61.64669990539551,True
round_robin,0,100,node-b,225843.66455912453,368.6182498931885,True
round_robin,0,100,node-c,153235.00031915866,696.3257789611816,True
round_robin,0,100,node-a,193505.6457739135,127.63214111328125,True
round_robin,0,100,node-b,115807.43281065712,242.11382865905762,True
round_robin,0,100,node-c,73332.99693435946,491.4131164550781,True
round_robin,0,100,node-a,95786.70139247547,71.03610038757324,True
round_robin,0,100,node-b,66594.0323326915,217.93079376220703,True
round_robin,0,100,node-c,45908.707262226526,427.74367332458496,True
round_robin,0,100,node-a,101850.12078344534,81.76803588867188,True
round_robin,0,100,node-b,120545.29388094634,188.65084648132324,True
round_robin,0,100,node-c,92007.4256445915,306.57005310058594,True
round_robin,0,100,node-a,116434.89290405065,109.2991828918457,True
round_robin,0,100,node-b,48842.54998117737,50.48489570617676,True
round_robin,0,100,node-c,179559.7859977024,247.26366996765137,True
round_robin,0,100,node-a,97830.21830280426,72.87001609802246,True
round_robin,0,100,node-b,108067.9065821601,81.12096786499023,True
round_robin,0,100,node-c,151428.7529094118,557.1539402008057,True
round_robin,0,100,node-a,79864.73731937878,75.76918601989746,True
round_robin,0,100,node-b,387559.4803070077,434.15188789367676,True
round_robin,0,100,node-c,197705.7938449413,616.8150901794434,True
round_robin,0,100,node-a,196053.56852110624,134.70697402954102,True
round_robin,0,100,node-b,114226.61479002766,221.8770980834961,True
round_robin,0,100,node-c,74217.1669874148,425.1103401184082,True
round_robin,0,100,node-a,136003.17175550567,107.03825950622559,True
round_robin,0,100,node-b,73560.78761788254,62.564849853515625,True
round_robin,0,100,node-c,119002.65657062519,189.30459022521973,True
round_robin,0,100,node-a,119101.34581365707,95.89147567749023,True
round_robin,0,100,node-b,196406.98992723005,171.29993438720703,True
round_robin,0,100,node-c,132026.68022794314,157.84597396850586,True
round_robin,0,100,node-a,114109.37240826542,70.47319412231445,True
round_robin,0,100,node-b,211907.7028255032,146.79956436157227,True
round_robin,0,100,node-c,99936.86922155158,166.5322780609131,True
weighted_round_robin,0,100,node-a,59365.71785210792,59.34405326843262,True
weighted_round_robin,0,100,node-b,122409.21386818339,92.03529357910156,True
weighted_round_robin,0,100,node-c,156478.52457394963,263.37742805480957,True
weighted_round_robin,0,100,node-a,139000.64385027572,133.04781913757324,True
weighted_round_robin,0,100,node-b,65483.64535056747,66.18142127990723,True
weighted_round_robin,0,100,node-a,180909.34972915906,169.51465606689453,True
weighted_round_robin,0,100,node-c,150388.1431301546,378.65424156188965,True
weighted_round_robin,0,100,node-a,150652.8932241445,114.77088928222656,True
weighted_round_robin,0,100,node-b,153703.13452342668,139.56117630004883,True
weighted_round_robin,0,100,node-a,183950.25392795957,149.9953269958496,True
weighted_round_robin,0,100,node-b,325049.6502460338,292.59610176086426,True
weighted_round_robin,0,100,node-c,78002.83572055714,69.31591033935547,True
weighted_round_robin,0,100,node-a,108429.19012236646,86.03453636169434,True
weighted_round_robin,0,100,node-b,254578.46121153128,279.2963981628418,True
weighted_round_robin,0,100,node-a,54244.51111143137,49.3474006652832,True
weighted_round_robin,0,100,node-c,124621.23001912204,101.2117862701416,True
weighted_round_robin,0,100,node-a,75033.36526329655,61.60473823547363,True
weighted_round_robin,0,100,node-b,104855.2510654275,169.6469783782959,True
weighted_round_robin,0,100,node-a,134272.10371805058,97.08642959594727,True
weighted_round_robin,0,100,node-c,40323.76650503087,40.13419151306152,True
weighted_round_robin,0,100,node-b,64473.3914965601,134.27329063415527,True
weighted_round_robin,0,100,node-a,52444.53848978454,48.2177734375,True
weighted_round_robin,0,100,node-a,94343.65203631423,86.67898178100586,True
weighted_round_robin,0,100,node-b,75043.51912865917,60.29772758483887,True
weighted_round_robin,0,100,node-c,225889.20432468707,396.5127468109131,True
weighted_round_robin,0,100,node-a,78328.06512621902,51.741600036621094,True
weighted_round_robin,0,100,node-b,249468.8322533822,191.76411628723145,True
weighted_round_robin,0,100,node-a,86432.79256557468,78.14812660217285,True
weighted_round_robin,0,100,node-c,121291.47136094447,368.8347339630127,True
weighted_round_robin,0,100,node-a,108030.3107483734,130.9199333190918,True
weighted_round_robin,0,100,node-b,106511.28073218824,244.98558044433594,True
weighted_round_robin,0,100,node-a,60274.114840917595,111.18793487548828,True
weighted_round_robin,0,100,node-b,125191.95888825034,275.45642852783203,True
weighted_round_robin,0,100,node-c,128308.49957184064,429.6753406524658,True
weighted_round_robin,0,100,node-a,119272.34596676857,98.9217758178711,True
weighted_round_robin,0,100,node-b,144488.16194812447,218.15204620361328,True
weighted_round_robin,0,100,node-a,70306.83143249992,61.307430267333984,True
weighted_round_robin,0,100,node-c,91259.04766284446,308.366060256958,True
weighted_round_robin,0,100,node-a,76074.292098516,60.41455268859863,True
weighted_round_robin,0,100,node-b,45168.799870009134,49.825429916381836,True
weighted_round_robin,0,100,node-a,127263.52075042267,91.45498275756836,True
weighted_round_robin,0,100,node-c,77072.562336656,69.45395469665527,True
weighted_round_robin,0,100,node-b,101863.27667151856,88.26112747192383,True
weighted_round_robin,0,100,node-a,326155.9567046713,385.08105278015137,True
weighted_round_robin,0,100,node-a,118824.4278300867,200.17766952514648,True
weighted_round_robin,0,100,node-b,111742.78781627354,78.30190658569336,True
weighted_round_robin,0,100,node-c,181175.2208349572,221.41551971435547,True
weighted_round_robin,0,100,node-a,197486.19821283003,272.3066806793213,True
weighted_round_robin,0,100,node-b,262155.5661098793,312.29448318481445,True
weighted_round_robin,0,100,node-a,81593.5125830949,176.4242649078369,True
weighted_round_robin,0,100,node-c,259942.17794081423,492.7783012390137,True
weighted_round_robin,0,100,node-a,99167.74832210605,174.6978759765625,True
weighted_round_robin,0,100,node-b,59345.62162867406,131.79755210876465,True
weighted_round_robin,0,100,node-a,66556.1588062736,152.89545059204102,True
weighted_round_robin,0,100,node-b,184272.41550944114,260.6823444366455,True
weighted_round_robin,0,100,node-c,155052.30698975755,459.9919319152832,True
weighted_round_robin,0,100,node-a,201090.22079884104,189.45646286010742,True
weighted_round_robin,0,100,node-b,66791.74609544923,61.97524070739746,True
weighted_round_robin,0,100,node-a,89353.17416777696,136.6586685180664,True
weighted_round_robin,0,100,node-c,58185.32558657927,217.3614501953125,True
weighted_round_robin,0,100,node-a,39436.77960064572,107.2683334350586,True
weighted_round_robin,0,100,node-b,104947.47689378702,79.74743843078613,True
weighted_round_robin,0,100,node-a,233653.45473900434,192.86847114562988,True
weighted_round_robin,0,100,node-c,184663.51023113355,355.31163215637207,True
weighted_round_robin,0,100,node-b,71801.05046912373,59.68761444091797,True
weighted_round_robin,0,100,node-a,189848.54713393707,202.2559642791748,True
weighted_round_robin,0,100,node-a,79368.58392207295,168.77341270446777,True
weighted_round_robin,0,100,node-b,123785.18063883237,89.70308303833008,True
weighted_round_robin,0,100,node-c,160130.0562851327,298.5692024230957,True
weighted_round_robin,0,100,node-a,86375.05587007954,55.229902267456055,True
weighted_round_robin,0,100,node-b,68045.25691269501,55.64999580383301,True
weighted_round_robin,0,100,node-a,146539.9472165313,112.48040199279785,True
weighted_round_robin,0,100,node-c,96920.41751622132,74.7673511505127,True
weighted_round_robin,0,100,node-a,80364.60263053267,68.2988166809082,True
weighted_round_robin,0,100,node-b,145421.989367046,110.74542999267578,True
weighted_round_robin,0,100,node-a,95107.36417434429,74.70488548278809,True
weighted_round_robin,0,100,node-b,128242.71057618788,105.04770278930664,True
weighted_round_robin,0,100,node-c,65345.41721633388,55.8466911315918,True
weighted_round_robin,0,100,node-a,152095.00444021742,107.11503028869629,True
weighted_round_robin,0,100,node-b,65967.29277942743,63.81416320800781,True
weighted_round_robin,0,100,node-a,87327.52698490731,66.65372848510742,True
weighted_round_robin,0,100,node-c,41540.64066249205,44.200897216796875,True
weighted_round_robin,0,100,node-a,189044.32582979565,126.4195442199707,True
weighted_round_robin,0,100,node-b,110975.30292721748,91.17507934570312,True
weighted_round_robin,0,100,node-a,133470.01242885552,96.63891792297363,True
weighted_round_robin,0,100,node-c,45205.59582873863,43.259620666503906,True
weighted_round_robin,0,100,node-b,114349.91991053856,93.57643127441406,True
weighted_round_robin,0,100,node-a,86947.28377265469,69.4882869720459,True
weighted_round_robin,0,100,node-a,192675.40673840194,142.33827590942383,True
weighted_round_robin,0,100,node-b,48290.75559363232,42.01555252075195,True
weighted_round_robin,0,100,node-c,126333.02853839283,129.12774085998535,True
weighted_round_robin,0,100,node-a,179518.87600067654,130.0816535949707,True
weighted_round_robin,0,100,node-b,58342.55327205288,47.92618751525879,True
weighted_round_robin,0,100,node-a,111838.25313886104,80.22761344909668,True
weighted_round_robin,0,100,node-c,61578.92725097443,49.67665672302246,True
weighted_round_robin,0,100,node-a,108211.16434993154,116.2881851196289,True
weighted_round_robin,0,100,node-b,125093.85737087793,220.5512523651123,True
weighted_round_robin,0,100,node-a,204581.54942377322,200.60229301452637,True
weighted_round_robin,0,100,node-b,115188.80772544813,194.42057609558105,True
weighted_round_robin,0,100,node-c,75014.0409495481,59.68356132507324,True
weighted_round_robin,0,100,node-a,141237.014196236,90.33393859863281,True
weighted_round_robin,0,100,node-b,106035.1368611703,96.08793258666992,True
weighted_round_robin,0,100,node-a,181739.62365468947,134.82284545898438,True
weighted_round_robin,0,100,node-c,78257.97330999827,66.61677360534668,True
weighted_round_robin,0,100,node-a,206611.6053601698,125.19049644470215,True
weighted_round_robin,0,100,node-b,115231.62988696672,112.61391639709473,True
weighted_round_robin,0,100,node-a,119560.42344590115,97.78523445129395,True
weighted_round_robin,0,100,node-c,174931.38408482197,239.63642120361328,True
weighted_round_robin,0,100,node-b,81256.53089432784,56.496381759643555,True
weighted_round_robin,0,100,node-a,82029.80446474088,83.94479751586914,True
weighted_round_robin,0,100,node-a,136524.36329148905,124.82666969299316,True
weighted_round_robin,0,100,node-b,101547.91391172814,84.75255966186523,True
weighted_round_robin,0,100,node-c,108417.85999367281,81.37226104736328,True
weighted_round_robin,0,100,node-a,86490.77378682044,62.15333938598633,True
weighted_round_robin,0,100,node-b,90797.46762413348,90.42954444885254,True
weighted_round_robin,0,100,node-a,163002.51180109844,108.10589790344238,True
weighted_round_robin,0,100,node-c,282282.21501428407,426.19967460632324,True
weighted_round_robin,0,100,node-a,53125.09080303521,54.21948432922363,True
weighted_round_robin,0,100,node-b,225843.66455912453,326.63989067077637,True
weighted_round_robin,0,100,node-a,153235.00031915866,112.81251907348633,True
weighted_round_robin,0,100,node-b,193505.6457739135,392.23647117614746,True
weighted_round_robin,0,100,node-c,115807.43281065712,406.4521789550781,True
weighted_round_robin,0,100,node-a,73332.99693435946,65.43469429016113,True
weighted_round_robin,0,100,node-b,95786.70139247547,314.2971992492676,True
weighted_round_robin,0,100,node-a,66594.0323326915,56.26177787780762,True
weighted_round_robin,0,100,node-c,45908.707262226526,219.00272369384766,True
weighted_round_robin,0,100,node-a,101850.12078344534,75.70362091064453,True
weighted_round_robin,0,100,node-b,120545.29388094634,251.2965202331543,True
weighted_round_robin,0,100,node-a,92007.4256445915,76.79152488708496,True
weighted_round_robin,0,100,node-c,116434.89290405065,127.30884552001953,True
weighted_round_robin,0,100,node-b,48842.54998117737,48.20084571838379,True
weighted_round_robin,0,100,node-a,179559.7859977024,187.61801719665527,True
weighted_round_robin,0,100,node-a,97830.21830280426,182.9664707183838,True
weighted_round_robin,0,100,node-b,108067.9065821601,80.64079284667969,True
weighted_round_robin,0,100,node-c,151428.7529094118,168.8699722290039,True
weighted_round_robin,0,100,node-a,79864.73731937878,115.42558670043945,True
weighted_round_robin,0,100,node-b,387559.4803070077,416.0737991333008,True
weighted_round_robin,0,100,node-a,197705.7938449413,140.46406745910645,True
weighted_round_robin,0,100,node-c,196053.56852110624,194.47946548461914,True
weighted_round_robin,0,100,node-a,114226.61479002766,82.31186866760254,True
weighted_round_robin,0,100,node-b,74217.1669874148,179.18014526367188,True
weighted_round_robin,0,100,node-a,136003.17175550567,104.22229766845703,True
weighted_round_robin,0,100,node-b,73560.78761788254,75.7594108581543,True
weighted_round_robin,0,100,node-c,119002.65657062519,92.8809642791748,True
weighted_round_robin,0,100,node-a,119101.34581365707,87.03231811523438,True
weighted_round_robin,0,100,node-b,196406.98992723005,163.15054893493652,True
weighted_round_robin,0,100,node-a,132026.68022794314,90.23261070251465,True
weighted_round_robin,0,100,node-c,114109.37240826542,98.34742546081543,True
weighted_round_robin,0,100,node-a,211907.7028255032,147.82333374023438,True
weighted_round_robin,0,100,node-b,99936.86922155158,78.67670059204102,True
ml_argmin_baseline,0,100,node-b,59365.71785210792,57.05904960632324,True
ml_argmin_baseline,0,100,node-a,122409.21386818339,155.653715133667,True
ml_argmin_baseline,0,100,node-a,156478.52457394963,288.1176471710205,True
ml_argmin_baseline,0,100,node-a,139000.64385027572,358.69359970092773,True
ml_argmin_baseline,0,100,node-b,65483.64535056747,56.71334266662598,True
ml_argmin_baseline,0,100,node-a,180909.34972915906,399.9066352844238,True
ml_argmin_baseline,0,100,node-a,150388.1431301546,404.6809673309326,True
ml_argmin_baseline,0,100,node-b,150652.8932241445,95.62873840332031,True
ml_argmin_baseline,0,100,node-b,153703.13452342668,125.83661079406738,True
ml_argmin_baseline,0,100,node-a,183950.25392795957,395.13397216796875,True
ml_argmin_baseline,0,100,node-a,325049.6502460338,562.1738433837891,True
ml_argmin_baseline,0,100,node-b,78002.83572055714,64.8496150970459,True
ml_argmin_baseline,0,100,node-a,108429.19012236646,379.52542304992676,True
ml_argmin_baseline,0,100,node-a,254578.46121153128,388.6151313781738,True
ml_argmin_baseline,0,100,node-b,54244.51111143137,59.1282844543457,True
ml_argmin_baseline,0,100,node-b,124621.23001912204,105.46684265136719,True
ml_argmin_baseline,0,100,node-c,75033.36526329655,48.958778381347656,True
ml_argmin_baseline,0,100,node-a,104855.2510654275,76.51114463806152,True
ml_argmin_baseline,0,100,node-b,134272.10371805058,220.08228302001953,True
ml_argmin_baseline,0,100,node-b,40323.76650503087,131.01935386657715,True
ml_argmin_baseline,0,100,node-b,64473.3914965601,185.20283699035645,True
ml_argmin_baseline,0,100,node-a,52444.53848978454,53.7717342376709,True
ml_argmin_baseline,0,100,node-a,94343.65203631423,95.06416320800781,True
ml_argmin_baseline,0,100,node-a,75043.51912865917,100.04663467407227,True
ml_argmin_baseline,0,100,node-a,225889.20432468707,298.3400821685791,True
ml_argmin_baseline,0,100,node-a,78328.06512621902,125.80180168151855,True
ml_argmin_baseline,0,100,node-a,249468.8322533822,396.2717056274414,True
ml_argmin_baseline,0,100,node-b,86432.79256557468,70.00231742858887,True
ml_argmin_baseline,0,100,node-b,121291.47136094447,113.75260353088379,True
ml_argmin_baseline,0,100,node-b,108030.3107483734,422.38569259643555,True
ml_argmin_baseline,0,100,node-b,106511.28073218824,405.7629108428955,True
ml_argmin_baseline,0,100,node-b,60274.114840917595,389.9726867675781,True
ml_argmin_baseline,0,100,node-b,125191.95888825034,299.66187477111816,True
ml_argmin_baseline,0,100,node-a,128308.49957184064,193.4971809387207,True
ml_argmin_baseline,0,100,node-a,119272.34596676857,293.70880126953125,True
ml_argmin_baseline,0,100,node-a,144488.16194812447,286.15760803222656,True
ml_argmin_baseline,0,100,node-c,70306.83143249992,60.585975646972656,True
ml_argmin_baseline,0,100,node-a,91259.04766284446,215.75593948364258,True
ml_argmin_baseline,0,100,node-b,76074.292098516,67.06690788269043,True
ml_argmin_baseline,0,100,node-a,45168.799870009134,45.51577568054199,True
ml_argmin_baseline,0,100,node-a,127263.52075042267,188.61055374145508,True
ml_argmin_baseline,0,100,node-a,77072.562336656,125.93793869018555,True
ml_argmin_baseline,0,100,node-a,101863.27667151856,184.4460964202881,True
ml_argmin_baseline,0,100,node-a,326155.9567046713,471.7366695404053,True
ml_argmin_baseline,0,100,node-b,118824.4278300867,95.37506103515625,True
ml_argmin_baseline,0,100,node-b,111742.78781627354,112.32161521911621,True
ml_argmin_baseline,0,100,node-a,181175.2208349572,325.8037567138672,True
ml_argmin_baseline,0,100,node-a,197486.19821283003,565.9410953521729,True
ml_argmin_baseline,0,100,node-a,262155.5661098793,749.2592334747314,True
ml_argmin_baseline,0,100,node-c,81593.5125830949,118.61014366149902,True
ml_argmin_baseline,0,100,node-a,259942.17794081423,738.5435104370117,True
ml_argmin_baseline,0,100,node-a,99167.74832210605,326.2331485748291,True
ml_argmin_baseline,0,100,node-c,59345.62162867406,178.82418632507324,True
ml_argmin_baseline,0,100,node-c,66556.1588062736,241.20163917541504,True
ml_argmin_baseline,0,100,node-a,184272.41550944114,541.6998863220215,True
ml_argmin_baseline,0,100,node-b,155052.30698975755,94.99096870422363,True
ml_argmin_baseline,0,100,node-a,201090.22079884104,702.04758644104,True
ml_argmin_baseline,0,100,node-b,66791.74609544923,93.77026557922363,True
ml_argmin_baseline,0,100,node-b,89353.17416777696,167.54508018493652,True
ml_argmin_baseline,0,100,node-b,58185.32558657927,242.10691452026367,True
ml_argmin_baseline,0,100,node-b,39436.77960064572,178.80558967590332,True
ml_argmin_baseline,0,100,node-b,104947.47689378702,235.95356941223145,True
ml_argmin_baseline,0,100,node-a,233653.45473900434,623.0769157409668,True
ml_argmin_baseline,0,100,node-a,184663.51023113355,713.6800289154053,True
ml_argmin_baseline,0,100,node-b,71801.05046912373,176.18370056152344,True
ml_argmin_baseline,0,100,node-a,189848.54713393707,615.2613162994385,True
ml_argmin_baseline,0,100,node-b,79368.58392207295,158.75673294067383,True
ml_argmin_baseline,0,100,node-a,123785.18063883237,492.1598434448242,True
ml_argmin_baseline,0,100,node-a,160130.0562851327,393.57757568359375,True
ml_argmin_baseline,0,100,node-b,86375.05587007954,150.67315101623535,True
ml_argmin_baseline,0,100,node-b,68045.25691269501,124.63712692260742,True
ml_argmin_baseline,0,100,node-b,146539.9472165313,326.63607597351074,True
ml_argmin_baseline,0,100,node-b,96920.41751622132,220.8547592163086,True
ml_argmin_baseline,0,100,node-b,80364.60263053267,326.52902603149414,True
ml_argmin_baseline,0,100,node-b,145421.989367046,364.9425506591797,True
ml_argmin_baseline,0,100,node-c,95107.36417434429,117.6919937133789,True
ml_argmin_baseline,0,100,node-b,128242.71057618788,111.18817329406738,True
ml_argmin_baseline,0,100,node-b,65345.41721633388,76.80249214172363,True
ml_argmin_baseline,0,100,node-a,152095.00444021742,118.61467361450195,True
ml_argmin_baseline,0,100,node-b,65967.29277942743,44.03400421142578,True
ml_argmin_baseline,0,100,node-b,87327.52698490731,88.22178840637207,True
ml_argmin_baseline,0,100,node-b,41540.64066249205,47.06120491027832,True
ml_argmin_baseline,0,100,node-b,189044.32582979565,268.399715423584,True
ml_argmin_baseline,0,100,node-b,110975.30292721748,275.33864974975586,True
ml_argmin_baseline,0,100,node-b,133470.01242885552,273.9565372467041,True
ml_argmin_baseline,0,100,node-c,45205.59582873863,41.14413261413574,True
ml_argmin_baseline,0,100,node-b,114349.91991053856,202.44264602661133,True
ml_argmin_baseline,0,100,node-b,86947.28377265469,172.65772819519043,True
ml_argmin_baseline,0,100,node-b,192675.40673840194,303.8666248321533,True
ml_argmin_baseline,0,100,node-c,48290.75559363232,32.53746032714844,True
ml_argmin_baseline,0,100,node-b,126333.02853839283,169.3110466003418,True
ml_argmin_baseline,0,100,node-b,179518.87600067654,320.9998607635498,True
ml_argmin_baseline,0,100,node-b,58342.55327205288,190.69743156433105,True
ml_argmin_baseline,0,100,node-c,111838.25313886104,332.40318298339844,True
ml_argmin_baseline,0,100,node-c,61578.92725097443,316.39599800109863,True
ml_argmin_baseline,0,100,node-c,108211.16434993154,758.4216594696045,True
ml_argmin_baseline,0,100,node-c,125093.85737087793,1032.7253341674805,True
ml_argmin_baseline,0,100,node-b,204581.54942377322,236.12427711486816,True
ml_argmin_baseline,0,100,node-c,115188.80772544813,954.0369510650635,True
ml_argmin_baseline,0,100,node-c,75014.0409495481,811.2797737121582,True
ml_argmin_baseline,0,100,node-c,141237.014196236,1294.142723083496,True
ml_argmin_baseline,0,100,node-c,106035.1368611703,1200.2136707305908,True
ml_argmin_baseline,0,100,node-b,181739.62365468947,132.75480270385742,True
ml_argmin_baseline,0,100,node-c,78257.97330999827,1031.179428100586,True
ml_argmin_baseline,0,100,node-b,206611.6053601698,150.11835098266602,True
ml_argmin_baseline,0,100,node-a,115231.62988696672,117.56205558776855,True
ml_argmin_baseline,0,100,node-a,119560.42344590115,128.36837768554688,True
ml_argmin_baseline,0,100,node-b,174931.38408482197,121.2468147277832,True
ml_argmin_baseline,0,100,node-a,81256.53089432784,73.04978370666504,True
ml_argmin_baseline,0,100,node-a,82029.80446474088,88.6526107788086,True
ml_argmin_baseline,0,100,node-a,136524.36329148905,146.06690406799316,True
ml_argmin_baseline,0,100,node-a,101547.91391172814,78.94277572631836,True
ml_argmin_baseline,0,100,node-a,108417.85999367281,81.01820945739746,True
ml_argmin_baseline,0,100,node-a,86490.77378682044,73.62842559814453,True
ml_argmin_baseline,0,100,node-b,90797.46762413348,66.75982475280762,True
ml_argmin_baseline,0,100,node-b,163002.51180109844,371.7608451843262,True
ml_argmin_baseline,0,100,node-b,282282.21501428407,631.4034461975098,True
ml_argmin_baseline,0,100,node-b,53125.09080303521,436.1841678619385,True
ml_argmin_baseline,0,100,node-b,225843.66455912453,962.4364376068115,True
ml_argmin_baseline,0,100,node-b,153235.00031915866,936.439037322998,True
ml_argmin_baseline,0,100,node-b,193505.6457739135,994.8198795318604,True
ml_argmin_baseline,0,100,node-a,115807.43281065712,94.22612190246582,True
ml_argmin_baseline,0,100,node-c,73332.99693435946,67.40784645080566,True
ml_argmin_baseline,0,100,node-c,95786.70139247547,125.49734115600586,True
ml_argmin_baseline,0,100,node-c,66594.0323326915,157.35483169555664,True
ml_argmin_baseline,0,100,node-c,45908.707262226526,444.36025619506836,True
ml_argmin_baseline,0,100,node-c,101850.12078344534,507.5955390930176,True
ml_argmin_baseline,0,100,node-c,120545.29388094634,705.0955295562744,True
ml_argmin_baseline,0,100,node-c,92007.4256445915,526.0169506072998,True
ml_argmin_baseline,0,100,node-c,116434.89290405065,662.3733043670654,True
ml_argmin_baseline,0,100,node-c,48842.54998117737,655.6541919708252,True
ml_argmin_baseline,0,100,node-b,179559.7859977024,379.6224594116211,True
ml_argmin_baseline,0,100,node-c,97830.21830280426,567.9357051849365,True
ml_argmin_baseline,0,100,node-c,108067.9065821601,538.7866497039795,True
ml_argmin_baseline,0,100,node-b,151428.7529094118,430.5562973022461,True
ml_argmin_baseline,0,100,node-b,79864.73731937878,359.4694137573242,True
ml_argmin_baseline,0,100,node-b,387559.4803070077,814.1155242919922,True
ml_argmin_baseline,0,100,node-b,197705.7938449413,663.4228229522705,True
ml_argmin_baseline,0,100,node-a,196053.56852110624,199.54872131347656,True
ml_argmin_baseline,0,100,node-a,114226.61479002766,236.16361618041992,True
ml_argmin_baseline,0,100,node-a,74217.1669874148,206.68387413024902,True
ml_argmin_baseline,0,100,node-a,136003.17175550567,193.5868263244629,True
ml_argmin_baseline,0,100,node-c,73560.78761788254,58.04753303527832,True
ml_argmin_baseline,0,100,node-c,119002.65657062519,150.1634120941162,True
ml_argmin_baseline,0,100,node-a,119101.34581365707,125.6251335144043,True
ml_argmin_baseline,0,100,node-a,196406.98992723005,177.28495597839355,True
ml_argmin_baseline,0,100,node-b,132026.68022794314,145.31993865966797,True
ml_argmin_baseline,0,100,node-b,114109.37240826542,162.78505325317383,True
ml_argmin_baseline,0,100,node-a,211907.7028255032,141.74747467041016,True
ml_argmin_baseline,0,100,node-c,99936.86922155158,125.9298324584961,True
ml_softmax_propuesto,0,100,node-b,59365.71785210792,56.62679672241211,True
ml_softmax_propuesto,0,100,node-b,122409.21386818339,151.78418159484863,True
ml_softmax_propuesto,0,100,node-b,156478.52457394963,397.4132537841797,True
ml_softmax_propuesto,0,100,node-a,139000.64385027572,104.56418991088867,True
ml_softmax_propuesto,0,100,node-c,65483.64535056747,67.95835494995117,True
ml_softmax_propuesto,0,100,node-a,180909.34972915906,151.57008171081543,True
ml_softmax_propuesto,0,100,node-b,150388.1431301546,319.9174404144287,True
ml_softmax_propuesto,0,100,node-c,150652.8932241445,140.58876037597656,True
ml_softmax_propuesto,0,100,node-a,153703.13452342668,186.67864799499512,True
ml_softmax_propuesto,0,100,node-a,183950.25392795957,211.03858947753906,True
ml_softmax_propuesto,0,100,node-c,325049.6502460338,624.1509914398193,True
ml_softmax_propuesto,0,100,node-c,78002.83572055714,300.11987686157227,True
ml_softmax_propuesto,0,100,node-b,108429.19012236646,91.77112579345703,True
ml_softmax_propuesto,0,100,node-a,254578.46121153128,220.1559543609619,True
ml_softmax_propuesto,0,100,node-a,54244.51111143137,97.58496284484863,True
ml_softmax_propuesto,0,100,node-b,124621.23001912204,124.60732460021973,True
ml_softmax_propuesto,0,100,node-b,75033.36526329655,64.56398963928223,True
ml_softmax_propuesto,0,100,node-b,104855.2510654275,113.9383316040039,True
ml_softmax_propuesto,0,100,node-a,134272.10371805058,156.26192092895508,True
ml_softmax_propuesto,0,100,node-a,40323.76650503087,133.91709327697754,True
ml_softmax_propuesto,0,100,node-a,64473.3914965601,129.50730323791504,True
ml_softmax_propuesto,0,100,node-c,52444.53848978454,53.30038070678711,True
ml_softmax_propuesto,0,100,node-b,94343.65203631423,67.68465042114258,True
ml_softmax_propuesto,0,100,node-b,75043.51912865917,92.52047538757324,True
ml_softmax_propuesto,0,100,node-c,225889.20432468707,385.5009078979492,True
ml_softmax_propuesto,0,100,node-a,78328.06512621902,69.65017318725586,True
ml_softmax_propuesto,0,100,node-a,249468.8322533822,166.6853427886963,True
ml_softmax_propuesto,0,100,node-c,86432.79256557468,394.14167404174805,True
ml_softmax_propuesto,0,100,node-b,121291.47136094447,98.02889823913574,True
ml_softmax_propuesto,0,100,node-b,108030.3107483734,114.01057243347168,True
ml_softmax_propuesto,0,100,node-a,106511.28073218824,132.56454467773438,True
ml_softmax_propuesto,0,100,node-c,60274.114840917595,235.22400856018066,True
ml_softmax_propuesto,0,100,node-a,125191.95888825034,209.0432643890381,True
ml_softmax_propuesto,0,100,node-a,128308.49957184064,251.5273094177246,True
ml_softmax_propuesto,0,100,node-b,119272.34596676857,84.44690704345703,True
ml_softmax_propuesto,0,100,node-a,144488.16194812447,244.05837059020996,True
ml_softmax_propuesto,0,100,node-a,70306.83143249992,134.9353790283203,True
ml_softmax_propuesto,0,100,node-b,91259.04766284446,58.2728385925293,True
ml_softmax_propuesto,0,100,node-a,76074.292098516,71.11954689025879,True
ml_softmax_propuesto,0,100,node-c,45168.799870009134,49.002885818481445,True
ml_softmax_propuesto,0,100,node-a,127263.52075042267,196.40445709228516,True
ml_softmax_propuesto,0,100,node-a,77072.562336656,133.6081027984619,True
ml_softmax_propuesto,0,100,node-a,101863.27667151856,216.4437770843506,True
ml_softmax_propuesto,0,100,node-a,326155.9567046713,661.2520217895508,True
ml_softmax_propuesto,0,100,node-c,118824.4278300867,181.39910697937012,True
ml_softmax_propuesto,0,100,node-a,111742.78781627354,250.71048736572266,True
ml_softmax_propuesto,0,100,node-a,181175.2208349572,491.53733253479004,True
ml_softmax_propuesto,0,100,node-b,197486.19821283003,234.9100112915039,True
ml_softmax_propuesto,0,100,node-b,262155.5661098793,670.0990200042725,True
ml_softmax_propuesto,0,100,node-b,81593.5125830949,253.59654426574707,True
ml_softmax_propuesto,0,100,node-b,259942.17794081423,722.0413684844971,True
ml_softmax_propuesto,0,100,node-a,99167.74832210605,249.41253662109375,True
ml_softmax_propuesto,0,100,node-b,59345.62162867406,520.6191539764404,True
ml_softmax_propuesto,0,100,node-b,66556.1588062736,561.0170364379883,True
ml_softmax_propuesto,0,100,node-a,184272.41550944114,375.58507919311523,True
ml_softmax_propuesto,0,100,node-a,155052.30698975755,367.0809268951416,True
ml_softmax_propuesto,0,100,node-b,201090.22079884104,452.5773525238037,True
ml_softmax_propuesto,0,100,node-c,66791.74609544923,90.0418758392334,True
ml_softmax_propuesto,0,100,node-a,89353.17416777696,92.82112121582031,True
ml_softmax_propuesto,0,100,node-c,58185.32558657927,146.28958702087402,True
ml_softmax_propuesto,0,100,node-c,39436.77960064572,110.89777946472168,True
ml_softmax_propuesto,0,100,node-c,104947.47689378702,358.56008529663086,True
ml_softmax_propuesto,0,100,node-a,233653.45473900434,328.6159038543701,True
ml_softmax_propuesto,0,100,node-a,184663.51023113355,263.1990909576416,True
ml_softmax_propuesto,0,100,node-c,71801.05046912373,201.97033882141113,True
ml_softmax_propuesto,0,100,node-a,189848.54713393707,372.12085723876953,True
ml_softmax_propuesto,0,100,node-a,79368.58392207295,189.5437240600586,True
ml_softmax_propuesto,0,100,node-a,123785.18063883237,270.73097229003906,True
ml_softmax_propuesto,0,100,node-a,160130.0562851327,187.25347518920898,True
ml_softmax_propuesto,0,100,node-a,86375.05587007954,62.460899353027344,True
ml_softmax_propuesto,0,100,node-b,68045.25691269501,64.60309028625488,True
ml_softmax_propuesto,0,100,node-a,146539.9472165313,109.80558395385742,True
ml_softmax_propuesto,0,100,node-a,96920.41751622132,98.65164756774902,True
ml_softmax_propuesto,0,100,node-a,80364.60263053267,168.56932640075684,True
ml_softmax_propuesto,0,100,node-a,145421.989367046,179.31079864501953,True
ml_softmax_propuesto,0,100,node-a,95107.36417434429,103.80673408508301,True
ml_softmax_propuesto,0,100,node-c,128242.71057618788,156.97860717773438,True
ml_softmax_propuesto,0,100,node-a,65345.41721633388,56.75005912780762,True
ml_softmax_propuesto,0,100,node-a,152095.00444021742,114.33172225952148,True
ml_softmax_propuesto,0,100,node-a,65967.29277942743,53.77316474914551,True
ml_softmax_propuesto,0,100,node-a,87327.52698490731,77.17418670654297,True
ml_softmax_propuesto,0,100,node-c,41540.64066249205,55.4502010345459,True
ml_softmax_propuesto,0,100,node-a,189044.32582979565,171.62346839904785,True
ml_softmax_propuesto,0,100,node-a,110975.30292721748,202.53300666809082,True
ml_softmax_propuesto,0,100,node-a,133470.01242885552,138.5817527770996,True
ml_softmax_propuesto,0,100,node-c,45205.59582873863,44.150352478027344,True
ml_softmax_propuesto,0,100,node-a,114349.91991053856,101.91488265991211,True
ml_softmax_propuesto,0,100,node-c,86947.28377265469,71.59113883972168,True
ml_softmax_propuesto,0,100,node-a,192675.40673840194,158.4007740020752,True
ml_softmax_propuesto,0,100,node-b,48290.75559363232,33.22601318359375,True
ml_softmax_propuesto,0,100,node-a,126333.02853839283,125.42963027954102,True
ml_softmax_propuesto,0,100,node-a,179518.87600067654,177.5352954864502,True
ml_softmax_propuesto,0,100,node-c,58342.55327205288,53.2376766204834,True
ml_softmax_propuesto,0,100,node-c,111838.25313886104,146.63219451904297,True
ml_softmax_propuesto,0,100,node-a,61578.92725097443,59.808969497680664,True
ml_softmax_propuesto,0,100,node-a,108211.16434993154,125.22482872009277,True
ml_softmax_propuesto,0,100,node-a,125093.85737087793,198.23670387268066,True
ml_softmax_propuesto,0,100,node-a,204581.54942377322,388.9503479003906,True
ml_softmax_propuesto,0,100,node-a,115188.80772544813,320.87182998657227,True
ml_softmax_propuesto,0,100,node-c,75014.0409495481,59.54241752624512,True
ml_softmax_propuesto,0,100,node-a,141237.014196236,309.9703788757324,True
ml_softmax_propuesto,0,100,node-a,106035.1368611703,289.104700088501,True
ml_softmax_propuesto,0,100,node-a,181739.62365468947,648.0922698974609,True
ml_softmax_propuesto,0,100,node-b,78257.97330999827,49.42798614501953,True
ml_softmax_propuesto,0,100,node-a,206611.6053601698,448.43459129333496,True
ml_softmax_propuesto,0,100,node-a,115231.62988696672,279.7577381134033,True
ml_softmax_propuesto,0,100,node-a,119560.42344590115,244.38953399658203,True
ml_softmax_propuesto,0,100,node-b,174931.38408482197,136.3992691040039,True
ml_softmax_propuesto,0,100,node-c,81256.53089432784,93.88971328735352,True
ml_softmax_propuesto,0,100,node-c,82029.80446474088,78.48668098449707,True
ml_softmax_propuesto,0,100,node-a,136524.36329148905,98.43873977661133,True
ml_softmax_propuesto,0,100,node-a,101547.91391172814,88.00530433654785,True
ml_softmax_propuesto,0,100,node-c,108417.85999367281,125.49877166748047,True
ml_softmax_propuesto,0,100,node-a,86490.77378682044,77.56996154785156,True
ml_softmax_propuesto,0,100,node-a,90797.46762413348,74.02467727661133,True
ml_softmax_propuesto,0,100,node-a,163002.51180109844,177.7331829071045,True
ml_softmax_propuesto,0,100,node-a,282282.21501428407,432.1904182434082,True
ml_softmax_propuesto,0,100,node-a,53125.09080303521,116.38092994689941,True
ml_softmax_propuesto,0,100,node-b,225843.66455912453,285.6431007385254,True
ml_softmax_propuesto,0,100,node-a,153235.00031915866,280.53998947143555,True
ml_softmax_propuesto,0,100,node-b,193505.6457739135,335.48545837402344,True
ml_softmax_propuesto,0,100,node-c,115807.43281065712,93.67871284484863,True
ml_softmax_propuesto,0,100,node-a,73332.99693435946,326.6637325286865,True
ml_softmax_propuesto,0,100,node-a,95786.70139247547,248.10338020324707,True
ml_softmax_propuesto,0,100,node-a,66594.0323326915,177.8402328491211,True
ml_softmax_propuesto,0,100,node-a,45908.707262226526,213.59491348266602,True
ml_softmax_propuesto,0,100,node-a,101850.12078344534,234.22622680664062,True
ml_softmax_propuesto,0,100,node-b,120545.29388094634,118.76845359802246,True
ml_softmax_propuesto,0,100,node-c,92007.4256445915,68.5112476348877,True
ml_softmax_propuesto,0,100,node-a,116434.89290405065,96.44532203674316,True
ml_softmax_propuesto,0,100,node-c,48842.54998117737,32.58967399597168,True
ml_softmax_propuesto,0,100,node-a,179559.7859977024,176.92232131958008,True
ml_softmax_propuesto,0,100,node-c,97830.21830280426,79.29515838623047,True
ml_softmax_propuesto,0,100,node-a,108067.9065821601,192.96813011169434,True
ml_softmax_propuesto,0,100,node-a,151428.7529094118,471.2345600128174,True
ml_softmax_propuesto,0,100,node-a,79864.73731937878,227.20861434936523,True
ml_softmax_propuesto,0,100,node-a,387559.4803070077,737.9882335662842,True
ml_softmax_propuesto,0,100,node-a,197705.7938449413,416.16153717041016,True
ml_softmax_propuesto,0,100,node-a,196053.56852110624,595.9727764129639,True
ml_softmax_propuesto,0,100,node-c,114226.61479002766,207.7653408050537,True
ml_softmax_propuesto,0,100,node-c,74217.1669874148,90.87038040161133,True
ml_softmax_propuesto,0,100,node-a,136003.17175550567,458.3094120025635,True
ml_softmax_propuesto,0,100,node-c,73560.78761788254,71.044921875,True
ml_softmax_propuesto,0,100,node-a,119002.65657062519,273.64039421081543,True
ml_softmax_propuesto,0,100,node-b,119101.34581365707,77.03924179077148,True
ml_softmax_propuesto,0,100,node-c,196406.98992723005,360.14795303344727,True
ml_softmax_propuesto,0,100,node-c,132026.68022794314,317.75546073913574,True
ml_softmax_propuesto,0,100,node-a,114109.37240826542,97.36037254333496,True
ml_softmax_propuesto,0,100,node-a,211907.7028255032,216.48216247558594,True
ml_softmax_propuesto,0,100,node-a,99936.86922155158,190.3402805328369,True
round_robin,1,101,node-a,71337.02610211816,68.26186180114746,True
round_robin,1,101,node-b,38289.626152696794,40.04168510437012,True
round_robin,1,101,node-c,143185.73250880683,185.9610080718994,True
round_robin,1,101,node-a,153644.1182592872,113.33322525024414,True
round_robin,1,101,node-b,90708.25278095026,81.82024955749512,True
round_robin,1,101,node-c,127249.8439692231,184.6003532409668,True
round_robin,1,101,node-a,249058.7689562148,165.05932807922363,True
round_robin,1,101,node-b,179988.08654072252,132.5850486755371,True
round_robin,1,101,node-c,150853.81467967678,250.54335594177246,True
round_robin,1,101,node-a,149361.036233597,108.79254341125488,True
round_robin,1,101,node-b,68765.90229480942,64.27764892578125,True
round_robin,1,101,node-c,171485.73899816727,443.8488483428955,True
round_robin,1,101,node-a,46444.60606006328,54.94546890258789,True
round_robin,1,101,node-b,89697.76356764714,79.82778549194336,True
round_robin,1,101,node-c,85101.5136646663,125.03409385681152,True
round_robin,1,101,node-a,44622.24001835965,49.585819244384766,True
round_robin,1,101,node-b,100215.44307512206,86.27605438232422,True
round_robin,1,101,node-c,240860.8259746452,449.65195655822754,True
round_robin,1,101,node-a,89338.10226394226,81.87413215637207,True
round_robin,1,101,node-b,57898.41866104634,49.77822303771973,True
round_robin,1,101,node-c,101186.45292637295,320.0066089630127,True
round_robin,1,101,node-a,162301.20532737233,115.27228355407715,True
round_robin,1,101,node-b,116640.99521718692,71.74301147460938,True
round_robin,1,101,node-c,105758.57314298883,129.3027400970459,True
round_robin,1,101,node-a,52346.26633545081,56.6253662109375,True
round_robin,1,101,node-b,136046.89112710848,120.19610404968262,True
round_robin,1,101,node-c,135011.13900380858,136.8546485900879,True
round_robin,1,101,node-a,207084.06990892562,144.9437141418457,True
round_robin,1,101,node-b,222965.79623688283,173.17700386047363,True
round_robin,1,101,node-c,149423.30226106246,159.57307815551758,True
round_robin,1,101,node-a,46585.219009951106,52.01864242553711,True
round_robin,1,101,node-b,51665.74511842118,57.47270584106445,True
round_robin,1,101,node-c,61160.558650263396,64.13578987121582,True
round_robin,1,101,node-a,122725.99919778835,87.05329895019531,True
round_robin,1,101,node-b,71440.76835462142,66.20931625366211,True
round_robin,1,101,node-c,203824.7535290997,353.9719581604004,True
round_robin,1,101,node-a,119631.88143224822,97.7637767791748,True
round_robin,1,101,node-b,127087.45107526789,111.40847206115723,True
round_robin,1,101,node-c,154122.20013752673,670.8285808563232,True
round_robin,1,101,node-a,125538.90286134837,95.62945365905762,True
round_robin,1,101,node-b,52311.08184161421,120.9561824798584,True
round_robin,1,101,node-c,360847.8252432194,2493.3457374572754,True
round_robin,1,101,node-a,220078.91698824317,199.92685317993164,True
round_robin,1,101,node-b,226797.1665120448,267.20142364501953,True
round_robin,1,101,node-c,72875.34846056247,606.0364246368408,True
round_robin,1,101,node-a,42045.10013536569,98.08778762817383,True
round_robin,1,101,node-b,49857.771735413204,142.76862144470215,True
round_robin,1,101,node-c,62537.1097035767,753.1652450561523,True
round_robin,1,101,node-a,164607.10883629252,124.17268753051758,True
round_robin,1,101,node-b,166110.20409666884,150.79188346862793,True
round_robin,1,101,node-c,219573.75725842072,1589.9558067321777,True
round_robin,1,101,node-a,309116.0339363047,306.20884895324707,True
round_robin,1,101,node-b,137406.75575509138,111.29403114318848,True
round_robin,1,101,node-c,126440.60285030847,868.8771724700928,True
round_robin,1,101,node-a,88322.1191872169,172.14512825012207,True
round_robin,1,101,node-b,89501.94844416292,75.65498352050781,True
round_robin,1,101,node-c,59358.770642848685,844.3760871887207,True
round_robin,1,101,node-a,136714.089361915,138.66686820983887,True
round_robin,1,101,node-b,124160.77057959235,153.39159965515137,True
round_robin,1,101,node-c,86478.2208588054,1430.572748184204,True
round_robin,1,101,node-a,70611.9210578951,66.26653671264648,True
round_robin,1,101,node-b,133082.26315218981,205.1072120666504,True
round_robin,1,101,node-c,203480.82515938688,1455.1241397857666,True
round_robin,1,101,node-a,110304.06753472233,87.12887763977051,True
round_robin,1,101,node-b,122043.34454341652,104.99000549316406,True
round_robin,1,101,node-c,80512.18370784409,926.8290996551514,True
round_robin,1,101,node-a,93525.00351492318,70.3895092010498,True
round_robin,1,101,node-b,90399.67103025079,78.75728607177734,True
round_robin,1,101,node-c,91831.2286275744,715.7394886016846,True
round_robin,1,101,node-a,78560.52551038394,70.26052474975586,True
round_robin,1,101,node-b,129112.41149684868,129.22954559326172,True
round_robin,1,101,node-c,202827.60668173173,1040.5590534210205,True
round_robin,1,101,node-a,65950.46857179224,56.581974029541016,True
round_robin,1,101,node-b,213171.09574317324,176.70392990112305,True
round_robin,1,101,node-c,86573.2192667832,606.5702438354492,True
round_robin,1,101,node-a,88141.84141958666,69.57650184631348,True
round_robin,1,101,node-b,36026.64477263083,44.5711612701416,True
round_robin,1,101,node-c,31555.689053184116,220.9181785583496,True
round_robin,1,101,node-a,152970.22027611302,110.46266555786133,True
round_robin,1,101,node-b,61371.77489442243,50.69398880004883,True
round_robin,1,101,node-c,158403.55185553417,475.6619930267334,True
round_robin,1,101,node-a,108614.47438486008,93.76025199890137,True
round_robin,1,101,node-b,120028.39202338421,108.11734199523926,True
round_robin,1,101,node-c,206261.36470498107,720.198392868042,True
round_robin,1,101,node-a,102136.91363213092,86.03096008300781,True
round_robin,1,101,node-b,20685.58186520086,17.22431182861328,True
round_robin,1,101,node-c,44397.31754519524,229.8126220703125,True
round_robin,1,101,node-a,172226.03352244818,119.68350410461426,True
round_robin,1,101,node-b,287387.6153406189,247.67804145812988,True
round_robin,1,101,node-c,100938.98316033807,254.93955612182617,True
round_robin,1,101,node-a,74544.20049596413,73.60029220581055,True
round_robin,1,101,node-b,52793.2900682055,59.23271179199219,True
round_robin,1,101,node-c,139145.29906386824,225.68511962890625,True
round_robin,1,101,node-a,43101.08829547296,47.32108116149902,True
round_robin,1,101,node-b,56802.83260316087,51.35083198547363,True
round_robin,1,101,node-c,113347.49305489092,318.29357147216797,True
round_robin,1,101,node-a,111436.94574421275,82.79633522033691,True
round_robin,1,101,node-b,93045.12525090465,77.79860496520996,True
round_robin,1,101,node-c,180221.26434586343,529.2856693267822,True
round_robin,1,101,node-a,56871.043989617196,49.573421478271484,True
round_robin,1,101,node-b,58386.06560866866,56.44679069519043,True
round_robin,1,101,node-c,85911.06323002464,328.01079750061035,True
round_robin,1,101,node-a,109405.63484684922,83.87207984924316,True
round_robin,1,101,node-b,89443.6441920707,66.29681587219238,True
round_robin,1,101,node-c,286815.3056920535,1201.8702030181885,True
round_robin,1,101,node-a,78300.52269734525,50.5375862121582,True
round_robin,1,101,node-b,145498.23327618663,112.34402656555176,True
round_robin,1,101,node-c,78987.72574188143,393.2783603668213,True
round_robin,1,101,node-a,124317.91605020069,94.05922889709473,True
round_robin,1,101,node-b,84863.73107114207,72.10707664489746,True
round_robin,1,101,node-c,87006.12588794489,647.2992897033691,True
round_robin,1,101,node-a,238488.73257594564,164.56007957458496,True
round_robin,1,101,node-b,89476.62073391427,80.09839057922363,True
round_robin,1,101,node-c,249899.926589761,1464.8091793060303,True
round_robin,1,101,node-a,73165.78910845732,59.995174407958984,True
round_robin,1,101,node-b,83771.58151613602,67.68393516540527,True
round_robin,1,101,node-c,184419.60809047244,859.2846393585205,True
round_robin,1,101,node-a,30650.849486798666,22.68052101135254,True
round_robin,1,101,node-b,45858.67167470119,46.76008224487305,True
round_robin,1,101,node-c,106855.45427459953,765.5982971191406,True
round_robin,1,101,node-a,134416.47781970297,103.0435562133789,True
round_robin,1,101,node-b,141023.8417638939,132.5397491455078,True
round_robin,1,101,node-c,89969.96443626386,809.7324371337891,True
round_robin,1,101,node-a,51410.77172384908,56.441545486450195,True
round_robin,1,101,node-b,160727.7364489441,122.49279022216797,True
round_robin,1,101,node-c,132378.26319237088,1029.9625396728516,True
round_robin,1,101,node-a,59848.41351690242,63.22169303894043,True
round_robin,1,101,node-b,110561.46689412795,79.77485656738281,True
round_robin,1,101,node-c,263252.9849035034,1479.3155193328857,True
round_robin,1,101,node-a,112664.37875405035,93.00708770751953,True
round_robin,1,101,node-b,58030.21510829935,60.55712699890137,True
round_robin,1,101,node-c,85282.51791164982,420.44591903686523,True
round_robin,1,101,node-a,87820.84562020449,74.34701919555664,True
round_robin,1,101,node-b,125760.47868990441,101.85623168945312,True
round_robin,1,101,node-c,167225.63680659392,1359.593391418457,True
round_robin,1,101,node-a,65851.43272713786,54.808616638183594,True
round_robin,1,101,node-b,76015.09717575625,136.10434532165527,True
round_robin,1,101,node-c,177300.87766115135,1143.9039707183838,True
round_robin,1,101,node-a,153884.2752857791,180.72819709777832,True
round_robin,1,101,node-b,210379.48656452788,194.42033767700195,True
round_robin,1,101,node-c,50373.63927141192,474.2422103881836,True
round_robin,1,101,node-a,65043.703647263974,55.18794059753418,True
round_robin,1,101,node-b,176139.69050525478,119.8580265045166,True
round_robin,1,101,node-c,65236.23326622842,569.6473121643066,True
round_robin,1,101,node-a,124649.5914682133,103.22284698486328,True
round_robin,1,101,node-b,102835.16247875444,81.93349838256836,True
round_robin,1,101,node-c,72328.73141930785,680.715799331665,True
round_robin,1,101,node-a,222729.73118377881,155.2412509918213,True
round_robin,1,101,node-b,104926.46349724365,90.57211875915527,True
round_robin,1,101,node-c,81679.49059313134,570.5728530883789,True
weighted_round_robin,1,101,node-a,71337.02610211816,73.06146621704102,True
weighted_round_robin,1,101,node-b,38289.626152696794,40.57431221008301,True
weighted_round_robin,1,101,node-c,143185.73250880683,156.70299530029297,True
weighted_round_robin,1,101,node-a,153644.1182592872,163.68532180786133,True
weighted_round_robin,1,101,node-b,90708.25278095026,80.66153526306152,True
weighted_round_robin,1,101,node-a,127249.8439692231,138.8096809387207,True
weighted_round_robin,1,101,node-c,249058.7689562148,319.321870803833,True
weighted_round_robin,1,101,node-a,179988.08654072252,131.3304901123047,True
weighted_round_robin,1,101,node-b,150853.81467967678,116.95241928100586,True
weighted_round_robin,1,101,node-a,149361.036233597,104.83312606811523,True
weighted_round_robin,1,101,node-b,68765.90229480942,109.44080352783203,True
weighted_round_robin,1,101,node-c,171485.73899816727,212.0802402496338,True
weighted_round_robin,1,101,node-a,46444.60606006328,41.66531562805176,True
weighted_round_robin,1,101,node-b,89697.76356764714,77.32439041137695,True
weighted_round_robin,1,101,node-a,85101.5136646663,72.21817970275879,True
weighted_round_robin,1,101,node-c,44622.24001835965,46.58246040344238,True
weighted_round_robin,1,101,node-a,100215.44307512206,83.51564407348633,True
weighted_round_robin,1,101,node-b,240860.8259746452,280.2705764770508,True
weighted_round_robin,1,101,node-a,89338.10226394226,77.03733444213867,True
weighted_round_robin,1,101,node-c,57898.41866104634,60.96339225769043,True
weighted_round_robin,1,101,node-b,101186.45292637295,175.11963844299316,True
weighted_round_robin,1,101,node-a,162301.20532737233,115.01717567443848,True
weighted_round_robin,1,101,node-a,116640.99521718692,83.4360122680664,True
weighted_round_robin,1,101,node-b,105758.57314298883,84.72514152526855,True
weighted_round_robin,1,101,node-c,52346.26633545081,46.590566635131836,True
weighted_round_robin,1,101,node-a,136046.89112710848,104.50291633605957,True
weighted_round_robin,1,101,node-b,135011.13900380858,93.71781349182129,True
weighted_round_robin,1,101,node-a,207084.06990892562,141.91865921020508,True
weighted_round_robin,1,101,node-c,222965.79623688283,221.0712432861328,True
weighted_round_robin,1,101,node-a,149423.30226106246,115.54384231567383,True
weighted_round_robin,1,101,node-b,46585.219009951106,49.85833168029785,True
weighted_round_robin,1,101,node-a,51665.74511842118,54.79907989501953,True
weighted_round_robin,1,101,node-b,61160.558650263396,59.9672794342041,True
weighted_round_robin,1,101,node-c,122725.99919778835,123.32582473754883,True
weighted_round_robin,1,101,node-a,71440.76835462142,67.74163246154785,True
weighted_round_robin,1,101,node-b,203824.7535290997,141.19362831115723,True
weighted_round_robin,1,101,node-a,119631.88143224822,122.36738204956055,True
weighted_round_robin,1,101,node-c,127087.45107526789,137.3770236968994,True
weighted_round_robin,1,101,node-a,154122.20013752673,180.50384521484375,True
weighted_round_robin,1,101,node-b,125538.90286134837,116.76692962646484,True
weighted_round_robin,1,101,node-a,52311.08184161421,144.6385383605957,True
weighted_round_robin,1,101,node-c,360847.8252432194,946.0644721984863,True
weighted_round_robin,1,101,node-b,220078.91698824317,298.6886501312256,True
weighted_round_robin,1,101,node-a,226797.1665120448,312.6964569091797,True
weighted_round_robin,1,101,node-a,72875.34846056247,135.24174690246582,True
weighted_round_robin,1,101,node-b,42045.10013536569,122.94960021972656,True
weighted_round_robin,1,101,node-c,49857.771735413204,147.13501930236816,True
weighted_round_robin,1,101,node-a,62537.1097035767,120.06735801696777,True
weighted_round_robin,1,101,node-b,164607.10883629252,151.1218547821045,True
weighted_round_robin,1,101,node-a,166110.20409666884,118.41297149658203,True
weighted_round_robin,1,101,node-c,219573.75725842072,740.1537895202637,True
weighted_round_robin,1,101,node-a,309116.0339363047,297.4276542663574,True
weighted_round_robin,1,101,node-b,137406.75575509138,136.31772994995117,True
weighted_round_robin,1,101,node-a,126440.60285030847,205.83033561706543,True
weighted_round_robin,1,101,node-b,88322.1191872169,67.01827049255371,True
weighted_round_robin,1,101,node-c,89501.94844416292,442.9147243499756,True
weighted_round_robin,1,101,node-a,59358.770642848685,70.93024253845215,True
weighted_round_robin,1,101,node-b,136714.089361915,104.75587844848633,True
weighted_round_robin,1,101,node-a,124160.77057959235,141.87884330749512,True
weighted_round_robin,1,101,node-c,86478.2208588054,368.09229850769043,True
weighted_round_robin,1,101,node-a,70611.9210578951,133.48031044006348,True
weighted_round_robin,1,101,node-b,133082.26315218981,93.83082389831543,True
weighted_round_robin,1,101,node-a,203480.82515938688,193.92752647399902,True
weighted_round_robin,1,101,node-c,110304.06753472233,270.3566551208496,True
weighted_round_robin,1,101,node-b,122043.34454341652,88.83452415466309,True
weighted_round_robin,1,101,node-a,80512.18370784409,81.09521865844727,True
weighted_round_robin,1,101,node-a,93525.00351492318,104.82072830200195,True
weighted_round_robin,1,101,node-b,90399.67103025079,69.57888603210449,True
weighted_round_robin,1,101,node-c,91831.2286275744,61.25617027282715,True
weighted_round_robin,1,101,node-a,78560.52551038394,67.19279289245605,True
weighted_round_robin,1,101,node-b,129112.41149684868,101.07111930847168,True
weighted_round_robin,1,101,node-a,202827.60668173173,145.96867561340332,True
weighted_round_robin,1,101,node-c,65950.46857179224,53.763389587402344,True
weighted_round_robin,1,101,node-a,213171.09574317324,147.25518226623535,True
weighted_round_robin,1,101,node-b,86573.2192667832,75.90103149414062,True
weighted_round_robin,1,101,node-a,88141.84141958666,73.83871078491211,True
weighted_round_robin,1,101,node-b,36026.64477263083,46.12374305725098,True
weighted_round_robin,1,101,node-c,31555.689053184116,46.202898025512695,True
weighted_round_robin,1,101,node-a,152970.22027611302,115.53263664245605,True
weighted_round_robin,1,101,node-b,61371.77489442243,57.25240707397461,True
weighted_round_robin,1,101,node-a,158403.55185553417,256.4740180969238,True
weighted_round_robin,1,101,node-c,108614.47438486008,100.53658485412598,True
weighted_round_robin,1,101,node-a,120028.39202338421,234.57622528076172,True
weighted_round_robin,1,101,node-b,206261.36470498107,166.93544387817383,True
weighted_round_robin,1,101,node-a,102136.91363213092,150.27427673339844,True
weighted_round_robin,1,101,node-c,20685.58186520086,28.857707977294922,True
weighted_round_robin,1,101,node-b,44397.31754519524,53.99942398071289,True
weighted_round_robin,1,101,node-a,172226.03352244818,216.7677879333496,True
weighted_round_robin,1,101,node-a,287387.6153406189,306.7643642425537,True
weighted_round_robin,1,101,node-b,100938.98316033807,78.98187637329102,True
weighted_round_robin,1,101,node-c,74544.20049596413,66.29228591918945,True
weighted_round_robin,1,101,node-a,52793.2900682055,56.87546730041504,True
weighted_round_robin,1,101,node-b,139145.29906386824,138.40627670288086,True
weighted_round_robin,1,101,node-a,43101.08829547296,52.124738693237305,True
weighted_round_robin,1,101,node-c,56802.83260316087,52.72507667541504,True
weighted_round_robin,1,101,node-a,113347.49305489092,82.6425552368164,True
weighted_round_robin,1,101,node-b,111436.94574421275,91.58992767333984,True
weighted_round_robin,1,101,node-a,93045.12525090465,77.93235778808594,True
weighted_round_robin,1,101,node-b,180221.26434586343,283.6580276489258,True
weighted_round_robin,1,101,node-c,56871.043989617196,51.28073692321777,True
weighted_round_robin,1,101,node-a,58386.06560866866,60.248613357543945,True
weighted_round_robin,1,101,node-b,85911.06323002464,181.69116973876953,True
weighted_round_robin,1,101,node-a,109405.63484684922,98.1760025024414,True
weighted_round_robin,1,101,node-c,89443.6441920707,117.79928207397461,True
weighted_round_robin,1,101,node-a,286815.3056920535,274.2140293121338,True
weighted_round_robin,1,101,node-b,78300.52269734525,71.75064086914062,True
weighted_round_robin,1,101,node-a,145498.23327618663,202.58522033691406,True
weighted_round_robin,1,101,node-c,78987.72574188143,109.68804359436035,True
weighted_round_robin,1,101,node-b,124317.91605020069,94.3453311920166,True
weighted_round_robin,1,101,node-a,84863.73107114207,140.0449275970459,True
weighted_round_robin,1,101,node-a,87006.12588794489,134.14239883422852,True
weighted_round_robin,1,101,node-b,238488.73257594564,189.67175483703613,True
weighted_round_robin,1,101,node-c,89476.62073391427,132.6119899749756,True
weighted_round_robin,1,101,node-a,249899.926589761,173.00653457641602,True
weighted_round_robin,1,101,node-b,73165.78910845732,69.90909576416016,True
weighted_round_robin,1,101,node-a,83771.58151613602,74.2180347442627,True
weighted_round_robin,1,101,node-c,184419.60809047244,211.17472648620605,True
weighted_round_robin,1,101,node-a,30650.849486798666,42.8924560546875,True
weighted_round_robin,1,101,node-b,45858.67167470119,52.7491569519043,True
weighted_round_robin,1,101,node-a,106855.45427459953,82.96012878417969,True
weighted_round_robin,1,101,node-b,134416.47781970297,80.10578155517578,True
weighted_round_robin,1,101,node-c,141023.8417638939,196.39921188354492,True
weighted_round_robin,1,101,node-a,89969.96443626386,70.23143768310547,True
weighted_round_robin,1,101,node-b,51410.77172384908,44.293880462646484,True
weighted_round_robin,1,101,node-a,160727.7364489441,114.02225494384766,True
weighted_round_robin,1,101,node-c,132378.26319237088,166.30196571350098,True
weighted_round_robin,1,101,node-a,59848.41351690242,55.57131767272949,True
weighted_round_robin,1,101,node-b,110561.46689412795,84.1825008392334,True
weighted_round_robin,1,101,node-a,263252.9849035034,184.26132202148438,True
weighted_round_robin,1,101,node-c,112664.37875405035,151.95178985595703,True
weighted_round_robin,1,101,node-b,58030.21510829935,50.539493560791016,True
weighted_round_robin,1,101,node-a,85282.51791164982,106.12940788269043,True
weighted_round_robin,1,101,node-a,87820.84562020449,89.385986328125,True
weighted_round_robin,1,101,node-b,125760.47868990441,89.54238891601562,True
weighted_round_robin,1,101,node-c,167225.63680659392,180.30095100402832,True
weighted_round_robin,1,101,node-a,65851.43272713786,57.75856971740723,True
weighted_round_robin,1,101,node-b,76015.09717575625,58.66742134094238,True
weighted_round_robin,1,101,node-a,177300.87766115135,129.5633316040039,True
weighted_round_robin,1,101,node-c,153884.2752857791,190.27280807495117,True
weighted_round_robin,1,101,node-a,210379.48656452788,165.39549827575684,True
weighted_round_robin,1,101,node-b,50373.63927141192,42.524099349975586,True
weighted_round_robin,1,101,node-a,65043.703647263974,59.65709686279297,True
weighted_round_robin,1,101,node-b,176139.69050525478,144.96445655822754,True
weighted_round_robin,1,101,node-c,65236.23326622842,56.04243278503418,True
weighted_round_robin,1,101,node-a,124649.5914682133,94.54846382141113,True
weighted_round_robin,1,101,node-b,102835.16247875444,118.06488037109375,True
weighted_round_robin,1,101,node-a,72328.73141930785,60.665130615234375,True
weighted_round_robin,1,101,node-c,222729.73118377881,269.25134658813477,True
weighted_round_robin,1,101,node-a,104926.46349724365,91.69340133666992,True
weighted_round_robin,1,101,node-b,81679.49059313134,66.83206558227539,True
ml_argmin_baseline,1,101,node-a,71337.02610211816,61.48338317871094,True
ml_argmin_baseline,1,101,node-a,38289.626152696794,50.295114517211914,True
ml_argmin_baseline,1,101,node-a,143185.73250880683,116.96624755859375,True
ml_argmin_baseline,1,101,node-b,153644.1182592872,284.6698760986328,True
ml_argmin_baseline,1,101,node-b,90708.25278095026,234.07459259033203,True
ml_argmin_baseline,1,101,node-b,127249.8439692231,296.6904640197754,True
ml_argmin_baseline,1,101,node-a,249058.7689562148,319.2009925842285,True
ml_argmin_baseline,1,101,node-a,179988.08654072252,277.42695808410645,True
ml_argmin_baseline,1,101,node-a,150853.81467967678,117.18130111694336,True
ml_argmin_baseline,1,101,node-b,149361.036233597,209.6869945526123,True
ml_argmin_baseline,1,101,node-b,68765.90229480942,142.1818733215332,True
ml_argmin_baseline,1,101,node-a,171485.73899816727,137.03536987304688,True
ml_argmin_baseline,1,101,node-a,46444.60606006328,47.66702651977539,True
ml_argmin_baseline,1,101,node-a,89697.76356764714,103.44266891479492,True
ml_argmin_baseline,1,101,node-a,85101.5136646663,136.34181022644043,True
ml_argmin_baseline,1,101,node-a,44622.24001835965,68.88294219970703,True
ml_argmin_baseline,1,101,node-b,100215.44307512206,78.33075523376465,True
ml_argmin_baseline,1,101,node-a,240860.8259746452,188.87042999267578,True
ml_argmin_baseline,1,101,node-a,89338.10226394226,175.0805377960205,True
ml_argmin_baseline,1,101,node-a,57898.41866104634,137.79473304748535,True
ml_argmin_baseline,1,101,node-a,101186.45292637295,255.14841079711914,True
ml_argmin_baseline,1,101,node-a,162301.20532737233,289.45183753967285,True
ml_argmin_baseline,1,101,node-b,116640.99521718692,121.84333801269531,True
ml_argmin_baseline,1,101,node-a,105758.57314298883,82.20124244689941,True
ml_argmin_baseline,1,101,node-a,52346.26633545081,59.32116508483887,True
ml_argmin_baseline,1,101,node-a,136046.89112710848,103.14774513244629,True
ml_argmin_baseline,1,101,node-b,135011.13900380858,106.27341270446777,True
ml_argmin_baseline,1,101,node-a,207084.06990892562,252.0120143890381,True
ml_argmin_baseline,1,101,node-a,222965.79623688283,294.02995109558105,True
ml_argmin_baseline,1,101,node-b,149423.30226106246,188.751220703125,True
ml_argmin_baseline,1,101,node-b,46585.219009951106,77.1791934967041,True
ml_argmin_baseline,1,101,node-b,51665.74511842118,67.37089157104492,True
ml_argmin_baseline,1,101,node-b,61160.558650263396,80.53040504455566,True
ml_argmin_baseline,1,101,node-b,122725.99919778835,125.31185150146484,True
ml_argmin_baseline,1,101,node-a,71440.76835462142,60.01687049865723,True
ml_argmin_baseline,1,101,node-a,203824.7535290997,179.4424057006836,True
ml_argmin_baseline,1,101,node-a,119631.88143224822,197.18456268310547,True
ml_argmin_baseline,1,101,node-b,127087.45107526789,538.2225513458252,True
ml_argmin_baseline,1,101,node-b,154122.20013752673,512.3116970062256,True
ml_argmin_baseline,1,101,node-b,125538.90286134837,458.47034454345703,True
ml_argmin_baseline,1,101,node-b,52311.08184161421,484.94577407836914,True
ml_argmin_baseline,1,101,node-a,360847.8252432194,777.0676612854004,True
ml_argmin_baseline,1,101,node-a,220078.91698824317,806.4184188842773,True
ml_argmin_baseline,1,101,node-a,226797.1665120448,505.7566165924072,True
ml_argmin_baseline,1,101,node-b,72875.34846056247,345.69430351257324,True
ml_argmin_baseline,1,101,node-b,42045.10013536569,353.2280921936035,True
ml_argmin_baseline,1,101,node-b,49857.771735413204,412.4150276184082,True
ml_argmin_baseline,1,101,node-b,62537.1097035767,331.16698265075684,True
ml_argmin_baseline,1,101,node-a,164607.10883629252,1041.2659645080566,True
ml_argmin_baseline,1,101,node-a,166110.20409666884,395.51544189453125,True
ml_argmin_baseline,1,101,node-a,219573.75725842072,1077.700138092041,True
ml_argmin_baseline,1,101,node-a,309116.0339363047,1042.290210723877,True
ml_argmin_baseline,1,101,node-a,137406.75575509138,634.9673271179199,True
ml_argmin_baseline,1,101,node-a,126440.60285030847,598.1869697570801,True
ml_argmin_baseline,1,101,node-a,88322.1191872169,655.8334827423096,True
ml_argmin_baseline,1,101,node-a,89501.94844416292,589.768648147583,True
ml_argmin_baseline,1,101,node-b,59358.770642848685,82.9615592956543,True
ml_argmin_baseline,1,101,node-b,136714.089361915,197.06487655639648,True
ml_argmin_baseline,1,101,node-b,124160.77057959235,682.3484897613525,True
ml_argmin_baseline,1,101,node-b,86478.2208588054,307.2690963745117,True
ml_argmin_baseline,1,101,node-b,70611.9210578951,298.82049560546875,True
ml_argmin_baseline,1,101,node-b,133082.26315218981,630.6900978088379,True
ml_argmin_baseline,1,101,node-a,203480.82515938688,565.3612613677979,True
ml_argmin_baseline,1,101,node-b,110304.06753472233,440.9933090209961,True
ml_argmin_baseline,1,101,node-b,122043.34454341652,390.08259773254395,True
ml_argmin_baseline,1,101,node-c,80512.18370784409,99.1969108581543,True
ml_argmin_baseline,1,101,node-c,93525.00351492318,167.4513816833496,True
ml_argmin_baseline,1,101,node-a,90399.67103025079,91.84741973876953,True
ml_argmin_baseline,1,101,node-a,91831.2286275744,108.29401016235352,True
ml_argmin_baseline,1,101,node-b,78560.52551038394,65.36531448364258,True
ml_argmin_baseline,1,101,node-b,129112.41149684868,135.59651374816895,True
ml_argmin_baseline,1,101,node-b,202827.60668173173,455.4891586303711,True
ml_argmin_baseline,1,101,node-b,65950.46857179224,269.2434787750244,True
ml_argmin_baseline,1,101,node-b,213171.09574317324,431.11681938171387,True
ml_argmin_baseline,1,101,node-a,86573.2192667832,78.99689674377441,True
ml_argmin_baseline,1,101,node-a,88141.84141958666,75.87385177612305,True
ml_argmin_baseline,1,101,node-c,36026.64477263083,48.218488693237305,True
ml_argmin_baseline,1,101,node-c,31555.689053184116,32.538652420043945,True
ml_argmin_baseline,1,101,node-a,152970.22027611302,113.67487907409668,True
ml_argmin_baseline,1,101,node-c,61371.77489442243,55.33194541931152,True
ml_argmin_baseline,1,101,node-b,158403.55185553417,211.3354206085205,True
ml_argmin_baseline,1,101,node-b,108614.47438486008,309.3440532684326,True
ml_argmin_baseline,1,101,node-b,120028.39202338421,395.02882957458496,True
ml_argmin_baseline,1,101,node-b,206261.36470498107,380.02681732177734,True
ml_argmin_baseline,1,101,node-a,102136.91363213092,65.38748741149902,True
ml_argmin_baseline,1,101,node-c,20685.58186520086,27.926921844482422,True
ml_argmin_baseline,1,101,node-c,44397.31754519524,43.77317428588867,True
ml_argmin_baseline,1,101,node-b,172226.03352244818,400.9406566619873,True
ml_argmin_baseline,1,101,node-b,287387.6153406189,521.4648246765137,True
ml_argmin_baseline,1,101,node-a,100938.98316033807,86.60340309143066,True
ml_argmin_baseline,1,101,node-a,74544.20049596413,53.01523208618164,True
ml_argmin_baseline,1,101,node-c,52793.2900682055,59.77511405944824,True
ml_argmin_baseline,1,101,node-b,139145.29906386824,201.3852596282959,True
ml_argmin_baseline,1,101,node-c,43101.08829547296,61.57803535461426,True
ml_argmin_baseline,1,101,node-c,56802.83260316087,59.83376502990723,True
ml_argmin_baseline,1,101,node-a,113347.49305489092,96.01879119873047,True
ml_argmin_baseline,1,101,node-b,111436.94574421275,114.28999900817871,True
ml_argmin_baseline,1,101,node-b,93045.12525090465,226.1061668395996,True
ml_argmin_baseline,1,101,node-b,180221.26434586343,370.30625343322754,True
ml_argmin_baseline,1,101,node-b,56871.043989617196,337.7048969268799,True
ml_argmin_baseline,1,101,node-b,58386.06560866866,476.1843681335449,True
ml_argmin_baseline,1,101,node-b,85911.06323002464,573.6191272735596,True
ml_argmin_baseline,1,101,node-b,109405.63484684922,466.74561500549316,True
ml_argmin_baseline,1,101,node-b,89443.6441920707,538.2959842681885,True
ml_argmin_baseline,1,101,node-a,286815.3056920535,213.1493091583252,True
ml_argmin_baseline,1,101,node-c,78300.52269734525,76.55215263366699,True
ml_argmin_baseline,1,101,node-c,145498.23327618663,670.1829433441162,True
ml_argmin_baseline,1,101,node-c,78987.72574188143,621.3169097900391,True
ml_argmin_baseline,1,101,node-c,124317.91605020069,1017.4877643585205,True
ml_argmin_baseline,1,101,node-c,84863.73107114207,794.5797443389893,True
ml_argmin_baseline,1,101,node-c,87006.12588794489,389.1448974609375,True
ml_argmin_baseline,1,101,node-c,238488.73257594564,1247.8625774383545,True
ml_argmin_baseline,1,101,node-c,89476.62073391427,672.766923904419,True
ml_argmin_baseline,1,101,node-c,249899.926589761,1421.421766281128,True
ml_argmin_baseline,1,101,node-a,73165.78910845732,63.03668022155762,True
ml_argmin_baseline,1,101,node-a,83771.58151613602,89.59531784057617,True
ml_argmin_baseline,1,101,node-a,184419.60809047244,310.5654716491699,True
ml_argmin_baseline,1,101,node-a,30650.849486798666,139.38212394714355,True
ml_argmin_baseline,1,101,node-a,45858.67167470119,158.39266777038574,True
ml_argmin_baseline,1,101,node-a,106855.45427459953,239.64738845825195,True
ml_argmin_baseline,1,101,node-a,134416.47781970297,359.8768711090088,True
ml_argmin_baseline,1,101,node-a,141023.8417638939,365.2005195617676,True
ml_argmin_baseline,1,101,node-a,89969.96443626386,339.7834300994873,True
ml_argmin_baseline,1,101,node-a,51410.77172384908,295.19057273864746,True
ml_argmin_baseline,1,101,node-a,160727.7364489441,462.48722076416016,True
ml_argmin_baseline,1,101,node-a,132378.26319237088,367.0010566711426,True
ml_argmin_baseline,1,101,node-a,59848.41351690242,257.1864128112793,True
ml_argmin_baseline,1,101,node-a,110561.46689412795,204.59866523742676,True
ml_argmin_baseline,1,101,node-b,263252.9849035034,408.6110591888428,True
ml_argmin_baseline,1,101,node-b,112664.37875405035,282.7463150024414,True
ml_argmin_baseline,1,101,node-c,58030.21510829935,54.427385330200195,True
ml_argmin_baseline,1,101,node-c,85282.51791164982,145.13492584228516,True
ml_argmin_baseline,1,101,node-c,87820.84562020449,186.3694190979004,True
ml_argmin_baseline,1,101,node-a,125760.47868990441,161.9415283203125,True
ml_argmin_baseline,1,101,node-a,167225.63680659392,211.9429111480713,True
ml_argmin_baseline,1,101,node-a,65851.43272713786,156.8148136138916,True
ml_argmin_baseline,1,101,node-a,76015.09717575625,124.29499626159668,True
ml_argmin_baseline,1,101,node-b,177300.87766115135,174.35884475708008,True
ml_argmin_baseline,1,101,node-b,153884.2752857791,318.09544563293457,True
ml_argmin_baseline,1,101,node-b,210379.48656452788,396.1801528930664,True
ml_argmin_baseline,1,101,node-c,50373.63927141192,48.97141456604004,True
ml_argmin_baseline,1,101,node-c,65043.703647263974,75.31118392944336,True
ml_argmin_baseline,1,101,node-a,176139.69050525478,203.7498950958252,True
ml_argmin_baseline,1,101,node-c,65236.23326622842,58.93445014953613,True
ml_argmin_baseline,1,101,node-a,124649.5914682133,171.8142032623291,True
ml_argmin_baseline,1,101,node-b,102835.16247875444,80.3368091583252,True
ml_argmin_baseline,1,101,node-c,72328.73141930785,60.52136421203613,True
ml_argmin_baseline,1,101,node-a,222729.73118377881,143.01824569702148,True
ml_argmin_baseline,1,101,node-b,104926.46349724365,91.49050712585449,True
ml_argmin_baseline,1,101,node-c,81679.49059313134,104.16769981384277,True
ml_softmax_propuesto,1,101,node-a,71337.02610211816,70.47796249389648,True
ml_softmax_propuesto,1,101,node-b,38289.626152696794,50.19068717956543,True
ml_softmax_propuesto,1,101,node-c,143185.73250880683,179.67724800109863,True
ml_softmax_propuesto,1,101,node-a,153644.1182592872,111.12546920776367,True
ml_softmax_propuesto,1,101,node-b,90708.25278095026,112.15734481811523,True
ml_softmax_propuesto,1,101,node-b,127249.8439692231,188.1554126739502,True
ml_softmax_propuesto,1,101,node-a,249058.7689562148,180.68218231201172,True
ml_softmax_propuesto,1,101,node-b,179988.08654072252,155.98034858703613,True
ml_softmax_propuesto,1,101,node-b,150853.81467967678,109.41100120544434,True
ml_softmax_propuesto,1,101,node-c,149361.036233597,271.8019485473633,True
ml_softmax_propuesto,1,101,node-c,68765.90229480942,243.22032928466797,True
ml_softmax_propuesto,1,101,node-a,171485.73899816727,131.20055198669434,True
ml_softmax_propuesto,1,101,node-b,46444.60606006328,43.56241226196289,True
ml_softmax_propuesto,1,101,node-c,89697.76356764714,111.55080795288086,True
ml_softmax_propuesto,1,101,node-a,85101.5136646663,76.83348655700684,True
ml_softmax_propuesto,1,101,node-a,44622.24001835965,49.18217658996582,True
ml_softmax_propuesto,1,101,node-c,100215.44307512206,209.7320556640625,True
ml_softmax_propuesto,1,101,node-b,240860.8259746452,207.61537551879883,True
ml_softmax_propuesto,1,101,node-a,89338.10226394226,72.1292495727539,True
ml_softmax_propuesto,1,101,node-a,57898.41866104634,97.02563285827637,True
ml_softmax_propuesto,1,101,node-a,101186.45292637295,194.6706771850586,True
ml_softmax_propuesto,1,101,node-a,162301.20532737233,217.1950340270996,True
ml_softmax_propuesto,1,101,node-c,116640.99521718692,150.3925323486328,True
ml_softmax_propuesto,1,101,node-c,105758.57314298883,219.76566314697266,True
ml_softmax_propuesto,1,101,node-b,52346.26633545081,43.6253547668457,True
ml_softmax_propuesto,1,101,node-b,136046.89112710848,103.75833511352539,True
ml_softmax_propuesto,1,101,node-a,135011.13900380858,91.64023399353027,True
ml_softmax_propuesto,1,101,node-a,207084.06990892562,167.2801971435547,True
ml_softmax_propuesto,1,101,node-c,222965.79623688283,530.7703018188477,True
ml_softmax_propuesto,1,101,node-c,149423.30226106246,427.54149436950684,True
ml_softmax_propuesto,1,101,node-b,46585.219009951106,53.44271659851074,True
ml_softmax_propuesto,1,101,node-a,51665.74511842118,74.33843612670898,True
ml_softmax_propuesto,1,101,node-a,61160.558650263396,84.07831192016602,True
ml_softmax_propuesto,1,101,node-c,122725.99919778835,337.13459968566895,True
ml_softmax_propuesto,1,101,node-a,71440.76835462142,75.33097267150879,True
ml_softmax_propuesto,1,101,node-a,203824.7535290997,313.37809562683105,True
ml_softmax_propuesto,1,101,node-a,119631.88143224822,261.57379150390625,True
ml_softmax_propuesto,1,101,node-a,127087.45107526789,252.5002956390381,True
ml_softmax_propuesto,1,101,node-a,154122.20013752673,456.35080337524414,True
ml_softmax_propuesto,1,101,node-a,125538.90286134837,394.6239948272705,True
ml_softmax_propuesto,1,101,node-b,52311.08184161421,50.99892616271973,True
ml_softmax_propuesto,1,101,node-a,360847.8252432194,1115.9820556640625,True
ml_softmax_propuesto,1,101,node-a,220078.91698824317,703.500509262085,True
ml_softmax_propuesto,1,101,node-a,226797.1665120448,1169.2345142364502,True
ml_softmax_propuesto,1,101,node-a,72875.34846056247,1070.4584121704102,True
ml_softmax_propuesto,1,101,node-a,42045.10013536569,691.8113231658936,True
ml_softmax_propuesto,1,101,node-c,49857.771735413204,47.61528968811035,True
ml_softmax_propuesto,1,101,node-b,62537.1097035767,42.818307876586914,True
ml_softmax_propuesto,1,101,node-a,164607.10883629252,951.5156745910645,True
ml_softmax_propuesto,1,101,node-a,166110.20409666884,714.6124839782715,True
ml_softmax_propuesto,1,101,node-a,219573.75725842072,937.8478527069092,True
ml_softmax_propuesto,1,101,node-a,309116.0339363047,1051.41019821167,True
ml_softmax_propuesto,1,101,node-a,137406.75575509138,973.3648300170898,True
ml_softmax_propuesto,1,101,node-a,126440.60285030847,1198.4715461730957,True
ml_softmax_propuesto,1,101,node-b,88322.1191872169,55.3741455078125,True
ml_softmax_propuesto,1,101,node-c,89501.94844416292,121.16456031799316,True
ml_softmax_propuesto,1,101,node-b,59358.770642848685,52.35147476196289,True
ml_softmax_propuesto,1,101,node-c,136714.089361915,199.15246963500977,True
ml_softmax_propuesto,1,101,node-b,124160.77057959235,92.48781204223633,True
ml_softmax_propuesto,1,101,node-c,86478.2208588054,304.77046966552734,True
ml_softmax_propuesto,1,101,node-c,70611.9210578951,302.0923137664795,True
ml_softmax_propuesto,1,101,node-a,133082.26315218981,944.1068172454834,True
ml_softmax_propuesto,1,101,node-b,203480.82515938688,199.68605041503906,True
ml_softmax_propuesto,1,101,node-a,110304.06753472233,735.4047298431396,True
ml_softmax_propuesto,1,101,node-b,122043.34454341652,95.21007537841797,True
ml_softmax_propuesto,1,101,node-b,80512.18370784409,79.85711097717285,True
ml_softmax_propuesto,1,101,node-a,93525.00351492318,306.8561553955078,True
ml_softmax_propuesto,1,101,node-b,90399.67103025079,87.5236988067627,True
ml_softmax_propuesto,1,101,node-b,91831.2286275744,107.16414451599121,True
ml_softmax_propuesto,1,101,node-b,78560.52551038394,74.9812126159668,True
ml_softmax_propuesto,1,101,node-b,129112.41149684868,98.69670867919922,True
ml_softmax_propuesto,1,101,node-a,202827.60668173173,156.59570693969727,True
ml_softmax_propuesto,1,101,node-c,65950.46857179224,59.543609619140625,True
ml_softmax_propuesto,1,101,node-b,213171.09574317324,244.2173957824707,True
ml_softmax_propuesto,1,101,node-b,86573.2192667832,174.12137985229492,True
ml_softmax_propuesto,1,101,node-b,88141.84141958666,72.72815704345703,True
ml_softmax_propuesto,1,101,node-b,36026.64477263083,49.39532279968262,True
ml_softmax_propuesto,1,101,node-b,31555.689053184116,35.87698936462402,True
ml_softmax_propuesto,1,101,node-a,152970.22027611302,112.45322227478027,True
ml_softmax_propuesto,1,101,node-c,61371.77489442243,52.22892761230469,True
ml_softmax_propuesto,1,101,node-b,158403.55185553417,308.43520164489746,True
ml_softmax_propuesto,1,101,node-b,108614.47438486008,330.4028511047363,True
ml_softmax_propuesto,1,101,node-b,120028.39202338421,684.8545074462891,True
ml_softmax_propuesto,1,101,node-b,206261.36470498107,550.6222248077393,True
ml_softmax_propuesto,1,101,node-b,102136.91363213092,420.5935001373291,True
ml_softmax_propuesto,1,101,node-c,20685.58186520086,25.928258895874023,True
ml_softmax_propuesto,1,101,node-c,44397.31754519524,39.91293907165527,True
ml_softmax_propuesto,1,101,node-a,172226.03352244818,145.47300338745117,True
ml_softmax_propuesto,1,101,node-c,287387.6153406189,813.2967948913574,True
ml_softmax_propuesto,1,101,node-c,100938.98316033807,400.439977645874,True
ml_softmax_propuesto,1,101,node-b,74544.20049596413,78.89127731323242,True
ml_softmax_propuesto,1,101,node-b,52793.2900682055,79.06222343444824,True
ml_softmax_propuesto,1,101,node-c,139145.29906386824,579.1699886322021,True
ml_softmax_propuesto,1,101,node-a,43101.08829547296,51.15652084350586,True
ml_softmax_propuesto,1,101,node-b,56802.83260316087,55.1753044128418,True
ml_softmax_propuesto,1,101,node-a,113347.49305489092,122.11799621582031,True
ml_softmax_propuesto,1,101,node-a,111436.94574421275,181.01215362548828,True
ml_softmax_propuesto,1,101,node-b,93045.12525090465,69.68045234680176,True
ml_softmax_propuesto,1,101,node-a,180221.26434586343,242.0501708984375,True
ml_softmax_propuesto,1,101,node-b,56871.043989617196,50.83179473876953,True
ml_softmax_propuesto,1,101,node-b,58386.06560866866,69.29206848144531,True
ml_softmax_propuesto,1,101,node-a,85911.06323002464,162.50228881835938,True
ml_softmax_propuesto,1,101,node-b,109405.63484684922,215.70491790771484,True
ml_softmax_propuesto,1,101,node-b,89443.6441920707,230.01480102539062,True
ml_softmax_propuesto,1,101,node-a,286815.3056920535,348.15502166748047,True
ml_softmax_propuesto,1,101,node-a,78300.52269734525,144.5932388305664,True
ml_softmax_propuesto,1,101,node-a,145498.23327618663,285.83598136901855,True
ml_softmax_propuesto,1,101,node-b,78987.72574188143,75.77300071716309,True
ml_softmax_propuesto,1,101,node-b,124317.91605020069,190.93823432922363,True
ml_softmax_propuesto,1,101,node-b,84863.73107114207,184.3886375427246,True
ml_softmax_propuesto,1,101,node-c,87006.12588794489,105.79657554626465,True
ml_softmax_propuesto,1,101,node-b,238488.73257594564,573.7025737762451,True
ml_softmax_propuesto,1,101,node-b,89476.62073391427,192.3511028289795,True
ml_softmax_propuesto,1,101,node-b,249899.926589761,555.9892654418945,True
ml_softmax_propuesto,1,101,node-c,73165.78910845732,127.03800201416016,True
ml_softmax_propuesto,1,101,node-a,83771.58151613602,68.21131706237793,True
ml_softmax_propuesto,1,101,node-b,184419.60809047244,409.0759754180908,True
ml_softmax_propuesto,1,101,node-b,30650.849486798666,183.97164344787598,True
ml_softmax_propuesto,1,101,node-a,45858.67167470119,60.56332588195801,True
ml_softmax_propuesto,1,101,node-b,106855.45427459953,279.0181636810303,True
ml_softmax_propuesto,1,101,node-b,134416.47781970297,433.5646629333496,True
ml_softmax_propuesto,1,101,node-a,141023.8417638939,110.86583137512207,True
ml_softmax_propuesto,1,101,node-b,89969.96443626386,369.0147399902344,True
ml_softmax_propuesto,1,101,node-c,51410.77172384908,56.8845272064209,True
ml_softmax_propuesto,1,101,node-c,160727.7364489441,499.1128444671631,True
ml_softmax_propuesto,1,101,node-c,132378.26319237088,479.60472106933594,True
ml_softmax_propuesto,1,101,node-b,59848.41351690242,87.49079704284668,True
ml_softmax_propuesto,1,101,node-a,110561.46689412795,94.27165985107422,True
ml_softmax_propuesto,1,101,node-b,263252.9849035034,352.5962829589844,True
ml_softmax_propuesto,1,101,node-b,112664.37875405035,292.07897186279297,True
ml_softmax_propuesto,1,101,node-c,58030.21510829935,53.60126495361328,True
ml_softmax_propuesto,1,101,node-a,85282.51791164982,76.07007026672363,True
ml_softmax_propuesto,1,101,node-c,87820.84562020449,93.11461448669434,True
ml_softmax_propuesto,1,101,node-b,125760.47868990441,357.39779472351074,True
ml_softmax_propuesto,1,101,node-b,167225.63680659392,387.80903816223145,True
ml_softmax_propuesto,1,101,node-a,65851.43272713786,58.991432189941406,True
ml_softmax_propuesto,1,101,node-a,76015.09717575625,59.83901023864746,True
ml_softmax_propuesto,1,101,node-b,177300.87766115135,476.7415523529053,True
ml_softmax_propuesto,1,101,node-b,153884.2752857791,405.7447910308838,True
ml_softmax_propuesto,1,101,node-a,210379.48656452788,155.06315231323242,True
ml_softmax_propuesto,1,101,node-c,50373.63927141192,51.89847946166992,True
ml_softmax_propuesto,1,101,node-b,65043.703647263974,308.81500244140625,True
ml_softmax_propuesto,1,101,node-b,176139.69050525478,474.31135177612305,True
ml_softmax_propuesto,1,101,node-c,65236.23326622842,63.57216835021973,True
ml_softmax_propuesto,1,101,node-b,124649.5914682133,385.33759117126465,True
ml_softmax_propuesto,1,101,node-a,102835.16247875444,89.04743194580078,True
ml_softmax_propuesto,1,101,node-c,72328.73141930785,61.853885650634766,True
ml_softmax_propuesto,1,101,node-a,222729.73118377881,251.59525871276855,True
ml_softmax_propuesto,1,101,node-b,104926.46349724365,285.89820861816406,True
ml_softmax_propuesto,1,101,node-a,81679.49059313134,187.65521049499512,True
round_robin,2,102,node-a,144800.42889229915,100.24881362915039,True
round_robin,2,102,node-b,312515.6107279998,352.37693786621094,True
round_robin,2,102,node-c,170760.50549135415,212.74280548095703,True
round_robin,2,102,node-a,61705.652000970804,44.188737869262695,True
round_robin,2,102,node-b,78700.86756767983,218.08648109436035,True
round_robin,2,102,node-c,162894.2586920746,455.92617988586426,True
round_robin,2,102,node-a,103598.67405822841,92.69118309020996,True
round_robin,2,102,node-b,192238.15198555987,235.19611358642578,True
round_robin,2,102,node-c,40099.95904925404,82.30853080749512,True
round_robin,2,102,node-a,304585.4959063609,219.30718421936035,True
round_robin,2,102,node-b,271777.3177875344,325.101375579834,True
round_robin,2,102,node-c,51335.9903206093,58.77542495727539,True
round_robin,2,102,node-a,91332.58734115455,83.15610885620117,True
round_robin,2,102,node-b,78310.63708673633,71.71225547790527,True
round_robin,2,102,node-c,88057.9170559697,84.54203605651855,True
round_robin,2,102,node-a,174235.99211375203,126.23286247253418,True
round_robin,2,102,node-b,83039.35934055349,76.25317573547363,True
round_robin,2,102,node-c,67895.52231317684,67.81005859375,True
round_robin,2,102,node-a,154625.33974589146,147.0484733581543,True
round_robin,2,102,node-b,213920.33956069712,207.23819732666016,True
round_robin,2,102,node-c,87218.5557276322,122.70593643188477,True
round_robin,2,102,node-a,126803.26573266486,181.3645362854004,True
round_robin,2,102,node-b,52869.31830562793,112.57171630859375,True
round_robin,2,102,node-c,181663.29820621564,293.32876205444336,True
round_robin,2,102,node-a,349963.2853103767,287.39404678344727,True
round_robin,2,102,node-b,149259.9653181197,130.90872764587402,True
round_robin,2,102,node-c,106822.58565584692,251.88159942626953,True
round_robin,2,102,node-a,38939.74466464883,46.448469161987305,True
round_robin,2,102,node-b,93806.06303881317,74.615478515625,True
round_robin,2,102,node-c,38527.23959038995,53.502798080444336,True
round_robin,2,102,node-a,164146.72675353737,125.00572204589844,True
round_robin,2,102,node-b,275113.7957864862,260.46037673950195,True
round_robin,2,102,node-c,225427.96483865796,368.45993995666504,True
round_robin,2,102,node-a,120070.87420689744,82.86499977111816,True
round_robin,2,102,node-b,141949.09862424218,119.71807479858398,True
round_robin,2,102,node-c,77820.79607048351,211.32564544677734,True
round_robin,2,102,node-a,123865.5608589104,96.75049781799316,True
round_robin,2,102,node-b,123813.62352521918,138.15808296203613,True
round_robin,2,102,node-c,109149.09765276192,124.52459335327148,True
round_robin,2,102,node-a,27724.27573972035,37.87064552307129,True
round_robin,2,102,node-b,125072.08321012597,175.98390579223633,True
round_robin,2,102,node-c,137448.9164595658,305.1471710205078,True
round_robin,2,102,node-a,73552.76330250571,68.57419013977051,True
round_robin,2,102,node-b,134956.20929270628,131.3169002532959,True
round_robin,2,102,node-c,163759.94065941055,211.95530891418457,True
round_robin,2,102,node-a,35427.6791121557,52.38771438598633,True
round_robin,2,102,node-b,170720.1236554835,159.32512283325195,True
round_robin,2,102,node-c,81691.29833314284,108.3073616027832,True
round_robin,2,102,node-a,58034.13081596008,56.816816329956055,True
round_robin,2,102,node-b,113098.11445002972,98.34170341491699,True
round_robin,2,102,node-c,69034.86505800145,59.34000015258789,True
round_robin,2,102,node-a,80841.19635364527,70.57857513427734,True
round_robin,2,102,node-b,60986.91999675845,60.4557991027832,True
round_robin,2,102,node-c,72391.07182150945,69.42486763000488,True
round_robin,2,102,node-a,54747.14166955901,60.62817573547363,True
round_robin,2,102,node-b,75513.39522730045,64.6524429321289,True
round_robin,2,102,node-c,58342.03708702348,57.778358459472656,True
round_robin,2,102,node-a,51074.20766471252,59.70311164855957,True
round_robin,2,102,node-b,178747.56765504114,152.21476554870605,True
round_robin,2,102,node-c,104768.58603972713,118.72410774230957,True
round_robin,2,102,node-a,128926.39734692572,101.10735893249512,True
round_robin,2,102,node-b,253540.63560062932,321.6097354888916,True
round_robin,2,102,node-c,146918.421302297,214.4763469696045,True
round_robin,2,102,node-a,104969.44893846095,86.15350723266602,True
round_robin,2,102,node-b,59140.763429692684,159.07812118530273,True
round_robin,2,102,node-c,157412.67035285383,331.77852630615234,True
round_robin,2,102,node-a,133604.98654986688,95.41893005371094,True
round_robin,2,102,node-b,178519.69535677388,175.5197048187256,True
round_robin,2,102,node-c,97889.26731949988,84.65743064880371,True
round_robin,2,102,node-a,86410.01774116536,83.71949195861816,True
round_robin,2,102,node-b,35442.844135453706,35.86459159851074,True
round_robin,2,102,node-c,139077.66180686853,207.77082443237305,True
round_robin,2,102,node-a,46909.510154798794,55.00316619873047,True
round_robin,2,102,node-b,80363.21216012904,58.21800231933594,True
round_robin,2,102,node-c,133509.59468571245,270.8251476287842,True
round_robin,2,102,node-a,106974.57386754519,92.2093391418457,True
round_robin,2,102,node-b,98141.8427138202,82.14259147644043,True
round_robin,2,102,node-c,129758.26522766482,313.4582042694092,True
round_robin,2,102,node-a,41088.44542544318,48.6750602722168,True
round_robin,2,102,node-b,105464.77725709266,97.42879867553711,True
round_robin,2,102,node-c,197256.18410195553,632.8506469726562,True
round_robin,2,102,node-a,187142.31279602525,131.46400451660156,True
round_robin,2,102,node-b,47314.35813981021,77.0723819732666,True
round_robin,2,102,node-c,167549.442382804,793.2960987091064,True
round_robin,2,102,node-a,128692.55171163443,116.87612533569336,True
round_robin,2,102,node-b,61639.14349673935,60.648202896118164,True
round_robin,2,102,node-c,50749.95536793805,563.9758110046387,True
round_robin,2,102,node-a,95013.59828567241,103.48701477050781,True
round_robin,2,102,node-b,210286.70035492833,204.77032661437988,True
round_robin,2,102,node-c,131559.0727135808,664.656400680542,True
round_robin,2,102,node-a,62819.114584428644,69.95773315429688,True
round_robin,2,102,node-b,108258.06854890451,86.27152442932129,True
round_robin,2,102,node-c,176530.81051838008,189.73183631896973,True
round_robin,2,102,node-a,97911.48427404162,73.6384391784668,True
round_robin,2,102,node-b,80701.80044432676,79.69284057617188,True
round_robin,2,102,node-c,130283.55526511965,108.7484359741211,True
round_robin,2,102,node-a,34811.16548122736,44.942617416381836,True
round_robin,2,102,node-b,128601.46415229124,91.43877029418945,True
round_robin,2,102,node-c,50525.11428812475,49.414634704589844,True
round_robin,2,102,node-a,97955.26076474584,78.28736305236816,True
round_robin,2,102,node-b,123378.61275534454,118.32022666931152,True
round_robin,2,102,node-c,95131.26704276595,132.95936584472656,True
round_robin,2,102,node-a,69463.78256568576,60.86564064025879,True
round_robin,2,102,node-b,83918.5322350211,78.92894744873047,True
round_robin,2,102,node-c,156161.16875167444,190.94538688659668,True
round_robin,2,102,node-a,50836.70480902687,36.614418029785156,True
round_robin,2,102,node-b,64427.630586779866,66.29395484924316,True
round_robin,2,102,node-c,120787.8700566684,191.56527519226074,True
round_robin,2,102,node-a,154865.07431696725,123.85392189025879,True
round_robin,2,102,node-b,101673.53663821337,86.64608001708984,True
round_robin,2,102,node-c,77901.65954601302,59.618473052978516,True
round_robin,2,102,node-a,147528.91613076764,105.24106025695801,True
round_robin,2,102,node-b,83824.07049480254,69.44990158081055,True
round_robin,2,102,node-c,296702.90324158384,590.8396244049072,True
round_robin,2,102,node-a,204570.32048441295,143.08571815490723,True
round_robin,2,102,node-b,272937.75309554645,285.3662967681885,True
round_robin,2,102,node-c,62713.588604686476,298.30431938171387,True
round_robin,2,102,node-a,80291.9372793423,73.96531105041504,True
round_robin,2,102,node-b,89383.38598816344,139.6806240081787,True
round_robin,2,102,node-c,54043.54451845561,305.26089668273926,True
round_robin,2,102,node-a,78429.80621614064,71.25258445739746,True
round_robin,2,102,node-b,168653.21867894588,164.45493698120117,True
round_robin,2,102,node-c,61073.29605217303,125.63729286193848,True
round_robin,2,102,node-a,88643.86408601157,68.84908676147461,True
round_robin,2,102,node-b,224320.1317828495,182.42454528808594,True
round_robin,2,102,node-c,121191.51643980606,155.52926063537598,True
round_robin,2,102,node-a,134196.88804601287,96.57549858093262,True
round_robin,2,102,node-b,104260.5705402166,88.35911750793457,True
round_robin,2,102,node-c,74610.02277727028,121.56844139099121,True
round_robin,2,102,node-a,85526.94735544428,119.88186836242676,True
round_robin,2,102,node-b,118504.49576949343,99.6088981628418,True
round_robin,2,102,node-c,76375.19134375127,140.71273803710938,True
round_robin,2,102,node-a,105981.79594924476,153.5048484802246,True
round_robin,2,102,node-b,81927.90673227808,201.42889022827148,True
round_robin,2,102,node-c,98932.82616825204,299.8957633972168,True
round_robin,2,102,node-a,232556.5707292351,207.3216438293457,True
round_robin,2,102,node-b,142475.7044902515,242.10405349731445,True
round_robin,2,102,node-c,52778.901629899716,191.85495376586914,True
round_robin,2,102,node-a,93946.62599054485,84.04827117919922,True
round_robin,2,102,node-b,268657.0496670206,308.9122772216797,True
round_robin,2,102,node-c,265885.0831777493,1091.446876525879,True
round_robin,2,102,node-a,56725.29910322189,61.89393997192383,True
round_robin,2,102,node-b,130374.70213625843,361.94729804992676,True
round_robin,2,102,node-c,104201.89009550189,537.9717350006104,True
round_robin,2,102,node-a,28201.881471186207,40.593624114990234,True
round_robin,2,102,node-b,121103.42083543878,384.91368293762207,True
round_robin,2,102,node-c,291661.0480126943,1392.9831981658936,True
round_robin,2,102,node-a,71754.90932240225,57.72662162780762,True
round_robin,2,102,node-b,88871.36019917285,312.43062019348145,True
round_robin,2,102,node-c,170304.90848743892,1118.9775466918945,True
weighted_round_robin,2,102,node-a,144800.42889229915,109.94482040405273,True
weighted_round_robin,2,102,node-b,312515.6107279998,359.0116500854492,True
weighted_round_robin,2,102,node-c,170760.50549135415,223.82307052612305,True
weighted_round_robin,2,102,node-a,61705.652000970804,53.65467071533203,True
weighted_round_robin,2,102,node-b,78700.86756767983,198.08173179626465,True
weighted_round_robin,2,102,node-a,162894.2586920746,122.88212776184082,True
weighted_round_robin,2,102,node-c,103598.67405822841,136.20424270629883,True
weighted_round_robin,2,102,node-a,192238.15198555987,141.75844192504883,True
weighted_round_robin,2,102,node-b,40099.95904925404,45.516252517700195,True
weighted_round_robin,2,102,node-a,304585.4959063609,200.47593116760254,True
weighted_round_robin,2,102,node-b,271777.3177875344,251.38306617736816,True
weighted_round_robin,2,102,node-c,51335.9903206093,45.746803283691406,True
weighted_round_robin,2,102,node-a,91332.58734115455,72.65186309814453,True
weighted_round_robin,2,102,node-b,78310.63708673633,77.02755928039551,True
weighted_round_robin,2,102,node-a,88057.9170559697,72.27325439453125,True
weighted_round_robin,2,102,node-c,174235.99211375203,205.15108108520508,True
weighted_round_robin,2,102,node-a,83039.35934055349,67.28363037109375,True
weighted_round_robin,2,102,node-b,67895.52231317684,57.924747467041016,True
weighted_round_robin,2,102,node-a,154625.33974589146,158.92457962036133,True
weighted_round_robin,2,102,node-c,213920.33956069712,459.1176509857178,True
weighted_round_robin,2,102,node-b,87218.5557276322,63.491106033325195,True
weighted_round_robin,2,102,node-a,126803.26573266486,186.6741180419922,True
weighted_round_robin,2,102,node-a,52869.31830562793,91.16148948669434,True
weighted_round_robin,2,102,node-b,181663.29820621564,132.9338550567627,True
weighted_round_robin,2,102,node-c,349963.2853103767,933.9237213134766,True
weighted_round_robin,2,102,node-a,149259.9653181197,122.68996238708496,True
weighted_round_robin,2,102,node-b,106822.58565584692,88.73367309570312,True
weighted_round_robin,2,102,node-a,38939.74466464883,47.710418701171875,True
weighted_round_robin,2,102,node-c,93806.06303881317,407.43184089660645,True
weighted_round_robin,2,102,node-a,38527.23959038995,40.62199592590332,True
weighted_round_robin,2,102,node-b,164146.72675353737,154.05726432800293,True
weighted_round_robin,2,102,node-a,275113.7957864862,186.1734390258789,True
weighted_round_robin,2,102,node-b,225427.96483865796,267.47918128967285,True
weighted_round_robin,2,102,node-c,120070.87420689744,326.30109786987305,True
weighted_round_robin,2,102,node-a,141949.09862424218,115.7233715057373,True
weighted_round_robin,2,102,node-b,77820.79607048351,104.92658615112305,True
weighted_round_robin,2,102,node-a,123865.5608589104,92.87810325622559,True
weighted_round_robin,2,102,node-c,123813.62352521918,224.15947914123535,True
weighted_round_robin,2,102,node-a,109149.09765276192,124.47619438171387,True
weighted_round_robin,2,102,node-b,27724.27573972035,72.35431671142578,True
weighted_round_robin,2,102,node-a,125072.08321012597,141.78991317749023,True
weighted_round_robin,2,102,node-c,137448.9164595658,332.47995376586914,True
weighted_round_robin,2,102,node-b,73552.76330250571,70.33801078796387,True
weighted_round_robin,2,102,node-a,134956.20929270628,107.63835906982422,True
weighted_round_robin,2,102,node-a,163759.94065941055,117.52200126647949,True
weighted_round_robin,2,102,node-b,35427.6791121557,42.999267578125,True
weighted_round_robin,2,102,node-c,170720.1236554835,193.7103271484375,True
weighted_round_robin,2,102,node-a,81691.29833314284,67.73948669433594,True
weighted_round_robin,2,102,node-b,58034.13081596008,53.05886268615723,True
weighted_round_robin,2,102,node-a,113098.11445002972,84.44356918334961,True
weighted_round_robin,2,102,node-c,69034.86505800145,61.42163276672363,True
weighted_round_robin,2,102,node-a,80841.19635364527,74.28836822509766,True
weighted_round_robin,2,102,node-b,60986.91999675845,62.366485595703125,True
weighted_round_robin,2,102,node-a,72391.07182150945,72.38268852233887,True
weighted_round_robin,2,102,node-b,54747.14166955901,57.733774185180664,True
weighted_round_robin,2,102,node-c,75513.39522730045,67.16537475585938,True
weighted_round_robin,2,102,node-a,58342.03708702348,53.676605224609375,True
weighted_round_robin,2,102,node-b,51074.20766471252,54.84819412231445,True
weighted_round_robin,2,102,node-a,178747.56765504114,160.21060943603516,True
weighted_round_robin,2,102,node-c,104768.58603972713,150.84457397460938,True
weighted_round_robin,2,102,node-a,128926.39734692572,201.5223503112793,True
weighted_round_robin,2,102,node-b,253540.63560062932,221.27890586853027,True
weighted_round_robin,2,102,node-a,146918.421302297,178.13801765441895,True
weighted_round_robin,2,102,node-c,104969.44893846095,183.02631378173828,True
weighted_round_robin,2,102,node-b,59140.763429692684,96.57645225524902,True
weighted_round_robin,2,102,node-a,157412.67035285383,222.1376895904541,True
weighted_round_robin,2,102,node-a,133604.98654986688,220.91913223266602,True
weighted_round_robin,2,102,node-b,178519.69535677388,185.22047996520996,True
weighted_round_robin,2,102,node-c,97889.26731949988,108.0470085144043,True
weighted_round_robin,2,102,node-a,86410.01774116536,73.45724105834961,True
weighted_round_robin,2,102,node-b,35442.844135453706,52.03747749328613,True
weighted_round_robin,2,102,node-a,139077.66180686853,114.1655445098877,True
weighted_round_robin,2,102,node-c,46909.510154798794,33.88214111328125,True
weighted_round_robin,2,102,node-a,80363.21216012904,130.3844451904297,True
weighted_round_robin,2,102,node-b,133509.59468571245,148.6043930053711,True
weighted_round_robin,2,102,node-a,106974.57386754519,112.8389835357666,True
weighted_round_robin,2,102,node-b,98141.8427138202,116.01638793945312,True
weighted_round_robin,2,102,node-c,129758.26522766482,141.81756973266602,True
weighted_round_robin,2,102,node-a,41088.44542544318,52.7191162109375,True
weighted_round_robin,2,102,node-b,105464.77725709266,119.19212341308594,True
weighted_round_robin,2,102,node-a,197256.18410195553,196.3963508605957,True
weighted_round_robin,2,102,node-c,187142.31279602525,260.0991725921631,True
weighted_round_robin,2,102,node-a,47314.35813981021,89.46919441223145,True
weighted_round_robin,2,102,node-b,167549.442382804,147.58634567260742,True
weighted_round_robin,2,102,node-a,128692.55171163443,103.26123237609863,True
weighted_round_robin,2,102,node-c,61639.14349673935,89.71667289733887,True
weighted_round_robin,2,102,node-b,50749.95536793805,51.49388313293457,True
weighted_round_robin,2,102,node-a,95013.59828567241,184.2632293701172,True
weighted_round_robin,2,102,node-a,210286.70035492833,231.69350624084473,True
weighted_round_robin,2,102,node-b,131559.0727135808,101.68147087097168,True
weighted_round_robin,2,102,node-c,62819.114584428644,56.527137756347656,True
weighted_round_robin,2,102,node-a,108258.06854890451,82.23938941955566,True
weighted_round_robin,2,102,node-b,176530.81051838008,122.54810333251953,True
weighted_round_robin,2,102,node-a,97911.48427404162,92.78512001037598,True
weighted_round_robin,2,102,node-c,80701.80044432676,123.04949760437012,True
weighted_round_robin,2,102,node-a,130283.55526511965,104.76922988891602,True
weighted_round_robin,2,102,node-b,34811.16548122736,44.835805892944336,True
weighted_round_robin,2,102,node-a,128601.46415229124,116.20426177978516,True
weighted_round_robin,2,102,node-b,50525.11428812475,48.4621524810791,True
weighted_round_robin,2,102,node-c,97955.26076474584,73.25339317321777,True
weighted_round_robin,2,102,node-a,123378.61275534454,107.12790489196777,True
weighted_round_robin,2,102,node-b,95131.26704276595,82.39197731018066,True
weighted_round_robin,2,102,node-a,69463.78256568576,75.96302032470703,True
weighted_round_robin,2,102,node-c,83918.5322350211,69.75793838500977,True
weighted_round_robin,2,102,node-a,156161.16875167444,104.66241836547852,True
weighted_round_robin,2,102,node-b,50836.70480902687,85.4029655456543,True
weighted_round_robin,2,102,node-a,64427.630586779866,80.49392700195312,True
weighted_round_robin,2,102,node-c,120787.8700566684,138.87667655944824,True
weighted_round_robin,2,102,node-b,154865.07431696725,116.28961563110352,True
weighted_round_robin,2,102,node-a,101673.53663821337,69.55289840698242,True
weighted_round_robin,2,102,node-a,77901.65954601302,75.70004463195801,True
weighted_round_robin,2,102,node-b,147528.91613076764,135.88452339172363,True
weighted_round_robin,2,102,node-c,83824.07049480254,106.24527931213379,True
weighted_round_robin,2,102,node-a,296702.90324158384,247.6484775543213,True
weighted_round_robin,2,102,node-b,204570.32048441295,183.43520164489746,True
weighted_round_robin,2,102,node-a,272937.75309554645,311.89799308776855,True
weighted_round_robin,2,102,node-c,62713.588604686476,99.40552711486816,True
weighted_round_robin,2,102,node-a,80291.9372793423,128.04102897644043,True
weighted_round_robin,2,102,node-b,89383.38598816344,81.07876777648926,True
weighted_round_robin,2,102,node-a,54043.54451845561,130.43808937072754,True
weighted_round_robin,2,102,node-b,78429.80621614064,97.80263900756836,True
weighted_round_robin,2,102,node-c,168653.21867894588,199.4342803955078,True
weighted_round_robin,2,102,node-a,61073.29605217303,61.36369705200195,True
weighted_round_robin,2,102,node-b,88643.86408601157,82.95559883117676,True
weighted_round_robin,2,102,node-a,224320.1317828495,163.80620002746582,True
weighted_round_robin,2,102,node-c,121191.51643980606,102.09202766418457,True
weighted_round_robin,2,102,node-a,134196.88804601287,100.09646415710449,True
weighted_round_robin,2,102,node-b,104260.5705402166,87.35966682434082,True
weighted_round_robin,2,102,node-a,74610.02277727028,60.03689765930176,True
weighted_round_robin,2,102,node-c,85526.94735544428,113.80672454833984,True
weighted_round_robin,2,102,node-b,118504.49576949343,97.5189208984375,True
weighted_round_robin,2,102,node-a,76375.19134375127,146.97575569152832,True
weighted_round_robin,2,102,node-a,105981.79594924476,135.15925407409668,True
weighted_round_robin,2,102,node-b,81927.90673227808,121.4897632598877,True
weighted_round_robin,2,102,node-c,98932.82616825204,122.65133857727051,True
weighted_round_robin,2,102,node-a,232556.5707292351,251.8901824951172,True
weighted_round_robin,2,102,node-b,142475.7044902515,203.76849174499512,True
weighted_round_robin,2,102,node-a,52778.901629899716,106.07075691223145,True
weighted_round_robin,2,102,node-c,93946.62599054485,138.5672092437744,True
weighted_round_robin,2,102,node-a,268657.0496670206,229.48074340820312,True
weighted_round_robin,2,102,node-b,265885.0831777493,646.4807987213135,True
weighted_round_robin,2,102,node-a,56725.29910322189,103.61719131469727,True
weighted_round_robin,2,102,node-b,130374.70213625843,276.09729766845703,True
weighted_round_robin,2,102,node-c,104201.89009550189,90.20733833312988,True
weighted_round_robin,2,102,node-a,28201.881471186207,76.84946060180664,True
weighted_round_robin,2,102,node-b,121103.42083543878,347.57184982299805,True
weighted_round_robin,2,102,node-a,291661.0480126943,310.7013702392578,True
weighted_round_robin,2,102,node-c,71754.90932240225,112.21647262573242,True
weighted_round_robin,2,102,node-a,88871.36019917285,177.82163619995117,True
weighted_round_robin,2,102,node-b,170304.90848743892,450.8507251739502,True
ml_argmin_baseline,2,102,node-a,144800.42889229915,113.8758659362793,True
ml_argmin_baseline,2,102,node-a,312515.6107279998,358.46447944641113,True
ml_argmin_baseline,2,102,node-a,170760.50549135415,279.3233394622803,True
ml_argmin_baseline,2,102,node-b,61705.652000970804,52.43682861328125,True
ml_argmin_baseline,2,102,node-b,78700.86756767983,73.03118705749512,True
ml_argmin_baseline,2,102,node-a,162894.2586920746,379.05025482177734,True
ml_argmin_baseline,2,102,node-b,103598.67405822841,70.53565979003906,True
ml_argmin_baseline,2,102,node-a,192238.15198555987,278.515100479126,True
ml_argmin_baseline,2,102,node-b,40099.95904925404,48.00128936767578,True
ml_argmin_baseline,2,102,node-a,304585.4959063609,393.92614364624023,True
ml_argmin_baseline,2,102,node-a,271777.3177875344,478.3895015716553,True
ml_argmin_baseline,2,102,node-b,51335.9903206093,48.53487014770508,True
ml_argmin_baseline,2,102,node-b,91332.58734115455,89.05816078186035,True
ml_argmin_baseline,2,102,node-c,78310.63708673633,177.76870727539062,True
ml_argmin_baseline,2,102,node-a,88057.9170559697,146.53587341308594,True
ml_argmin_baseline,2,102,node-a,174235.99211375203,225.30722618103027,True
ml_argmin_baseline,2,102,node-b,83039.35934055349,69.122314453125,True
ml_argmin_baseline,2,102,node-a,67895.52231317684,74.65028762817383,True
ml_argmin_baseline,2,102,node-a,154625.33974589146,196.31171226501465,True
ml_argmin_baseline,2,102,node-a,213920.33956069712,373.8400936126709,True
ml_argmin_baseline,2,102,node-a,87218.5557276322,472.49341011047363,True
ml_argmin_baseline,2,102,node-a,126803.26573266486,341.5219783782959,True
ml_argmin_baseline,2,102,node-b,52869.31830562793,50.52042007446289,True
ml_argmin_baseline,2,102,node-a,181663.29820621564,595.0641632080078,True
ml_argmin_baseline,2,102,node-a,349963.2853103767,1049.70121383667,True
ml_argmin_baseline,2,102,node-a,149259.9653181197,712.4707698822021,True
ml_argmin_baseline,2,102,node-a,106822.58565584692,656.1901569366455,True
ml_argmin_baseline,2,102,node-c,38939.74466464883,42.601823806762695,True
ml_argmin_baseline,2,102,node-a,93806.06303881317,466.36486053466797,True
ml_argmin_baseline,2,102,node-c,38527.23959038995,58.266401290893555,True
ml_argmin_baseline,2,102,node-b,164146.72675353737,156.1901569366455,True
ml_argmin_baseline,2,102,node-a,275113.7957864862,628.1967163085938,True
ml_argmin_baseline,2,102,node-b,225427.96483865796,341.9020175933838,True
ml_argmin_baseline,2,102,node-b,120070.87420689744,219.26641464233398,True
ml_argmin_baseline,2,102,node-a,141949.09862424218,370.3804016113281,True
ml_argmin_baseline,2,102,node-c,77820.79607048351,86.04598045349121,True
ml_argmin_baseline,2,102,node-b,123865.5608589104,91.97068214416504,True
ml_argmin_baseline,2,102,node-b,123813.62352521918,286.1485481262207,True
ml_argmin_baseline,2,102,node-b,109149.09765276192,296.16618156433105,True
ml_argmin_baseline,2,102,node-b,27724.27573972035,143.42069625854492,True
ml_argmin_baseline,2,102,node-b,125072.08321012597,364.0449047088623,True
ml_argmin_baseline,2,102,node-a,137448.9164595658,160.30526161193848,True
ml_argmin_baseline,2,102,node-a,73552.76330250571,129.86445426940918,True
ml_argmin_baseline,2,102,node-a,134956.20929270628,143.5997486114502,True
ml_argmin_baseline,2,102,node-a,163759.94065941055,131.14500045776367,True
ml_argmin_baseline,2,102,node-b,35427.6791121557,40.17519950866699,True
ml_argmin_baseline,2,102,node-b,170720.1236554835,232.191801071167,True
ml_argmin_baseline,2,102,node-b,81691.29833314284,176.9735813140869,True
ml_argmin_baseline,2,102,node-b,58034.13081596008,246.52457237243652,True
ml_argmin_baseline,2,102,node-b,113098.11445002972,247.15256690979004,True
ml_argmin_baseline,2,102,node-b,69034.86505800145,177.48260498046875,True
ml_argmin_baseline,2,102,node-b,80841.19635364527,72.89266586303711,True
ml_argmin_baseline,2,102,node-a,60986.91999675845,55.19866943359375,True
ml_argmin_baseline,2,102,node-b,72391.07182150945,69.37956809997559,True
ml_argmin_baseline,2,102,node-b,54747.14166955901,54.40092086791992,True
ml_argmin_baseline,2,102,node-b,75513.39522730045,161.01527214050293,True
ml_argmin_baseline,2,102,node-b,58342.03708702348,217.13733673095703,True
ml_argmin_baseline,2,102,node-b,51074.20766471252,213.9739990234375,True
ml_argmin_baseline,2,102,node-a,178747.56765504114,181.49042129516602,True
ml_argmin_baseline,2,102,node-b,104768.58603972713,290.5755043029785,True
ml_argmin_baseline,2,102,node-b,128926.39734692572,286.1511707305908,True
ml_argmin_baseline,2,102,node-a,253540.63560062932,334.4440460205078,True
ml_argmin_baseline,2,102,node-a,146918.421302297,272.5350856781006,True
ml_argmin_baseline,2,102,node-a,104969.44893846095,418.96891593933105,True
ml_argmin_baseline,2,102,node-a,59140.763429692684,275.3405570983887,True
ml_argmin_baseline,2,102,node-a,157412.67035285383,444.871187210083,True
ml_argmin_baseline,2,102,node-a,133604.98654986688,465.6856060028076,True
ml_argmin_baseline,2,102,node-b,178519.69535677388,163.9883518218994,True
ml_argmin_baseline,2,102,node-b,97889.26731949988,87.61858940124512,True
ml_argmin_baseline,2,102,node-b,86410.01774116536,125.65135955810547,True
ml_argmin_baseline,2,102,node-b,35442.844135453706,106.84418678283691,True
ml_argmin_baseline,2,102,node-b,139077.66180686853,114.10355567932129,True
ml_argmin_baseline,2,102,node-c,46909.510154798794,36.06414794921875,True
ml_argmin_baseline,2,102,node-c,80363.21216012904,157.08541870117188,True
ml_argmin_baseline,2,102,node-a,133509.59468571245,138.89098167419434,True
ml_argmin_baseline,2,102,node-a,106974.57386754519,146.32010459899902,True
ml_argmin_baseline,2,102,node-b,98141.8427138202,81.38728141784668,True
ml_argmin_baseline,2,102,node-b,129758.26522766482,256.57153129577637,True
ml_argmin_baseline,2,102,node-b,41088.44542544318,142.0116424560547,True
ml_argmin_baseline,2,102,node-b,105464.77725709266,319.1111087799072,True
ml_argmin_baseline,2,102,node-b,197256.18410195553,930.2675724029541,True
ml_argmin_baseline,2,102,node-b,187142.31279602525,934.2982769012451,True
ml_argmin_baseline,2,102,node-b,47314.35813981021,244.38977241516113,True
ml_argmin_baseline,2,102,node-b,167549.442382804,828.6604881286621,True
ml_argmin_baseline,2,102,node-a,128692.55171163443,106.88090324401855,True
ml_argmin_baseline,2,102,node-c,61639.14349673935,139.25504684448242,True
ml_argmin_baseline,2,102,node-c,50749.95536793805,138.66758346557617,True
ml_argmin_baseline,2,102,node-a,95013.59828567241,121.33598327636719,True
ml_argmin_baseline,2,102,node-b,210286.70035492833,708.7297439575195,True
ml_argmin_baseline,2,102,node-a,131559.0727135808,134.11593437194824,True
ml_argmin_baseline,2,102,node-c,62819.114584428644,66.39289855957031,True
ml_argmin_baseline,2,102,node-a,108258.06854890451,88.79470825195312,True
ml_argmin_baseline,2,102,node-a,176530.81051838008,129.4538974761963,True
ml_argmin_baseline,2,102,node-b,97911.48427404162,69.32568550109863,True
ml_argmin_baseline,2,102,node-b,80701.80044432676,109.28106307983398,True
ml_argmin_baseline,2,102,node-a,130283.55526511965,108.35814476013184,True
ml_argmin_baseline,2,102,node-c,34811.16548122736,48.02083969116211,True
ml_argmin_baseline,2,102,node-b,128601.46415229124,112.5342845916748,True
ml_argmin_baseline,2,102,node-b,50525.11428812475,52.62327194213867,True
ml_argmin_baseline,2,102,node-a,97955.26076474584,120.27406692504883,True
ml_argmin_baseline,2,102,node-a,123378.61275534454,293.5471534729004,True
ml_argmin_baseline,2,102,node-a,95131.26704276595,205.28149604797363,True
ml_argmin_baseline,2,102,node-c,69463.78256568576,166.96882247924805,True
ml_argmin_baseline,2,102,node-c,83918.5322350211,213.62996101379395,True
ml_argmin_baseline,2,102,node-a,156161.16875167444,187.53361701965332,True
ml_argmin_baseline,2,102,node-c,50836.70480902687,276.4585018157959,True
ml_argmin_baseline,2,102,node-c,64427.630586779866,295.6390380859375,True
ml_argmin_baseline,2,102,node-b,120787.8700566684,95.67928314208984,True
ml_argmin_baseline,2,102,node-b,154865.07431696725,135.10584831237793,True
ml_argmin_baseline,2,102,node-b,101673.53663821337,112.77985572814941,True
ml_argmin_baseline,2,102,node-c,77901.65954601302,113.99388313293457,True
ml_argmin_baseline,2,102,node-a,147528.91613076764,148.82707595825195,True
ml_argmin_baseline,2,102,node-c,83824.07049480254,194.136381149292,True
ml_argmin_baseline,2,102,node-b,296702.90324158384,559.9918365478516,True
ml_argmin_baseline,2,102,node-b,204570.32048441295,774.163007736206,True
ml_argmin_baseline,2,102,node-b,272937.75309554645,1007.2224140167236,True
ml_argmin_baseline,2,102,node-b,62713.588604686476,560.5199337005615,True
ml_argmin_baseline,2,102,node-b,80291.9372793423,555.9260845184326,True
ml_argmin_baseline,2,102,node-b,89383.38598816344,623.8329410552979,True
ml_argmin_baseline,2,102,node-b,54043.54451845561,785.658597946167,True
ml_argmin_baseline,2,102,node-b,78429.80621614064,777.0154476165771,True
ml_argmin_baseline,2,102,node-b,168653.21867894588,988.654613494873,True
ml_argmin_baseline,2,102,node-c,61073.29605217303,104.64167594909668,True
ml_argmin_baseline,2,102,node-c,88643.86408601157,287.66369819641113,True
ml_argmin_baseline,2,102,node-b,224320.1317828495,869.5065975189209,True
ml_argmin_baseline,2,102,node-c,121191.51643980606,253.9389133453369,True
ml_argmin_baseline,2,102,node-c,134196.88804601287,566.1656856536865,True
ml_argmin_baseline,2,102,node-c,104260.5705402166,600.2941131591797,True
ml_argmin_baseline,2,102,node-c,74610.02277727028,429.05259132385254,True
ml_argmin_baseline,2,102,node-c,85526.94735544428,671.6527938842773,True
ml_argmin_baseline,2,102,node-c,118504.49576949343,835.0882530212402,True
ml_argmin_baseline,2,102,node-c,76375.19134375127,1023.9486694335938,True
ml_argmin_baseline,2,102,node-c,105981.79594924476,1330.4343223571777,True
ml_argmin_baseline,2,102,node-c,81927.90673227808,1205.3887844085693,True
ml_argmin_baseline,2,102,node-c,98932.82616825204,1378.6437511444092,True
ml_argmin_baseline,2,102,node-c,232556.5707292351,2164.9491786956787,True
ml_argmin_baseline,2,102,node-c,142475.7044902515,2042.5450801849365,True
ml_argmin_baseline,2,102,node-c,52778.901629899716,1951.857089996338,True
ml_argmin_baseline,2,102,node-c,93946.62599054485,2019.3731784820557,True
ml_argmin_baseline,2,102,node-c,268657.0496670206,3473.9437103271484,True
ml_argmin_baseline,2,102,node-c,265885.0831777493,3293.227434158325,True
ml_argmin_baseline,2,102,node-c,56725.29910322189,2355.6811809539795,True
ml_argmin_baseline,2,102,node-c,130374.70213625843,2771.5439796447754,True
ml_argmin_baseline,2,102,node-c,104201.89009550189,3646.101236343384,True
ml_argmin_baseline,2,102,node-c,28201.881471186207,2622.0924854278564,True
ml_argmin_baseline,2,102,node-c,121103.42083543878,3409.7118377685547,True
ml_argmin_baseline,2,102,node-c,291661.0480126943,4096.461534500122,True
ml_argmin_baseline,2,102,node-c,71754.90932240225,3676.3083934783936,True
ml_argmin_baseline,2,102,node-c,88871.36019917285,3929.6624660491943,True
ml_argmin_baseline,2,102,node-a,170304.90848743892,116.43838882446289,True
ml_softmax_propuesto,2,102,node-c,144800.42889229915,199.94831085205078,True
ml_softmax_propuesto,2,102,node-a,312515.6107279998,404.44302558898926,True
ml_softmax_propuesto,2,102,node-a,170760.50549135415,278.93972396850586,True
ml_softmax_propuesto,2,102,node-a,61705.652000970804,305.80711364746094,True
ml_softmax_propuesto,2,102,node-a,78700.86756767983,328.4156322479248,True
ml_softmax_propuesto,2,102,node-b,162894.2586920746,145.55048942565918,True
ml_softmax_propuesto,2,102,node-a,103598.67405822841,293.5776710510254,True
ml_softmax_propuesto,2,102,node-a,192238.15198555987,344.73299980163574,True
ml_softmax_propuesto,2,102,node-c,40099.95904925404,86.98034286499023,True
ml_softmax_propuesto,2,102,node-c,304585.4959063609,571.9001293182373,True
ml_softmax_propuesto,2,102,node-b,271777.3177875344,258.72302055358887,True
ml_softmax_propuesto,2,102,node-a,51335.9903206093,49.97873306274414,True
ml_softmax_propuesto,2,102,node-a,91332.58734115455,66.00642204284668,True
ml_softmax_propuesto,2,102,node-b,78310.63708673633,66.83850288391113,True
ml_softmax_propuesto,2,102,node-a,88057.9170559697,122.51639366149902,True
ml_softmax_propuesto,2,102,node-a,174235.99211375203,214.7974967956543,True
ml_softmax_propuesto,2,102,node-a,83039.35934055349,92.40889549255371,True
ml_softmax_propuesto,2,102,node-a,67895.52231317684,119.27390098571777,True
ml_softmax_propuesto,2,102,node-a,154625.33974589146,252.04849243164062,True
ml_softmax_propuesto,2,102,node-a,213920.33956069712,367.159366607666,True
ml_softmax_propuesto,2,102,node-c,87218.5557276322,119.55976486206055,True
ml_softmax_propuesto,2,102,node-a,126803.26573266486,333.9037895202637,True
ml_softmax_propuesto,2,102,node-a,52869.31830562793,308.6400032043457,True
ml_softmax_propuesto,2,102,node-a,181663.29820621564,527.3230075836182,True
ml_softmax_propuesto,2,102,node-b,349963.2853103767,454.6029567718506,True
ml_softmax_propuesto,2,102,node-a,149259.9653181197,359.09032821655273,True
ml_softmax_propuesto,2,102,node-b,106822.58565584692,227.85687446594238,True
ml_softmax_propuesto,2,102,node-c,38939.74466464883,45.838117599487305,True
ml_softmax_propuesto,2,102,node-a,93806.06303881317,186.6586208343506,True
ml_softmax_propuesto,2,102,node-a,38527.23959038995,136.95549964904785,True
ml_softmax_propuesto,2,102,node-a,164146.72675353737,288.18559646606445,True
ml_softmax_propuesto,2,102,node-a,275113.7957864862,548.6905574798584,True
ml_softmax_propuesto,2,102,node-a,225427.96483865796,536.8375778198242,True
ml_softmax_propuesto,2,102,node-b,120070.87420689744,107.16772079467773,True
ml_softmax_propuesto,2,102,node-a,141949.09862424218,382.52806663513184,True
ml_softmax_propuesto,2,102,node-a,77820.79607048351,371.66547775268555,True
ml_softmax_propuesto,2,102,node-b,123865.5608589104,100.6627082824707,True
ml_softmax_propuesto,2,102,node-a,123813.62352521918,226.78852081298828,True
ml_softmax_propuesto,2,102,node-a,109149.09765276192,294.91424560546875,True
ml_softmax_propuesto,2,102,node-c,27724.27573972035,33.53261947631836,True
ml_softmax_propuesto,2,102,node-a,125072.08321012597,245.35775184631348,True
ml_softmax_propuesto,2,102,node-a,137448.9164595658,360.15963554382324,True
ml_softmax_propuesto,2,102,node-b,73552.76330250571,63.1566047668457,True
ml_softmax_propuesto,2,102,node-a,134956.20929270628,268.5720920562744,True
ml_softmax_propuesto,2,102,node-a,163759.94065941055,116.3492202758789,True
ml_softmax_propuesto,2,102,node-c,35427.6791121557,48.87580871582031,True
ml_softmax_propuesto,2,102,node-a,170720.1236554835,128.42273712158203,True
ml_softmax_propuesto,2,102,node-a,81691.29833314284,101.50337219238281,True
ml_softmax_propuesto,2,102,node-c,58034.13081596008,56.269168853759766,True
ml_softmax_propuesto,2,102,node-a,113098.11445002972,110.02707481384277,True
ml_softmax_propuesto,2,102,node-b,69034.86505800145,47.174692153930664,True
ml_softmax_propuesto,2,102,node-a,80841.19635364527,66.3762092590332,True
ml_softmax_propuesto,2,102,node-a,60986.91999675845,53.91812324523926,True
ml_softmax_propuesto,2,102,node-c,72391.07182150945,70.53279876708984,True
ml_softmax_propuesto,2,102,node-a,54747.14166955901,44.0981388092041,True
ml_softmax_propuesto,2,102,node-b,75513.39522730045,144.59776878356934,True
ml_softmax_propuesto,2,102,node-c,58342.03708702348,52.937984466552734,True
ml_softmax_propuesto,2,102,node-b,51074.20766471252,80.94620704650879,True
ml_softmax_propuesto,2,102,node-a,178747.56765504114,211.24696731567383,True
ml_softmax_propuesto,2,102,node-a,104768.58603972713,189.66984748840332,True
ml_softmax_propuesto,2,102,node-b,128926.39734692572,94.45929527282715,True
ml_softmax_propuesto,2,102,node-a,253540.63560062932,409.2278480529785,True
ml_softmax_propuesto,2,102,node-a,146918.421302297,385.357141494751,True
ml_softmax_propuesto,2,102,node-a,104969.44893846095,427.0799160003662,True
ml_softmax_propuesto,2,102,node-c,59140.763429692684,140.10262489318848,True
ml_softmax_propuesto,2,102,node-b,157412.67035285383,157.43494033813477,True
ml_softmax_propuesto,2,102,node-c,133604.98654986688,320.2085494995117,True
ml_softmax_propuesto,2,102,node-a,178519.69535677388,235.9757423400879,True
ml_softmax_propuesto,2,102,node-a,97889.26731949988,82.99922943115234,True
ml_softmax_propuesto,2,102,node-a,86410.01774116536,82.8850269317627,True
ml_softmax_propuesto,2,102,node-c,35442.844135453706,52.719831466674805,True
ml_softmax_propuesto,2,102,node-a,139077.66180686853,112.25485801696777,True
ml_softmax_propuesto,2,102,node-c,46909.510154798794,35.16960144042969,True
ml_softmax_propuesto,2,102,node-a,80363.21216012904,117.58661270141602,True
ml_softmax_propuesto,2,102,node-b,133509.59468571245,171.25868797302246,True
ml_softmax_propuesto,2,102,node-b,106974.57386754519,196.5324878692627,True
ml_softmax_propuesto,2,102,node-c,98141.8427138202,129.05383110046387,True
ml_softmax_propuesto,2,102,node-a,129758.26522766482,95.98946571350098,True
ml_softmax_propuesto,2,102,node-c,41088.44542544318,171.76318168640137,True
ml_softmax_propuesto,2,102,node-a,105464.77725709266,144.21558380126953,True
ml_softmax_propuesto,2,102,node-a,197256.18410195553,328.74584197998047,True
ml_softmax_propuesto,2,102,node-a,187142.31279602525,301.2223243713379,True
ml_softmax_propuesto,2,102,node-a,47314.35813981021,228.52396965026855,True
ml_softmax_propuesto,2,102,node-b,167549.442382804,127.2883415222168,True
ml_softmax_propuesto,2,102,node-c,128692.55171163443,277.315616607666,True
ml_softmax_propuesto,2,102,node-c,61639.14349673935,169.17991638183594,True
ml_softmax_propuesto,2,102,node-b,50749.95536793805,58.562278747558594,True
ml_softmax_propuesto,2,102,node-a,95013.59828567241,103.22260856628418,True
ml_softmax_propuesto,2,102,node-b,210286.70035492833,223.83999824523926,True
ml_softmax_propuesto,2,102,node-a,131559.0727135808,127.12812423706055,True
ml_softmax_propuesto,2,102,node-a,62819.114584428644,74.57923889160156,True
ml_softmax_propuesto,2,102,node-c,108258.06854890451,134.43756103515625,True
ml_softmax_propuesto,2,102,node-a,176530.81051838008,143.3401107788086,True
ml_softmax_propuesto,2,102,node-a,97911.48427404162,93.59264373779297,True
ml_softmax_propuesto,2,102,node-b,80701.80044432676,84.69796180725098,True
ml_softmax_propuesto,2,102,node-b,130283.55526511965,174.15881156921387,True
ml_softmax_propuesto,2,102,node-b,34811.16548122736,91.73345565795898,True
ml_softmax_propuesto,2,102,node-a,128601.46415229124,91.54152870178223,True
ml_softmax_propuesto,2,102,node-a,50525.11428812475,52.147626876831055,True
ml_softmax_propuesto,2,102,node-a,97955.26076474584,133.69369506835938,True
ml_softmax_propuesto,2,102,node-b,123378.61275534454,124.93729591369629,True
ml_softmax_propuesto,2,102,node-a,95131.26704276595,202.91876792907715,True
ml_softmax_propuesto,2,102,node-c,69463.78256568576,73.09889793395996,True
ml_softmax_propuesto,2,102,node-a,83918.5322350211,264.09220695495605,True
ml_softmax_propuesto,2,102,node-a,156161.16875167444,234.13920402526855,True
ml_softmax_propuesto,2,102,node-a,50836.70480902687,118.27421188354492,True
ml_softmax_propuesto,2,102,node-c,64427.630586779866,65.66262245178223,True
ml_softmax_propuesto,2,102,node-c,120787.8700566684,118.89028549194336,True
ml_softmax_propuesto,2,102,node-a,154865.07431696725,131.05440139770508,True
ml_softmax_propuesto,2,102,node-a,101673.53663821337,90.75212478637695,True
ml_softmax_propuesto,2,102,node-b,77901.65954601302,76.0946273803711,True
ml_softmax_propuesto,2,102,node-a,147528.91613076764,123.96860122680664,True
ml_softmax_propuesto,2,102,node-c,83824.07049480254,84.84768867492676,True
ml_softmax_propuesto,2,102,node-b,296702.90324158384,307.44099617004395,True
ml_softmax_propuesto,2,102,node-a,204570.32048441295,452.00085639953613,True
ml_softmax_propuesto,2,102,node-a,272937.75309554645,389.05811309814453,True
ml_softmax_propuesto,2,102,node-c,62713.588604686476,92.31996536254883,True
ml_softmax_propuesto,2,102,node-c,80291.9372793423,195.01900672912598,True
ml_softmax_propuesto,2,102,node-a,89383.38598816344,197.1282958984375,True
ml_softmax_propuesto,2,102,node-c,54043.54451845561,199.92518424987793,True
ml_softmax_propuesto,2,102,node-c,78429.80621614064,265.8236026763916,True
ml_softmax_propuesto,2,102,node-b,168653.21867894588,162.42551803588867,True
ml_softmax_propuesto,2,102,node-b,61073.29605217303,63.01474571228027,True
ml_softmax_propuesto,2,102,node-a,88643.86408601157,95.81828117370605,True
ml_softmax_propuesto,2,102,node-a,224320.1317828495,209.45262908935547,True
ml_softmax_propuesto,2,102,node-b,121191.51643980606,131.03914260864258,True
ml_softmax_propuesto,2,102,node-a,134196.88804601287,100.11959075927734,True
ml_softmax_propuesto,2,102,node-a,104260.5705402166,88.71722221374512,True
ml_softmax_propuesto,2,102,node-c,74610.02277727028,120.57161331176758,True
ml_softmax_propuesto,2,102,node-a,85526.94735544428,91.12024307250977,True
ml_softmax_propuesto,2,102,node-a,118504.49576949343,210.6926441192627,True
ml_softmax_propuesto,2,102,node-a,76375.19134375127,202.05020904541016,True
ml_softmax_propuesto,2,102,node-a,105981.79594924476,267.15898513793945,True
ml_softmax_propuesto,2,102,node-a,81927.90673227808,285.02440452575684,True
ml_softmax_propuesto,2,102,node-a,98932.82616825204,318.74608993530273,True
ml_softmax_propuesto,2,102,node-a,232556.5707292351,652.3952484130859,True
ml_softmax_propuesto,2,102,node-b,142475.7044902515,190.37294387817383,True
ml_softmax_propuesto,2,102,node-b,52778.901629899716,160.94183921813965,True
ml_softmax_propuesto,2,102,node-a,93946.62599054485,202.27646827697754,True
ml_softmax_propuesto,2,102,node-a,268657.0496670206,636.3418102264404,True
ml_softmax_propuesto,2,102,node-b,265885.0831777493,606.4679622650146,True
ml_softmax_propuesto,2,102,node-a,56725.29910322189,315.9918785095215,True
ml_softmax_propuesto,2,102,node-b,130374.70213625843,557.6076507568359,True
ml_softmax_propuesto,2,102,node-b,104201.89009550189,241.84322357177734,True
ml_softmax_propuesto,2,102,node-c,28201.881471186207,33.97059440612793,True
ml_softmax_propuesto,2,102,node-b,121103.42083543878,475.8572578430176,True
ml_softmax_propuesto,2,102,node-a,291661.0480126943,624.5975494384766,True
ml_softmax_propuesto,2,102,node-c,71754.90932240225,90.18135070800781,True
ml_softmax_propuesto,2,102,node-c,88871.36019917285,226.4995574951172,True
ml_softmax_propuesto,2,102,node-a,170304.90848743892,448.99773597717285,True
round_robin,3,103,node-a,183858.37448803568,130.5372714996338,True
round_robin,3,103,node-b,55846.09930857076,62.89029121398926,True
round_robin,3,103,node-c,146432.9970456624,155.41696548461914,True
round_robin,3,103,node-a,58131.14166825511,60.23764610290527,True
round_robin,3,103,node-b,180981.0069604731,176.58090591430664,True
round_robin,3,103,node-c,48640.47364251137,35.1567268371582,True
round_robin,3,103,node-a,74234.296566801,67.54612922668457,True
round_robin,3,103,node-b,78191.5285518953,100.62575340270996,True
round_robin,3,103,node-c,36959.7859643174,39.23964500427246,True
round_robin,3,103,node-a,162207.86157717457,127.37846374511719,True
round_robin,3,103,node-b,48754.54568466055,59.21220779418945,True
round_robin,3,103,node-c,55084.10156538177,55.64737319946289,True
round_robin,3,103,node-a,79849.49573922493,65.51194190979004,True
round_robin,3,103,node-b,153639.73310757452,149.1694450378418,True
round_robin,3,103,node-c,70514.48390746502,49.27968978881836,True
round_robin,3,103,node-a,286255.09985609667,380.5861473083496,True
round_robin,3,103,node-b,104587.67820352115,171.54574394226074,True
round_robin,3,103,node-c,91648.95195148693,144.06824111938477,True
round_robin,3,103,node-a,132527.22664403237,198.51136207580566,True
round_robin,3,103,node-b,99177.11162702799,190.932035446167,True
round_robin,3,103,node-c,62404.66003753899,194.6852207183838,True
round_robin,3,103,node-a,80443.65843796788,159.59429740905762,True
round_robin,3,103,node-b,115107.4078921821,299.87049102783203,True
round_robin,3,103,node-c,232984.02463740905,915.7860279083252,True
round_robin,3,103,node-a,120809.4697440605,244.10152435302734,True
round_robin,3,103,node-b,134325.0592124811,367.3512935638428,True
round_robin,3,103,node-c,34595.26318105532,177.42109298706055,True
round_robin,3,103,node-a,92629.88053441391,209.62810516357422,True
round_robin,3,103,node-b,104431.46098763704,258.1751346588135,True
round_robin,3,103,node-c,255276.23418129352,1525.1305103302002,True
round_robin,3,103,node-a,234961.10338026096,218.1396484375,True
round_robin,3,103,node-b,112368.31001091361,245.1012134552002,True
round_robin,3,103,node-c,137897.50347709045,1130.9411525726318,True
round_robin,3,103,node-a,102280.32295629203,92.51093864440918,True
round_robin,3,103,node-b,73493.84428392089,70.18017768859863,True
round_robin,3,103,node-c,106751.31418340106,659.7838401794434,True
round_robin,3,103,node-a,87691.64612779058,74.85842704772949,True
round_robin,3,103,node-b,124437.93077629736,101.67884826660156,True
round_robin,3,103,node-c,148930.69988171497,1059.8251819610596,True
round_robin,3,103,node-a,95760.8203917608,78.56225967407227,True
round_robin,3,103,node-b,184884.75844595252,139.32394981384277,True
round_robin,3,103,node-c,60154.02683553787,618.5300350189209,True
round_robin,3,103,node-a,106579.74625907023,96.69613838195801,True
round_robin,3,103,node-b,117080.68868823869,110.01253128051758,True
round_robin,3,103,node-c,42246.79257767333,471.2207317352295,True
round_robin,3,103,node-a,144601.00956914682,108.64686965942383,True
round_robin,3,103,node-b,151667.2576671231,172.2109317779541,True
round_robin,3,103,node-c,250523.8401347273,1021.5842723846436,True
round_robin,3,103,node-a,103553.26795100524,127.33054161071777,True
round_robin,3,103,node-b,143633.15929653076,292.42920875549316,True
round_robin,3,103,node-c,146886.98213372662,938.0879402160645,True
round_robin,3,103,node-a,46749.569597587106,65.6440258026123,True
round_robin,3,103,node-b,123098.49299431723,178.44128608703613,True
round_robin,3,103,node-c,51465.659195807006,388.28110694885254,True
round_robin,3,103,node-a,122410.53957450514,99.79033470153809,True
round_robin,3,103,node-b,152618.7609929371,155.58505058288574,True
round_robin,3,103,node-c,121552.01293931353,552.7446269989014,True
round_robin,3,103,node-a,37907.02908092132,49.6678352355957,True
round_robin,3,103,node-b,220390.84133332438,245.7869052886963,True
round_robin,3,103,node-c,123411.67085887089,939.4838809967041,True
round_robin,3,103,node-a,174872.32914479452,125.00548362731934,True
round_robin,3,103,node-b,75178.4455503762,129.38356399536133,True
round_robin,3,103,node-c,87190.97708867707,450.1032829284668,True
round_robin,3,103,node-a,300979.8338568313,247.82729148864746,True
round_robin,3,103,node-b,96040.52521244649,115.8442497253418,True
round_robin,3,103,node-c,85478.05640399337,618.8304424285889,True
round_robin,3,103,node-a,87971.8002388402,107.77997970581055,True
round_robin,3,103,node-b,174953.56645716523,143.00203323364258,True
round_robin,3,103,node-c,48194.71947344105,361.6833686828613,True
round_robin,3,103,node-a,90316.96876963928,84.5801830291748,True
round_robin,3,103,node-b,67905.54739030248,58.52937698364258,True
round_robin,3,103,node-c,371333.458848167,1480.3950786590576,True
round_robin,3,103,node-a,182440.15216870746,158.5235595703125,True
round_robin,3,103,node-b,111575.8577374528,141.70145988464355,True
round_robin,3,103,node-c,119141.64749629788,583.1079483032227,True
round_robin,3,103,node-a,94651.10552128257,125.07152557373047,True
round_robin,3,103,node-b,85075.36432944417,117.79403686523438,True
round_robin,3,103,node-c,97597.46276215906,535.346269607544,True
round_robin,3,103,node-a,257871.58190996235,173.65360260009766,True
round_robin,3,103,node-b,91556.6512871448,77.82387733459473,True
round_robin,3,103,node-c,92712.612959535,333.44244956970215,True
round_robin,3,103,node-a,123844.14724108472,97.8689193725586,True
round_robin,3,103,node-b,222668.21138816225,190.7503604888916,True
round_robin,3,103,node-c,134969.50654447114,620.485782623291,True
round_robin,3,103,node-a,62281.16834114662,60.751914978027344,True
round_robin,3,103,node-b,109476.91401092226,87.93067932128906,True
round_robin,3,103,node-c,107313.34519258603,521.9528675079346,True
round_robin,3,103,node-a,54639.253436358245,39.25490379333496,True
round_robin,3,103,node-b,73111.80277645525,73.81439208984375,True
round_robin,3,103,node-c,126254.41654302101,402.4007320404053,True
round_robin,3,103,node-a,85480.79371341529,67.67868995666504,True
round_robin,3,103,node-b,246406.03605972233,199.72634315490723,True
round_robin,3,103,node-c,126665.91166769242,386.46769523620605,True
round_robin,3,103,node-a,84337.1983574896,68.59016418457031,True
round_robin,3,103,node-b,102336.69820562276,77.36396789550781,True
round_robin,3,103,node-c,67345.63953349995,85.45804023742676,True
round_robin,3,103,node-a,76314.92471816731,68.97926330566406,True
round_robin,3,103,node-b,156712.90873841709,114.02726173400879,True
round_robin,3,103,node-c,102967.43064222962,91.66622161865234,True
round_robin,3,103,node-a,40669.92406619986,54.33225631713867,True
round_robin,3,103,node-b,54283.99285755779,63.82560729980469,True
round_robin,3,103,node-c,142693.50187229196,396.1682319641113,True
round_robin,3,103,node-a,60147.37459084485,64.26191329956055,True
round_robin,3,103,node-b,91207.37789347245,93.60814094543457,True
round_robin,3,103,node-c,184933.22924457738,857.3167324066162,True
round_robin,3,103,node-a,95303.80870984854,74.04470443725586,True
round_robin,3,103,node-b,92902.93063749393,78.31072807312012,True
round_robin,3,103,node-c,87590.7253831767,589.5516872406006,True
round_robin,3,103,node-a,182791.08372829066,132.94577598571777,True
round_robin,3,103,node-b,75577.04735105939,74.42593574523926,True
round_robin,3,103,node-c,57902.05406961808,354.9790382385254,True
round_robin,3,103,node-a,111717.53089425834,87.29076385498047,True
round_robin,3,103,node-b,243458.7618259205,199.2630958557129,True
round_robin,3,103,node-c,129276.7234613328,366.8234348297119,True
round_robin,3,103,node-a,234327.30199701802,164.0944480895996,True
round_robin,3,103,node-b,199625.4316411321,158.99157524108887,True
round_robin,3,103,node-c,61700.02879039875,241.74857139587402,True
round_robin,3,103,node-a,111868.80451722546,124.87316131591797,True
round_robin,3,103,node-b,102978.64576871687,91.48979187011719,True
round_robin,3,103,node-c,108945.21603737415,329.7145366668701,True
round_robin,3,103,node-a,201060.26617646954,221.69995307922363,True
round_robin,3,103,node-b,220476.4296909963,267.6243782043457,True
round_robin,3,103,node-c,157746.97005329837,823.878288269043,True
round_robin,3,103,node-a,200231.42372536816,214.2941951751709,True
round_robin,3,103,node-b,80813.5741170582,149.21116828918457,True
round_robin,3,103,node-c,164687.39549629175,853.3332347869873,True
round_robin,3,103,node-a,64411.7615508211,94.5744514465332,True
round_robin,3,103,node-b,91908.2651756865,76.51901245117188,True
round_robin,3,103,node-c,58664.86240490681,569.8056221008301,True
round_robin,3,103,node-a,202881.15144784263,185.7626438140869,True
round_robin,3,103,node-b,88528.13928781774,73.04692268371582,True
round_robin,3,103,node-c,161439.4688498118,1049.7429370880127,True
round_robin,3,103,node-a,57188.25878449786,107.02085494995117,True
round_robin,3,103,node-b,123885.79998362256,115.6454086303711,True
round_robin,3,103,node-c,166486.31217706422,1135.7276439666748,True
round_robin,3,103,node-a,116189.87761934286,99.1678237915039,True
round_robin,3,103,node-b,122088.4605436523,112.53499984741211,True
round_robin,3,103,node-c,120007.34632865313,984.1530323028564,True
round_robin,3,103,node-a,108056.41307781407,84.52486991882324,True
round_robin,3,103,node-b,92545.72078177107,85.26182174682617,True
round_robin,3,103,node-c,72799.96839844916,547.1832752227783,True
round_robin,3,103,node-a,186921.23620532738,142.52138137817383,True
round_robin,3,103,node-b,112002.31772572249,90.32344818115234,True
round_robin,3,103,node-c,115774.2164617706,439.3784999847412,True
round_robin,3,103,node-a,131624.12037062543,101.6538143157959,True
round_robin,3,103,node-b,59522.03150843621,63.54522705078125,True
round_robin,3,103,node-c,56376.06191975762,231.6570281982422,True
round_robin,3,103,node-a,56916.58366697921,56.967735290527344,True
round_robin,3,103,node-b,273631.2717735308,260.21337509155273,True
round_robin,3,103,node-c,97214.20689721538,226.37510299682617,True
weighted_round_robin,3,103,node-a,183858.37448803568,133.0726146697998,True
weighted_round_robin,3,103,node-b,55846.09930857076,64.32127952575684,True
weighted_round_robin,3,103,node-c,146432.9970456624,160.42065620422363,True
weighted_round_robin,3,103,node-a,58131.14166825511,53.87449264526367,True
weighted_round_robin,3,103,node-b,180981.0069604731,169.36135292053223,True
weighted_round_robin,3,103,node-a,48640.47364251137,52.228689193725586,True
weighted_round_robin,3,103,node-c,74234.296566801,66.72787666320801,True
weighted_round_robin,3,103,node-a,78191.5285518953,63.57741355895996,True
weighted_round_robin,3,103,node-b,36959.7859643174,48.685550689697266,True
weighted_round_robin,3,103,node-a,162207.86157717457,120.49746513366699,True
weighted_round_robin,3,103,node-b,48754.54568466055,49.98779296875,True
weighted_round_robin,3,103,node-c,55084.10156538177,58.99930000305176,True
weighted_round_robin,3,103,node-a,79849.49573922493,88.26231956481934,True
weighted_round_robin,3,103,node-b,153639.73310757452,129.70256805419922,True
weighted_round_robin,3,103,node-a,70514.48390746502,90.93427658081055,True
weighted_round_robin,3,103,node-c,286255.09985609667,1266.3445472717285,True
weighted_round_robin,3,103,node-a,104587.67820352115,137.7265453338623,True
weighted_round_robin,3,103,node-b,91648.95195148693,143.2957649230957,True
weighted_round_robin,3,103,node-a,132527.22664403237,148.4851837158203,True
weighted_round_robin,3,103,node-c,99177.11162702799,786.9863510131836,True
weighted_round_robin,3,103,node-b,62404.66003753899,125.25010108947754,True
weighted_round_robin,3,103,node-a,80443.65843796788,122.8790283203125,True
weighted_round_robin,3,103,node-a,115107.4078921821,153.05185317993164,True
weighted_round_robin,3,103,node-b,232984.02463740905,231.3551902770996,True
weighted_round_robin,3,103,node-c,120809.4697440605,972.9404449462891,True
weighted_round_robin,3,103,node-a,134325.0592124811,250.27203559875488,True
weighted_round_robin,3,103,node-b,34595.26318105532,77.43310928344727,True
weighted_round_robin,3,103,node-a,92629.88053441391,204.61535453796387,True
weighted_round_robin,3,103,node-c,104431.46098763704,837.5577926635742,True
weighted_round_robin,3,103,node-a,255276.23418129352,364.0124797821045,True
weighted_round_robin,3,103,node-b,234961.10338026096,414.3028259277344,True
weighted_round_robin,3,103,node-a,112368.31001091361,223.7107753753662,True
weighted_round_robin,3,103,node-b,137897.50347709045,313.9066696166992,True
weighted_round_robin,3,103,node-c,102280.32295629203,565.0951862335205,True
weighted_round_robin,3,103,node-a,73493.84428392089,133.8200569152832,True
weighted_round_robin,3,103,node-b,106751.31418340106,191.15829467773438,True
weighted_round_robin,3,103,node-a,87691.64612779058,81.97808265686035,True
weighted_round_robin,3,103,node-c,124437.93077629736,642.200231552124,True
weighted_round_robin,3,103,node-a,148930.69988171497,95.94607353210449,True
weighted_round_robin,3,103,node-b,95760.8203917608,85.44111251831055,True
weighted_round_robin,3,103,node-a,184884.75844595252,133.15129280090332,True
weighted_round_robin,3,103,node-c,60154.02683553787,160.98427772521973,True
weighted_round_robin,3,103,node-b,106579.74625907023,91.94087982177734,True
weighted_round_robin,3,103,node-a,117080.68868823869,99.91979598999023,True
weighted_round_robin,3,103,node-a,42246.79257767333,58.10260772705078,True
weighted_round_robin,3,103,node-b,144601.00956914682,110.58855056762695,True
weighted_round_robin,3,103,node-c,151667.2576671231,168.98345947265625,True
weighted_round_robin,3,103,node-a,250523.8401347273,323.8034248352051,True
weighted_round_robin,3,103,node-b,103553.26795100524,93.39451789855957,True
weighted_round_robin,3,103,node-a,143633.15929653076,268.10383796691895,True
weighted_round_robin,3,103,node-c,146886.98213372662,345.9277153015137,True
weighted_round_robin,3,103,node-a,46749.569597587106,128.93104553222656,True
weighted_round_robin,3,103,node-b,123098.49299431723,108.67047309875488,True
weighted_round_robin,3,103,node-a,51465.659195807006,59.371232986450195,True
weighted_round_robin,3,103,node-b,122410.53957450514,131.33811950683594,True
weighted_round_robin,3,103,node-c,152618.7609929371,173.91204833984375,True
weighted_round_robin,3,103,node-a,121552.01293931353,102.26559638977051,True
weighted_round_robin,3,103,node-b,37907.02908092132,38.54799270629883,True
weighted_round_robin,3,103,node-a,220390.84133332438,186.10906600952148,True
weighted_round_robin,3,103,node-c,123411.67085887089,142.2119140625,True
weighted_round_robin,3,103,node-a,174872.32914479452,157.75632858276367,True
weighted_round_robin,3,103,node-b,75178.4455503762,63.74835968017578,True
weighted_round_robin,3,103,node-a,87190.97708867707,71.69461250305176,True
weighted_round_robin,3,103,node-c,300979.8338568313,452.21495628356934,True
weighted_round_robin,3,103,node-b,96040.52521244649,88.64235877990723,True
weighted_round_robin,3,103,node-a,85478.05640399337,94.78926658630371,True
weighted_round_robin,3,103,node-a,87971.8002388402,116.58835411071777,True
weighted_round_robin,3,103,node-b,174953.56645716523,146.2538242340088,True
weighted_round_robin,3,103,node-c,48194.71947344105,161.07940673828125,True
weighted_round_robin,3,103,node-a,90316.96876963928,70.35207748413086,True
weighted_round_robin,3,103,node-b,67905.54739030248,58.9447021484375,True
weighted_round_robin,3,103,node-a,371333.458848167,412.4934673309326,True
weighted_round_robin,3,103,node-c,182440.15216870746,278.29623222351074,True
weighted_round_robin,3,103,node-a,111575.8577374528,191.70904159545898,True
weighted_round_robin,3,103,node-b,119141.64749629788,152.67491340637207,True
weighted_round_robin,3,103,node-a,94651.10552128257,288.9883518218994,True
weighted_round_robin,3,103,node-b,85075.36432944417,134.93728637695312,True
weighted_round_robin,3,103,node-c,97597.46276215906,83.61196517944336,True
weighted_round_robin,3,103,node-a,257871.58190996235,171.76318168640137,True
weighted_round_robin,3,103,node-b,91556.6512871448,77.45814323425293,True
weighted_round_robin,3,103,node-a,92712.612959535,76.71165466308594,True
weighted_round_robin,3,103,node-c,123844.14724108472,112.68734931945801,True
weighted_round_robin,3,103,node-a,222668.21138816225,161.30399703979492,True
weighted_round_robin,3,103,node-b,134969.50654447114,113.04330825805664,True
weighted_round_robin,3,103,node-a,62281.16834114662,55.676937103271484,True
weighted_round_robin,3,103,node-c,109476.91401092226,84.55419540405273,True
weighted_round_robin,3,103,node-b,107313.34519258603,85.92772483825684,True
weighted_round_robin,3,103,node-a,54639.253436358245,53.62439155578613,True
weighted_round_robin,3,103,node-a,73111.80277645525,67.35444068908691,True
weighted_round_robin,3,103,node-b,126254.41654302101,93.71209144592285,True
weighted_round_robin,3,103,node-c,85480.79371341529,76.66230201721191,True
weighted_round_robin,3,103,node-a,246406.03605972233,177.95991897583008,True
weighted_round_robin,3,103,node-b,126665.91166769242,99.05624389648438,True
weighted_round_robin,3,103,node-a,84337.1983574896,78.06634902954102,True
weighted_round_robin,3,103,node-c,102336.69820562276,92.94486045837402,True
weighted_round_robin,3,103,node-a,67345.63953349995,47.18160629272461,True
weighted_round_robin,3,103,node-b,76314.92471816731,69.54312324523926,True
weighted_round_robin,3,103,node-a,156712.90873841709,112.12849617004395,True
weighted_round_robin,3,103,node-b,102967.43064222962,90.31939506530762,True
weighted_round_robin,3,103,node-c,40669.92406619986,44.35014724731445,True
weighted_round_robin,3,103,node-a,54283.99285755779,75.29497146606445,True
weighted_round_robin,3,103,node-b,142693.50187229196,107.22875595092773,True
weighted_round_robin,3,103,node-a,60147.37459084485,74.4016170501709,True
weighted_round_robin,3,103,node-c,91207.37789347245,103.2860279083252,True
weighted_round_robin,3,103,node-a,184933.22924457738,201.4021873474121,True
weighted_round_robin,3,103,node-b,95303.80870984854,118.92557144165039,True
weighted_round_robin,3,103,node-a,92902.93063749393,100.08001327514648,True
weighted_round_robin,3,103,node-c,87590.7253831767,99.56479072570801,True
weighted_round_robin,3,103,node-b,182791.08372829066,156.85749053955078,True
weighted_round_robin,3,103,node-a,75577.04735105939,63.94767761230469,True
weighted_round_robin,3,103,node-a,57902.05406961808,58.451175689697266,True
weighted_round_robin,3,103,node-b,111717.53089425834,99.66516494750977,True
weighted_round_robin,3,103,node-c,243458.7618259205,388.78870010375977,True
weighted_round_robin,3,103,node-a,129276.7234613328,85.27922630310059,True
weighted_round_robin,3,103,node-b,234327.30199701802,191.50137901306152,True
weighted_round_robin,3,103,node-a,199625.4316411321,151.13282203674316,True
weighted_round_robin,3,103,node-c,61700.02879039875,162.9939079284668,True
weighted_round_robin,3,103,node-a,111868.80451722546,137.7701759338379,True
weighted_round_robin,3,103,node-b,102978.64576871687,168.23840141296387,True
weighted_round_robin,3,103,node-a,108945.21603737415,147.9039192199707,True
weighted_round_robin,3,103,node-b,201060.26617646954,399.3096351623535,True
weighted_round_robin,3,103,node-c,220476.4296909963,272.0029354095459,True
weighted_round_robin,3,103,node-a,157746.97005329837,181.9469928741455,True
weighted_round_robin,3,103,node-b,200231.42372536816,355.03554344177246,True
weighted_round_robin,3,103,node-a,80813.5741170582,106.81462287902832,True
weighted_round_robin,3,103,node-c,164687.39549629175,293.5929298400879,True
weighted_round_robin,3,103,node-a,64411.7615508211,61.2332820892334,True
weighted_round_robin,3,103,node-b,91908.2651756865,154.82521057128906,True
weighted_round_robin,3,103,node-a,58664.86240490681,61.277151107788086,True
weighted_round_robin,3,103,node-c,202881.15144784263,395.035982131958,True
weighted_round_robin,3,103,node-b,88528.13928781774,109.53140258789062,True
weighted_round_robin,3,103,node-a,161439.4688498118,148.7879753112793,True
weighted_round_robin,3,103,node-a,57188.25878449786,93.44840049743652,True
weighted_round_robin,3,103,node-b,123885.79998362256,133.9397430419922,True
weighted_round_robin,3,103,node-c,166486.31217706422,575.4787921905518,True
weighted_round_robin,3,103,node-a,116189.87761934286,105.75652122497559,True
weighted_round_robin,3,103,node-b,122088.4605436523,149.08790588378906,True
weighted_round_robin,3,103,node-a,120007.34632865313,102.30207443237305,True
weighted_round_robin,3,103,node-c,108056.41307781407,472.6119041442871,True
weighted_round_robin,3,103,node-a,92545.72078177107,74.74160194396973,True
weighted_round_robin,3,103,node-b,72799.96839844916,70.33920288085938,True
weighted_round_robin,3,103,node-a,186921.23620532738,132.77029991149902,True
weighted_round_robin,3,103,node-b,112002.31772572249,92.26036071777344,True
weighted_round_robin,3,103,node-c,115774.2164617706,155.2731990814209,True
weighted_round_robin,3,103,node-a,131624.12037062543,99.77149963378906,True
weighted_round_robin,3,103,node-b,59522.03150843621,57.211875915527344,True
weighted_round_robin,3,103,node-a,56376.06191975762,41.246652603149414,True
weighted_round_robin,3,103,node-c,56916.58366697921,51.17011070251465,True
weighted_round_robin,3,103,node-a,273631.2717735308,188.91334533691406,True
weighted_round_robin,3,103,node-b,97214.20689721538,88.5171890258789,True
ml_argmin_baseline,3,103,node-a,183858.37448803568,242.86246299743652,True
ml_argmin_baseline,3,103,node-b,55846.09930857076,61.3095760345459,True
ml_argmin_baseline,3,103,node-a,146432.9970456624,194.6547031402588,True
ml_argmin_baseline,3,103,node-b,58131.14166825511,53.023576736450195,True
ml_argmin_baseline,3,103,node-a,180981.0069604731,136.53063774108887,True
ml_argmin_baseline,3,103,node-b,48640.47364251137,62.47997283935547,True
ml_argmin_baseline,3,103,node-b,74234.296566801,81.22491836547852,True
ml_argmin_baseline,3,103,node-a,78191.5285518953,66.61057472229004,True
ml_argmin_baseline,3,103,node-a,36959.7859643174,53.64871025085449,True
ml_argmin_baseline,3,103,node-a,162207.86157717457,127.31170654296875,True
ml_argmin_baseline,3,103,node-a,48754.54568466055,58.96782875061035,True
ml_argmin_baseline,3,103,node-a,55084.10156538177,55.724382400512695,True
ml_argmin_baseline,3,103,node-a,79849.49573922493,120.23282051086426,True
ml_argmin_baseline,3,103,node-a,153639.73310757452,249.59135055541992,True
ml_argmin_baseline,3,103,node-a,70514.48390746502,185.38784980773926,True
ml_argmin_baseline,3,103,node-a,286255.09985609667,783.6740016937256,True
ml_argmin_baseline,3,103,node-a,104587.67820352115,407.20295906066895,True
ml_argmin_baseline,3,103,node-a,91648.95195148693,396.7852592468262,True
ml_argmin_baseline,3,103,node-a,132527.22664403237,1114.2051219940186,True
ml_argmin_baseline,3,103,node-a,99177.11162702799,515.9163475036621,True
ml_argmin_baseline,3,103,node-a,62404.66003753899,543.3259010314941,True
ml_argmin_baseline,3,103,node-b,80443.65843796788,178.85637283325195,True
ml_argmin_baseline,3,103,node-b,115107.4078921821,179.34298515319824,True
ml_argmin_baseline,3,103,node-a,232984.02463740905,985.7268333435059,True
ml_argmin_baseline,3,103,node-b,120809.4697440605,600.8400917053223,True
ml_argmin_baseline,3,103,node-b,134325.0592124811,659.9078178405762,True
ml_argmin_baseline,3,103,node-b,34595.26318105532,558.3803653717041,True
ml_argmin_baseline,3,103,node-b,92629.88053441391,673.9912033081055,True
ml_argmin_baseline,3,103,node-b,104431.46098763704,688.4145736694336,True
ml_argmin_baseline,3,103,node-a,255276.23418129352,770.902156829834,True
ml_argmin_baseline,3,103,node-a,234961.10338026096,686.260461807251,True
ml_argmin_baseline,3,103,node-b,112368.31001091361,685.4398250579834,True
ml_argmin_baseline,3,103,node-b,137897.50347709045,1047.187328338623,True
ml_argmin_baseline,3,103,node-b,102280.32295629203,670.6197261810303,True
ml_argmin_baseline,3,103,node-b,73493.84428392089,787.9068851470947,True
ml_argmin_baseline,3,103,node-b,106751.31418340106,1005.2957534790039,True
ml_argmin_baseline,3,103,node-b,87691.64612779058,807.2957992553711,True
ml_argmin_baseline,3,103,node-b,124437.93077629736,869.4264888763428,True
ml_argmin_baseline,3,103,node-a,148930.69988171497,332.80134201049805,True
ml_argmin_baseline,3,103,node-a,95760.8203917608,265.3384208679199,True
ml_argmin_baseline,3,103,node-a,184884.75844595252,328.1817436218262,True
ml_argmin_baseline,3,103,node-c,60154.02683553787,55.90343475341797,True
ml_argmin_baseline,3,103,node-a,106579.74625907023,161.93580627441406,True
ml_argmin_baseline,3,103,node-a,117080.68868823869,239.33005332946777,True
ml_argmin_baseline,3,103,node-c,42246.79257767333,48.08449745178223,True
ml_argmin_baseline,3,103,node-a,144601.00956914682,134.1419219970703,True
ml_argmin_baseline,3,103,node-a,151667.2576671231,184.51690673828125,True
ml_argmin_baseline,3,103,node-a,250523.8401347273,603.0776500701904,True
ml_argmin_baseline,3,103,node-a,103553.26795100524,216.35055541992188,True
ml_argmin_baseline,3,103,node-a,143633.15929653076,387.347936630249,True
ml_argmin_baseline,3,103,node-a,146886.98213372662,543.445348739624,True
ml_argmin_baseline,3,103,node-b,46749.569597587106,47.12176322937012,True
ml_argmin_baseline,3,103,node-a,123098.49299431723,439.7902488708496,True
ml_argmin_baseline,3,103,node-b,51465.659195807006,79.32209968566895,True
ml_argmin_baseline,3,103,node-b,122410.53957450514,114.82644081115723,True
ml_argmin_baseline,3,103,node-a,152618.7609929371,130.31792640686035,True
ml_argmin_baseline,3,103,node-b,121552.01293931353,97.93496131896973,True
ml_argmin_baseline,3,103,node-a,37907.02908092132,71.56229019165039,True
ml_argmin_baseline,3,103,node-a,220390.84133332438,178.62391471862793,True
ml_argmin_baseline,3,103,node-b,123411.67085887089,260.0982189178467,True
ml_argmin_baseline,3,103,node-b,174872.32914479452,367.0783042907715,True
ml_argmin_baseline,3,103,node-b,75178.4455503762,359.62963104248047,True
ml_argmin_baseline,3,103,node-b,87190.97708867707,316.6923522949219,True
ml_argmin_baseline,3,103,node-b,300979.8338568313,1103.7461757659912,True
ml_argmin_baseline,3,103,node-b,96040.52521244649,556.5698146820068,True
ml_argmin_baseline,3,103,node-b,85478.05640399337,739.1552925109863,True
ml_argmin_baseline,3,103,node-a,87971.8002388402,73.82369041442871,True
ml_argmin_baseline,3,103,node-a,174953.56645716523,131.1640739440918,True
ml_argmin_baseline,3,103,node-c,48194.71947344105,35.66122055053711,True
ml_argmin_baseline,3,103,node-c,90316.96876963928,129.47487831115723,True
ml_argmin_baseline,3,103,node-c,67905.54739030248,173.94351959228516,True
ml_argmin_baseline,3,103,node-b,371333.458848167,1080.3577899932861,True
ml_argmin_baseline,3,103,node-b,182440.15216870746,621.9286918640137,True
ml_argmin_baseline,3,103,node-a,111575.8577374528,168.67589950561523,True
ml_argmin_baseline,3,103,node-a,119141.64749629788,147.78423309326172,True
ml_argmin_baseline,3,103,node-c,94651.10552128257,345.35980224609375,True
ml_argmin_baseline,3,103,node-c,85075.36432944417,339.65396881103516,True
ml_argmin_baseline,3,103,node-a,97597.46276215906,79.11014556884766,True
ml_argmin_baseline,3,103,node-b,257871.58190996235,521.3005542755127,True
ml_argmin_baseline,3,103,node-a,91556.6512871448,84.23256874084473,True
ml_argmin_baseline,3,103,node-a,92712.612959535,96.53806686401367,True
ml_argmin_baseline,3,103,node-a,123844.14724108472,165.03572463989258,True
ml_argmin_baseline,3,103,node-a,222668.21138816225,415.4362678527832,True
ml_argmin_baseline,3,103,node-a,134969.50654447114,399.242639541626,True
ml_argmin_baseline,3,103,node-c,62281.16834114662,61.46740913391113,True
ml_argmin_baseline,3,103,node-a,109476.91401092226,309.4363212585449,True
ml_argmin_baseline,3,103,node-c,107313.34519258603,73.94838333129883,True
ml_argmin_baseline,3,103,node-c,54639.253436358245,124.03440475463867,True
ml_argmin_baseline,3,103,node-b,73111.80277645525,64.45884704589844,True
ml_argmin_baseline,3,103,node-a,126254.41654302101,122.08008766174316,True
ml_argmin_baseline,3,103,node-a,85480.79371341529,145.7960605621338,True
ml_argmin_baseline,3,103,node-a,246406.03605972233,211.87281608581543,True
ml_argmin_baseline,3,103,node-b,126665.91166769242,98.62804412841797,True
ml_argmin_baseline,3,103,node-a,84337.1983574896,93.6439037322998,True
ml_argmin_baseline,3,103,node-a,102336.69820562276,125.78606605529785,True
ml_argmin_baseline,3,103,node-a,67345.63953349995,74.93782043457031,True
ml_argmin_baseline,3,103,node-b,76314.92471816731,69.12875175476074,True
ml_argmin_baseline,3,103,node-b,156712.90873841709,218.06573867797852,True
ml_argmin_baseline,3,103,node-a,102967.43064222962,114.48884010314941,True
ml_argmin_baseline,3,103,node-a,40669.92406619986,85.3111743927002,True
ml_argmin_baseline,3,103,node-a,54283.99285755779,54.15534973144531,True
ml_argmin_baseline,3,103,node-a,142693.50187229196,342.88573265075684,True
ml_argmin_baseline,3,103,node-a,60147.37459084485,333.5764408111572,True
ml_argmin_baseline,3,103,node-a,91207.37789347245,260.01834869384766,True
ml_argmin_baseline,3,103,node-a,184933.22924457738,514.7521495819092,True
ml_argmin_baseline,3,103,node-a,95303.80870984854,471.1565971374512,True
ml_argmin_baseline,3,103,node-a,92902.93063749393,359.23099517822266,True
ml_argmin_baseline,3,103,node-a,87590.7253831767,290.08030891418457,True
ml_argmin_baseline,3,103,node-a,182791.08372829066,311.8290901184082,True
ml_argmin_baseline,3,103,node-b,75577.04735105939,73.17304611206055,True
ml_argmin_baseline,3,103,node-c,57902.05406961808,58.066368103027344,True
ml_argmin_baseline,3,103,node-b,111717.53089425834,116.85395240783691,True
ml_argmin_baseline,3,103,node-a,243458.7618259205,284.03735160827637,True
ml_argmin_baseline,3,103,node-a,129276.7234613328,241.61195755004883,True
ml_argmin_baseline,3,103,node-a,234327.30199701802,313.77530097961426,True
ml_argmin_baseline,3,103,node-b,199625.4316411321,159.81531143188477,True
ml_argmin_baseline,3,103,node-c,61700.02879039875,56.11610412597656,True
ml_argmin_baseline,3,103,node-b,111868.80451722546,459.9180221557617,True
ml_argmin_baseline,3,103,node-b,102978.64576871687,164.23916816711426,True
ml_argmin_baseline,3,103,node-b,108945.21603737415,447.5369453430176,True
ml_argmin_baseline,3,103,node-b,201060.26617646954,470.644474029541,True
ml_argmin_baseline,3,103,node-a,220476.4296909963,353.9712429046631,True
ml_argmin_baseline,3,103,node-a,157746.97005329837,357.957124710083,True
ml_argmin_baseline,3,103,node-a,200231.42372536816,435.38784980773926,True
ml_argmin_baseline,3,103,node-c,80813.5741170582,79.19955253601074,True
ml_argmin_baseline,3,103,node-a,164687.39549629175,366.95027351379395,True
ml_argmin_baseline,3,103,node-c,64411.7615508211,79.06317710876465,True
ml_argmin_baseline,3,103,node-c,91908.2651756865,128.54409217834473,True
ml_argmin_baseline,3,103,node-c,58664.86240490681,198.40574264526367,True
ml_argmin_baseline,3,103,node-a,202881.15144784263,416.83316230773926,True
ml_argmin_baseline,3,103,node-a,88528.13928781774,418.54190826416016,True
ml_argmin_baseline,3,103,node-a,161439.4688498118,389.45460319519043,True
ml_argmin_baseline,3,103,node-a,57188.25878449786,149.14655685424805,True
ml_argmin_baseline,3,103,node-b,123885.79998362256,186.01131439208984,True
ml_argmin_baseline,3,103,node-b,166486.31217706422,336.9889259338379,True
ml_argmin_baseline,3,103,node-b,116189.87761934286,342.0147895812988,True
ml_argmin_baseline,3,103,node-b,122088.4605436523,490.66638946533203,True
ml_argmin_baseline,3,103,node-b,120007.34632865313,506.61182403564453,True
ml_argmin_baseline,3,103,node-b,108056.41307781407,591.0549163818359,True
ml_argmin_baseline,3,103,node-c,92545.72078177107,207.17430114746094,True
ml_argmin_baseline,3,103,node-c,72799.96839844916,196.90322875976562,True
ml_argmin_baseline,3,103,node-a,186921.23620532738,123.1698989868164,True
ml_argmin_baseline,3,103,node-c,112002.31772572249,141.204833984375,True
ml_argmin_baseline,3,103,node-a,115774.2164617706,94.40994262695312,True
ml_argmin_baseline,3,103,node-a,131624.12037062543,107.67102241516113,True
ml_argmin_baseline,3,103,node-c,59522.03150843621,84.08737182617188,True
ml_argmin_baseline,3,103,node-c,56376.06191975762,99.4713306427002,True
ml_argmin_baseline,3,103,node-a,56916.58366697921,73.17709922790527,True
ml_argmin_baseline,3,103,node-a,273631.2717735308,380.43737411499023,True
ml_argmin_baseline,3,103,node-a,97214.20689721538,198.27604293823242,True
ml_softmax_propuesto,3,103,node-a,183858.37448803568,283.71143341064453,True
ml_softmax_propuesto,3,103,node-a,55846.09930857076,146.7905044555664,True
ml_softmax_propuesto,3,103,node-a,146432.9970456624,253.17692756652832,True
ml_softmax_propuesto,3,103,node-c,58131.14166825511,50.58646202087402,True
ml_softmax_propuesto,3,103,node-a,180981.0069604731,193.36867332458496,True
ml_softmax_propuesto,3,103,node-c,48640.47364251137,47.34015464782715,True
ml_softmax_propuesto,3,103,node-c,74234.296566801,177.78515815734863,True
ml_softmax_propuesto,3,103,node-b,78191.5285518953,77.57902145385742,True
ml_softmax_propuesto,3,103,node-a,36959.7859643174,40.06814956665039,True
ml_softmax_propuesto,3,103,node-a,162207.86157717457,140.36917686462402,True
ml_softmax_propuesto,3,103,node-a,48754.54568466055,47.240257263183594,True
ml_softmax_propuesto,3,103,node-c,55084.10156538177,123.41141700744629,True
ml_softmax_propuesto,3,103,node-c,79849.49573922493,318.01843643188477,True
ml_softmax_propuesto,3,103,node-c,153639.73310757452,702.5973796844482,True
ml_softmax_propuesto,3,103,node-c,70514.48390746502,474.4119644165039,True
ml_softmax_propuesto,3,103,node-a,286255.09985609667,555.3960800170898,True
ml_softmax_propuesto,3,103,node-a,104587.67820352115,496.2124824523926,True
ml_softmax_propuesto,3,103,node-a,91648.95195148693,294.5735454559326,True
ml_softmax_propuesto,3,103,node-a,132527.22664403237,444.7791576385498,True
ml_softmax_propuesto,3,103,node-a,99177.11162702799,465.6236171722412,True
ml_softmax_propuesto,3,103,node-a,62404.66003753899,324.9962329864502,True
ml_softmax_propuesto,3,103,node-b,80443.65843796788,74.50675964355469,True
ml_softmax_propuesto,3,103,node-a,115107.4078921821,610.9404563903809,True
ml_softmax_propuesto,3,103,node-a,232984.02463740905,1100.1863479614258,True
ml_softmax_propuesto,3,103,node-b,120809.4697440605,134.40728187561035,True
ml_softmax_propuesto,3,103,node-a,134325.0592124811,615.7140731811523,True
ml_softmax_propuesto,3,103,node-a,34595.26318105532,496.64831161499023,True
ml_softmax_propuesto,3,103,node-c,92629.88053441391,388.4594440460205,True
ml_softmax_propuesto,3,103,node-a,104431.46098763704,1086.573839187622,True
ml_softmax_propuesto,3,103,node-a,255276.23418129352,1034.0378284454346,True
ml_softmax_propuesto,3,103,node-a,234961.10338026096,1137.707233428955,True
ml_softmax_propuesto,3,103,node-a,112368.31001091361,630.9902667999268,True
ml_softmax_propuesto,3,103,node-a,137897.50347709045,689.8856163024902,True
ml_softmax_propuesto,3,103,node-b,102280.32295629203,71.64955139160156,True
ml_softmax_propuesto,3,103,node-c,73493.84428392089,66.2379264831543,True
ml_softmax_propuesto,3,103,node-b,106751.31418340106,118.0717945098877,True
ml_softmax_propuesto,3,103,node-b,87691.64612779058,103.51848602294922,True
ml_softmax_propuesto,3,103,node-c,124437.93077629736,103.19805145263672,True
ml_softmax_propuesto,3,103,node-b,148930.69988171497,115.50021171569824,True
ml_softmax_propuesto,3,103,node-a,95760.8203917608,448.94933700561523,True
ml_softmax_propuesto,3,103,node-c,184884.75844595252,365.5056953430176,True
ml_softmax_propuesto,3,103,node-b,60154.02683553787,67.89612770080566,True
ml_softmax_propuesto,3,103,node-b,106579.74625907023,140.62166213989258,True
ml_softmax_propuesto,3,103,node-c,117080.68868823869,256.7000389099121,True
ml_softmax_propuesto,3,103,node-b,42246.79257767333,42.937278747558594,True
ml_softmax_propuesto,3,103,node-a,144601.00956914682,111.5419864654541,True
ml_softmax_propuesto,3,103,node-b,151667.2576671231,125.57101249694824,True
ml_softmax_propuesto,3,103,node-a,250523.8401347273,309.35001373291016,True
ml_softmax_propuesto,3,103,node-a,103553.26795100524,174.77798461914062,True
ml_softmax_propuesto,3,103,node-c,143633.15929653076,183.62689018249512,True
ml_softmax_propuesto,3,103,node-a,146886.98213372662,294.6639060974121,True
ml_softmax_propuesto,3,103,node-c,46749.569597587106,185.01687049865723,True
ml_softmax_propuesto,3,103,node-c,123098.49299431723,316.2121772766113,True
ml_softmax_propuesto,3,103,node-a,51465.659195807006,53.30371856689453,True
ml_softmax_propuesto,3,103,node-b,122410.53957450514,105.41963577270508,True
ml_softmax_propuesto,3,103,node-a,152618.7609929371,207.56816864013672,True
ml_softmax_propuesto,3,103,node-a,121552.01293931353,189.4700527191162,True
ml_softmax_propuesto,3,103,node-b,37907.02908092132,25.170087814331055,True
ml_softmax_propuesto,3,103,node-c,220390.84133332438,506.71887397766113,True
ml_softmax_propuesto,3,103,node-b,123411.67085887089,111.41395568847656,True
ml_softmax_propuesto,3,103,node-a,174872.32914479452,113.32583427429199,True
ml_softmax_propuesto,3,103,node-b,75178.4455503762,108.05058479309082,True
ml_softmax_propuesto,3,103,node-a,87190.97708867707,149.5342254638672,True
ml_softmax_propuesto,3,103,node-a,300979.8338568313,360.77332496643066,True
ml_softmax_propuesto,3,103,node-a,96040.52521244649,257.89475440979004,True
ml_softmax_propuesto,3,103,node-b,85478.05640399337,146.78120613098145,True
ml_softmax_propuesto,3,103,node-b,87971.8002388402,212.8889560699463,True
ml_softmax_propuesto,3,103,node-b,174953.56645716523,364.0291690826416,True
ml_softmax_propuesto,3,103,node-b,48194.71947344105,187.3621940612793,True
ml_softmax_propuesto,3,103,node-c,90316.96876963928,75.7136344909668,True
ml_softmax_propuesto,3,103,node-a,67905.54739030248,64.26286697387695,True
ml_softmax_propuesto,3,103,node-c,371333.458848167,845.6382751464844,True
ml_softmax_propuesto,3,103,node-a,182440.15216870746,140.93255996704102,True
ml_softmax_propuesto,3,103,node-b,111575.8577374528,251.37782096862793,True
ml_softmax_propuesto,3,103,node-b,119141.64749629788,329.8604488372803,True
ml_softmax_propuesto,3,103,node-c,94651.10552128257,570.5842971801758,True
ml_softmax_propuesto,3,103,node-c,85075.36432944417,372.708797454834,True
ml_softmax_propuesto,3,103,node-b,97597.46276215906,80.37114143371582,True
ml_softmax_propuesto,3,103,node-a,257871.58190996235,190.0181770324707,True
ml_softmax_propuesto,3,103,node-b,91556.6512871448,87.76473999023438,True
ml_softmax_propuesto,3,103,node-b,92712.612959535,169.38138008117676,True
ml_softmax_propuesto,3,103,node-b,123844.14724108472,824.01442527771,True
ml_softmax_propuesto,3,103,node-b,222668.21138816225,798.3157634735107,True
ml_softmax_propuesto,3,103,node-b,134969.50654447114,759.5901489257812,True
ml_softmax_propuesto,3,103,node-b,62281.16834114662,512.8922462463379,True
ml_softmax_propuesto,3,103,node-b,109476.91401092226,576.8182277679443,True
ml_softmax_propuesto,3,103,node-c,107313.34519258603,90.98362922668457,True
ml_softmax_propuesto,3,103,node-a,54639.253436358245,58.25924873352051,True
ml_softmax_propuesto,3,103,node-a,73111.80277645525,65.07992744445801,True
ml_softmax_propuesto,3,103,node-a,126254.41654302101,144.06847953796387,True
ml_softmax_propuesto,3,103,node-a,85480.79371341529,145.19858360290527,True
ml_softmax_propuesto,3,103,node-b,246406.03605972233,347.45264053344727,True
ml_softmax_propuesto,3,103,node-c,126665.91166769242,162.28985786437988,True
ml_softmax_propuesto,3,103,node-c,84337.1983574896,162.39094734191895,True
ml_softmax_propuesto,3,103,node-c,102336.69820562276,257.7824592590332,True
ml_softmax_propuesto,3,103,node-a,67345.63953349995,59.34762954711914,True
ml_softmax_propuesto,3,103,node-c,76314.92471816731,220.89362144470215,True
ml_softmax_propuesto,3,103,node-b,156712.90873841709,153.68103981018066,True
ml_softmax_propuesto,3,103,node-b,102967.43064222962,121.34265899658203,True
ml_softmax_propuesto,3,103,node-a,40669.92406619986,48.81119728088379,True
ml_softmax_propuesto,3,103,node-c,54283.99285755779,63.5685920715332,True
ml_softmax_propuesto,3,103,node-c,142693.50187229196,262.58254051208496,True
ml_softmax_propuesto,3,103,node-b,60147.37459084485,149.60598945617676,True
ml_softmax_propuesto,3,103,node-b,91207.37789347245,152.07719802856445,True
ml_softmax_propuesto,3,103,node-a,184933.22924457738,139.4500732421875,True
ml_softmax_propuesto,3,103,node-b,95303.80870984854,250.2140998840332,True
ml_softmax_propuesto,3,103,node-b,92902.93063749393,161.29398345947266,True
ml_softmax_propuesto,3,103,node-a,87590.7253831767,77.74949073791504,True
ml_softmax_propuesto,3,103,node-a,182791.08372829066,128.51524353027344,True
ml_softmax_propuesto,3,103,node-c,75577.04735105939,101.37939453125,True
ml_softmax_propuesto,3,103,node-b,57902.05406961808,59.80873107910156,True
ml_softmax_propuesto,3,103,node-a,111717.53089425834,91.72677993774414,True
ml_softmax_propuesto,3,103,node-c,243458.7618259205,346.7741012573242,True
ml_softmax_propuesto,3,103,node-a,129276.7234613328,147.82476425170898,True
ml_softmax_propuesto,3,103,node-a,234327.30199701802,357.4557304382324,True
ml_softmax_propuesto,3,103,node-a,199625.4316411321,279.85644340515137,True
ml_softmax_propuesto,3,103,node-b,61700.02879039875,61.075687408447266,True
ml_softmax_propuesto,3,103,node-b,111868.80451722546,128.30305099487305,True
ml_softmax_propuesto,3,103,node-c,102978.64576871687,190.51575660705566,True
ml_softmax_propuesto,3,103,node-c,108945.21603737415,277.8909206390381,True
ml_softmax_propuesto,3,103,node-b,201060.26617646954,494.80581283569336,True
ml_softmax_propuesto,3,103,node-b,220476.4296909963,794.7053909301758,True
ml_softmax_propuesto,3,103,node-b,157746.97005329837,590.5365943908691,True
ml_softmax_propuesto,3,103,node-a,200231.42372536816,166.92709922790527,True
ml_softmax_propuesto,3,103,node-b,80813.5741170582,576.629638671875,True
ml_softmax_propuesto,3,103,node-a,164687.39549629175,155.06863594055176,True
ml_softmax_propuesto,3,103,node-c,64411.7615508211,85.54816246032715,True
ml_softmax_propuesto,3,103,node-b,91908.2651756865,560.9445571899414,True
ml_softmax_propuesto,3,103,node-b,58664.86240490681,417.68383979797363,True
ml_softmax_propuesto,3,103,node-b,202881.15144784263,815.8879280090332,True
ml_softmax_propuesto,3,103,node-c,88528.13928781774,113.38162422180176,True
ml_softmax_propuesto,3,103,node-a,161439.4688498118,126.70159339904785,True
ml_softmax_propuesto,3,103,node-b,57188.25878449786,466.75610542297363,True
ml_softmax_propuesto,3,103,node-a,123885.79998362256,95.42059898376465,True
ml_softmax_propuesto,3,103,node-b,166486.31217706422,614.6130561828613,True
ml_softmax_propuesto,3,103,node-c,116189.87761934286,831.9346904754639,True
ml_softmax_propuesto,3,103,node-c,122088.4605436523,809.5664978027344,True
ml_softmax_propuesto,3,103,node-c,120007.34632865313,763.0860805511475,True
ml_softmax_propuesto,3,103,node-c,108056.41307781407,709.9165916442871,True
ml_softmax_propuesto,3,103,node-a,92545.72078177107,134.97185707092285,True
ml_softmax_propuesto,3,103,node-a,72799.96839844916,110.00275611877441,True
ml_softmax_propuesto,3,103,node-c,186921.23620532738,818.5508251190186,True
ml_softmax_propuesto,3,103,node-c,112002.31772572249,538.2111072540283,True
ml_softmax_propuesto,3,103,node-a,115774.2164617706,94.76804733276367,True
ml_softmax_propuesto,3,103,node-a,131624.12037062543,92.73338317871094,True
ml_softmax_propuesto,3,103,node-b,59522.03150843621,55.4811954498291,True
ml_softmax_propuesto,3,103,node-a,56376.06191975762,72.77250289916992,True
ml_softmax_propuesto,3,103,node-b,56916.58366697921,75.59347152709961,True
ml_softmax_propuesto,3,103,node-b,273631.2717735308,340.3925895690918,True
ml_softmax_propuesto,3,103,node-a,97214.20689721538,85.11662483215332,True
round_robin,4,104,node-a,140267.3255527465,98.44541549682617,True
round_robin,4,104,node-b,140133.00432645265,117.65623092651367,True
round_robin,4,104,node-c,77576.40953216216,91.93134307861328,True
round_robin,4,104,node-a,105381.19667777841,92.65828132629395,True
round_robin,4,104,node-b,105928.11552969764,96.62961959838867,True
round_robin,4,104,node-c,108984.47712920001,100.28076171875,True
round_robin,4,104,node-a,315405.59073991945,224.57051277160645,True
round_robin,4,104,node-b,91887.81678499731,77.70657539367676,True
round_robin,4,104,node-c,91521.23340091834,160.37702560424805,True
round_robin,4,104,node-a,84221.34154501269,78.60708236694336,True
round_robin,4,104,node-b,177770.9574270159,169.175386428833,True
round_robin,4,104,node-c,86147.77541144176,72.03841209411621,True
round_robin,4,104,node-a,101328.97880478391,87.34726905822754,True
round_robin,4,104,node-b,164477.7647646001,194.59128379821777,True
round_robin,4,104,node-c,154964.22344525432,354.64024543762207,True
round_robin,4,104,node-a,65054.43516899715,71.54130935668945,True
round_robin,4,104,node-b,262424.03556657844,479.567289352417,True
round_robin,4,104,node-c,121659.40471738798,404.68454360961914,True
round_robin,4,104,node-a,170358.94567475253,125.0002384185791,True
round_robin,4,104,node-b,124959.39033203677,298.47168922424316,True
round_robin,4,104,node-c,249730.2489518903,754.0643215179443,True
round_robin,4,104,node-a,89008.61770515637,60.83035469055176,True
round_robin,4,104,node-b,77589.05764651652,83.92095565795898,True
round_robin,4,104,node-c,130199.19738364723,511.608362197876,True
round_robin,4,104,node-a,212289.29715078312,157.58538246154785,True
round_robin,4,104,node-b,105439.98318038155,94.56801414489746,True
round_robin,4,104,node-c,167073.772042166,760.3223323822021,True
round_robin,4,104,node-a,232547.5714280282,167.2191619873047,True
round_robin,4,104,node-b,52486.38646024677,56.78272247314453,True
round_robin,4,104,node-c,212858.81171143614,834.8977565765381,True
round_robin,4,104,node-a,188947.0506932328,149.51348304748535,True
round_robin,4,104,node-b,83628.43211127512,71.12407684326172,True
round_robin,4,104,node-c,104043.36144316752,575.9296417236328,True
round_robin,4,104,node-a,84485.53873821243,57.24072456359863,True
round_robin,4,104,node-b,161753.15884840782,147.80902862548828,True
round_robin,4,104,node-c,78397.66150240584,513.5486125946045,True
round_robin,4,104,node-a,147911.6325043416,98.93941879272461,True
round_robin,4,104,node-b,214906.48309613985,193.71509552001953,True
round_robin,4,104,node-c,44528.7816892479,436.28883361816406,True
round_robin,4,104,node-a,133008.94648766887,110.56756973266602,True
round_robin,4,104,node-b,103270.73794896145,83.3892822265625,True
round_robin,4,104,node-c,83646.2001895333,314.55302238464355,True
round_robin,4,104,node-a,133840.70416646817,105.6361198425293,True
round_robin,4,104,node-b,100475.72485539275,85.1595401763916,True
round_robin,4,104,node-c,49247.31191280873,244.06766891479492,True
round_robin,4,104,node-a,79094.46249823754,53.680419921875,True
round_robin,4,104,node-b,105622.90640373561,82.67855644226074,True
round_robin,4,104,node-c,73343.39964352499,216.48788452148438,True
round_robin,4,104,node-a,54427.76959512344,59.43417549133301,True
round_robin,4,104,node-b,367961.43961535493,471.67396545410156,True
round_robin,4,104,node-c,220488.1274859541,359.818696975708,True
round_robin,4,104,node-a,204663.42195250833,161.2992286682129,True
round_robin,4,104,node-b,112682.91395390553,294.6798801422119,True
round_robin,4,104,node-c,37727.24026498777,255.2926540374756,True
round_robin,4,104,node-a,92292.95507110789,97.32484817504883,True
round_robin,4,104,node-b,139253.75258533022,336.58313751220703,True
round_robin,4,104,node-c,84821.90270198074,317.7220821380615,True
round_robin,4,104,node-a,79200.96363981663,69.49710845947266,True
round_robin,4,104,node-b,126623.769417272,318.5381889343262,True
round_robin,4,104,node-c,310157.0875466754,1141.4234638214111,True
round_robin,4,104,node-a,125194.96012718929,102.00214385986328,True
round_robin,4,104,node-b,114744.1732157877,238.24286460876465,True
round_robin,4,104,node-c,75127.20655158933,404.8192501068115,True
round_robin,4,104,node-a,233438.64659982536,164.5510196685791,True
round_robin,4,104,node-b,130144.44684971547,126.66535377502441,True
round_robin,4,104,node-c,108428.3346920955,751.0087490081787,True
round_robin,4,104,node-a,95687.02841097067,75.26922225952148,True
round_robin,4,104,node-b,83895.12255699684,77.87322998046875,True
round_robin,4,104,node-c,127219.48593578332,643.674373626709,True
round_robin,4,104,node-a,320352.07408324955,215.70205688476562,True
round_robin,4,104,node-b,118835.47422219982,94.2225456237793,True
round_robin,4,104,node-c,151471.2750287482,544.1305637359619,True
round_robin,4,104,node-a,79095.039187947,78.79996299743652,True
round_robin,4,104,node-b,135736.6061098375,100.94213485717773,True
round_robin,4,104,node-c,56689.59068843566,590.18874168396,True
round_robin,4,104,node-a,240710.2454105192,165.0533676147461,True
round_robin,4,104,node-b,89764.71731044886,76.86614990234375,True
round_robin,4,104,node-c,151147.24994710457,924.109935760498,True
round_robin,4,104,node-a,125695.62924373282,103.9581298828125,True
round_robin,4,104,node-b,241749.71522452557,266.6964530944824,True
round_robin,4,104,node-c,158949.852776832,633.6023807525635,True
round_robin,4,104,node-a,162460.7621174974,118.83354187011719,True
round_robin,4,104,node-b,52766.0284123731,131.18553161621094,True
round_robin,4,104,node-c,67730.92514560168,494.870662689209,True
round_robin,4,104,node-a,66586.55149068423,68.49431991577148,True
round_robin,4,104,node-b,68503.24306785088,129.7016143798828,True
round_robin,4,104,node-c,72195.62152027113,446.3081359863281,True
round_robin,4,104,node-a,173143.93811593545,134.4296932220459,True
round_robin,4,104,node-b,106425.35076446313,218.3825969696045,True
round_robin,4,104,node-c,109898.16810364705,496.41919136047363,True
round_robin,4,104,node-a,68498.17730730356,62.80708312988281,True
round_robin,4,104,node-b,67842.53804607596,102.14900970458984,True
round_robin,4,104,node-c,54807.92941574213,552.8810024261475,True
round_robin,4,104,node-a,184198.67570621832,130.11431694030762,True
round_robin,4,104,node-b,113700.87209448114,87.97597885131836,True
round_robin,4,104,node-c,153747.45728485723,708.5506916046143,True
round_robin,4,104,node-a,120456.15220143985,97.09000587463379,True
round_robin,4,104,node-b,67673.42032431292,56.64777755737305,True
round_robin,4,104,node-c,103088.89594232467,654.4363498687744,True
round_robin,4,104,node-a,36338.061724823725,44.135332107543945,True
round_robin,4,104,node-b,151873.86615160314,124.48811531066895,True
round_robin,4,104,node-c,108075.68032182923,422.0728874206543,True
round_robin,4,104,node-a,118848.3015946886,89.67971801757812,True
round_robin,4,104,node-b,112095.3369881226,88.83380889892578,True
round_robin,4,104,node-c,144206.56747446518,540.8976078033447,True
round_robin,4,104,node-a,94362.000618217,76.44534111022949,True
round_robin,4,104,node-b,107732.755634327,78.48930358886719,True
round_robin,4,104,node-c,75199.0899931892,254.8696994781494,True
round_robin,4,104,node-a,93626.23661332518,81.84361457824707,True
round_robin,4,104,node-b,124464.79540249158,110.16678810119629,True
round_robin,4,104,node-c,167160.17300180122,606.5356731414795,True
round_robin,4,104,node-a,87765.17894214188,78.35626602172852,True
round_robin,4,104,node-b,52309.69223034571,47.00899124145508,True
round_robin,4,104,node-c,41370.10716370793,303.77721786499023,True
round_robin,4,104,node-a,92492.76938852423,74.30076599121094,True
round_robin,4,104,node-b,72942.1489306148,50.376176834106445,True
round_robin,4,104,node-c,141952.80691761503,433.424711227417,True
round_robin,4,104,node-a,239327.81126868943,180.30166625976562,True
round_robin,4,104,node-b,71260.82469584192,62.41631507873535,True
round_robin,4,104,node-c,204592.55054388687,657.5911045074463,True
round_robin,4,104,node-a,195490.29033340767,157.0420265197754,True
round_robin,4,104,node-b,65260.990479538086,55.7253360748291,True
round_robin,4,104,node-c,84604.09688901393,358.0460548400879,True
round_robin,4,104,node-a,152638.18228707538,113.32893371582031,True
round_robin,4,104,node-b,70650.9774729265,60.706377029418945,True
round_robin,4,104,node-c,64044.775798203904,218.4906005859375,True
round_robin,4,104,node-a,157680.37450964234,118.20149421691895,True
round_robin,4,104,node-b,79131.55289926013,69.65446472167969,True
round_robin,4,104,node-c,77112.2856815996,70.31655311584473,True
round_robin,4,104,node-a,148814.3045393846,122.80082702636719,True
round_robin,4,104,node-b,113894.13328711352,75.56748390197754,True
round_robin,4,104,node-c,122330.17015812045,131.72507286071777,True
round_robin,4,104,node-a,225742.50180420958,166.2747859954834,True
round_robin,4,104,node-b,212278.6737365367,297.961950302124,True
round_robin,4,104,node-c,46839.505812488576,54.212331771850586,True
round_robin,4,104,node-a,177893.87220195535,135.82968711853027,True
round_robin,4,104,node-b,112288.77105877243,248.95071983337402,True
round_robin,4,104,node-c,132084.4771768637,126.17731094360352,True
round_robin,4,104,node-a,170030.84423411032,117.96760559082031,True
round_robin,4,104,node-b,279883.07931989984,235.67628860473633,True
round_robin,4,104,node-c,168707.0174564714,181.34021759033203,True
round_robin,4,104,node-a,106336.6677461791,81.44617080688477,True
round_robin,4,104,node-b,140310.91938545165,115.35263061523438,True
round_robin,4,104,node-c,52329.931614795074,58.727264404296875,True
round_robin,4,104,node-a,147143.32548139425,105.40103912353516,True
round_robin,4,104,node-b,125131.11276258044,116.71113967895508,True
round_robin,4,104,node-c,61462.803735488575,66.39266014099121,True
round_robin,4,104,node-a,54876.15750904978,57.19470977783203,True
round_robin,4,104,node-b,56849.63417676288,93.56164932250977,True
round_robin,4,104,node-c,72876.94775848962,64.2557144165039,True
weighted_round_robin,4,104,node-a,140267.3255527465,106.09650611877441,True
weighted_round_robin,4,104,node-b,140133.00432645265,110.17823219299316,True
weighted_round_robin,4,104,node-c,77576.40953216216,75.28901100158691,True
weighted_round_robin,4,104,node-a,105381.19667777841,81.12335205078125,True
weighted_round_robin,4,104,node-b,105928.11552969764,90.32225608825684,True
weighted_round_robin,4,104,node-a,108984.47712920001,83.4047794342041,True
weighted_round_robin,4,104,node-c,315405.59073991945,416.9600009918213,True
weighted_round_robin,4,104,node-a,91887.81678499731,86.25626564025879,True
weighted_round_robin,4,104,node-b,91521.23340091834,83.0693244934082,True
weighted_round_robin,4,104,node-a,84221.34154501269,78.71198654174805,True
weighted_round_robin,4,104,node-b,177770.9574270159,138.01908493041992,True
weighted_round_robin,4,104,node-c,86147.77541144176,109.3451976776123,True
weighted_round_robin,4,104,node-a,101328.97880478391,82.0462703704834,True
weighted_round_robin,4,104,node-b,164477.7647646001,163.33675384521484,True
weighted_round_robin,4,104,node-a,154964.22344525432,159.1053009033203,True
weighted_round_robin,4,104,node-c,65054.43516899715,79.77294921875,True
weighted_round_robin,4,104,node-a,262424.03556657844,362.07079887390137,True
weighted_round_robin,4,104,node-b,121659.40471738798,162.63723373413086,True
weighted_round_robin,4,104,node-a,170358.94567475253,286.8466377258301,True
weighted_round_robin,4,104,node-c,124959.39033203677,104.96664047241211,True
weighted_round_robin,4,104,node-b,249730.2489518903,221.12631797790527,True
weighted_round_robin,4,104,node-a,89008.61770515637,95.60370445251465,True
weighted_round_robin,4,104,node-a,77589.05764651652,72.82733917236328,True
weighted_round_robin,4,104,node-b,130199.19738364723,126.55520439147949,True
weighted_round_robin,4,104,node-c,212289.29715078312,265.9459114074707,True
weighted_round_robin,4,104,node-a,105439.98318038155,95.4742431640625,True
weighted_round_robin,4,104,node-b,167073.772042166,148.7104892730713,True
weighted_round_robin,4,104,node-a,232547.5714280282,183.26854705810547,True
weighted_round_robin,4,104,node-c,52486.38646024677,53.11012268066406,True
weighted_round_robin,4,104,node-a,212858.81171143614,310.3799819946289,True
weighted_round_robin,4,104,node-b,188947.0506932328,162.8704071044922,True
weighted_round_robin,4,104,node-a,83628.43211127512,214.86449241638184,True
weighted_round_robin,4,104,node-b,104043.36144316752,94.16937828063965,True
weighted_round_robin,4,104,node-c,84485.53873821243,136.93881034851074,True
weighted_round_robin,4,104,node-a,161753.15884840782,152.59766578674316,True
weighted_round_robin,4,104,node-b,78397.66150240584,79.60891723632812,True
weighted_round_robin,4,104,node-a,147911.6325043416,139.56689834594727,True
weighted_round_robin,4,104,node-c,214906.48309613985,315.8085346221924,True
weighted_round_robin,4,104,node-a,44528.7816892479,80.90806007385254,True
weighted_round_robin,4,104,node-b,133008.94648766887,107.66029357910156,True
weighted_round_robin,4,104,node-a,103270.73794896145,76.98464393615723,True
weighted_round_robin,4,104,node-c,83646.2001895333,153.10287475585938,True
weighted_round_robin,4,104,node-b,133840.70416646817,135.36548614501953,True
weighted_round_robin,4,104,node-a,100475.72485539275,123.28982353210449,True
weighted_round_robin,4,104,node-a,49247.31191280873,96.41003608703613,True
weighted_round_robin,4,104,node-b,79094.46249823754,86.67325973510742,True
weighted_round_robin,4,104,node-c,105622.90640373561,113.90852928161621,True
weighted_round_robin,4,104,node-a,73343.39964352499,71.78664207458496,True
weighted_round_robin,4,104,node-b,54427.76959512344,57.090044021606445,True
weighted_round_robin,4,104,node-a,367961.43961535493,298.68364334106445,True
weighted_round_robin,4,104,node-c,220488.1274859541,342.4263000488281,True
weighted_round_robin,4,104,node-a,204663.42195250833,286.4704132080078,True
weighted_round_robin,4,104,node-b,112682.91395390553,87.74423599243164,True
weighted_round_robin,4,104,node-a,37727.24026498777,198.36997985839844,True
weighted_round_robin,4,104,node-b,92292.95507110789,67.09837913513184,True
weighted_round_robin,4,104,node-c,139253.75258533022,388.9005184173584,True
weighted_round_robin,4,104,node-a,84821.90270198074,133.92066955566406,True
weighted_round_robin,4,104,node-b,79200.96363981663,75.51288604736328,True
weighted_round_robin,4,104,node-a,126623.769417272,145.73192596435547,True
weighted_round_robin,4,104,node-c,310157.0875466754,674.2343902587891,True
weighted_round_robin,4,104,node-a,125194.96012718929,145.48492431640625,True
weighted_round_robin,4,104,node-b,114744.1732157877,93.75858306884766,True
weighted_round_robin,4,104,node-a,75127.20655158933,70.20306587219238,True
weighted_round_robin,4,104,node-c,233438.64659982536,729.4023036956787,True
weighted_round_robin,4,104,node-b,130144.44684971547,100.76713562011719,True
weighted_round_robin,4,104,node-a,108428.3346920955,91.62592887878418,True
weighted_round_robin,4,104,node-a,95687.02841097067,73.86159896850586,True
weighted_round_robin,4,104,node-b,83895.12255699684,65.41252136230469,True
weighted_round_robin,4,104,node-c,127219.48593578332,434.9398612976074,True
weighted_round_robin,4,104,node-a,320352.07408324955,211.30824089050293,True
weighted_round_robin,4,104,node-b,118835.47422219982,92.73672103881836,True
weighted_round_robin,4,104,node-a,151471.2750287482,198.8818645477295,True
weighted_round_robin,4,104,node-c,79095.039187947,221.59838676452637,True
weighted_round_robin,4,104,node-a,135736.6061098375,192.12913513183594,True
weighted_round_robin,4,104,node-b,56689.59068843566,58.85028839111328,True
weighted_round_robin,4,104,node-a,240710.2454105192,230.33905029296875,True
weighted_round_robin,4,104,node-b,89764.71731044886,85.08610725402832,True
weighted_round_robin,4,104,node-c,151147.24994710457,161.96751594543457,True
weighted_round_robin,4,104,node-a,125695.62924373282,105.56268692016602,True
weighted_round_robin,4,104,node-b,241749.71522452557,186.6469383239746,True
weighted_round_robin,4,104,node-a,158949.852776832,161.98158264160156,True
weighted_round_robin,4,104,node-c,162460.7621174974,211.08770370483398,True
weighted_round_robin,4,104,node-a,52766.0284123731,91.03202819824219,True
weighted_round_robin,4,104,node-b,67730.92514560168,46.98491096496582,True
weighted_round_robin,4,104,node-a,66586.55149068423,67.70157814025879,True
weighted_round_robin,4,104,node-c,68503.24306785088,72.82900810241699,True
weighted_round_robin,4,104,node-b,72195.62152027113,75.66475868225098,True
weighted_round_robin,4,104,node-a,173143.93811593545,238.24071884155273,True
weighted_round_robin,4,104,node-a,106425.35076446313,189.63932991027832,True
weighted_round_robin,4,104,node-b,109898.16810364705,106.82368278503418,True
weighted_round_robin,4,104,node-c,68498.17730730356,61.25807762145996,True
weighted_round_robin,4,104,node-a,67842.53804607596,78.7041187286377,True
weighted_round_robin,4,104,node-b,54807.92941574213,57.28864669799805,True
weighted_round_robin,4,104,node-a,184198.67570621832,130.41949272155762,True
weighted_round_robin,4,104,node-c,113700.87209448114,90.0125503540039,True
weighted_round_robin,4,104,node-a,153747.45728485723,152.50778198242188,True
weighted_round_robin,4,104,node-b,120456.15220143985,96.44460678100586,True
weighted_round_robin,4,104,node-a,67673.42032431292,108.54911804199219,True
weighted_round_robin,4,104,node-b,103088.89594232467,88.49287033081055,True
weighted_round_robin,4,104,node-c,36338.061724823725,44.12722587585449,True
weighted_round_robin,4,104,node-a,151873.86615160314,188.86756896972656,True
weighted_round_robin,4,104,node-b,108075.68032182923,93.60170364379883,True
weighted_round_robin,4,104,node-a,118848.3015946886,166.88227653503418,True
weighted_round_robin,4,104,node-c,112095.3369881226,121.8867301940918,True
weighted_round_robin,4,104,node-a,144206.56747446518,117.69556999206543,True
weighted_round_robin,4,104,node-b,94362.000618217,79.38623428344727,True
weighted_round_robin,4,104,node-a,107732.755634327,87.15367317199707,True
weighted_round_robin,4,104,node-c,75199.0899931892,76.05290412902832,True
weighted_round_robin,4,104,node-b,93626.23661332518,72.5407600402832,True
weighted_round_robin,4,104,node-a,124464.79540249158,164.6113395690918,True
weighted_round_robin,4,104,node-a,167160.17300180122,252.6388168334961,True
weighted_round_robin,4,104,node-b,87765.17894214188,80.65080642700195,True
weighted_round_robin,4,104,node-c,52309.69223034571,65.7196044921875,True
weighted_round_robin,4,104,node-a,41370.10716370793,110.27145385742188,True
weighted_round_robin,4,104,node-b,92492.76938852423,82.00383186340332,True
weighted_round_robin,4,104,node-a,72942.1489306148,72.38388061523438,True
weighted_round_robin,4,104,node-c,141952.80691761503,106.3077449798584,True
weighted_round_robin,4,104,node-a,239327.81126868943,165.60983657836914,True
weighted_round_robin,4,104,node-b,71260.82469584192,62.4384880065918,True
weighted_round_robin,4,104,node-a,204592.55054388687,206.33673667907715,True
weighted_round_robin,4,104,node-b,195490.29033340767,161.45753860473633,True
weighted_round_robin,4,104,node-c,65260.990479538086,66.45774841308594,True
weighted_round_robin,4,104,node-a,84604.09688901393,136.92021369934082,True
weighted_round_robin,4,104,node-b,152638.18228707538,148.47183227539062,True
weighted_round_robin,4,104,node-a,70650.9774729265,63.184261322021484,True
weighted_round_robin,4,104,node-c,64044.775798203904,46.82278633117676,True
weighted_round_robin,4,104,node-a,157680.37450964234,115.16714096069336,True
weighted_round_robin,4,104,node-b,79131.55289926013,69.19193267822266,True
weighted_round_robin,4,104,node-a,77112.2856815996,70.1291561126709,True
weighted_round_robin,4,104,node-c,148814.3045393846,204.15282249450684,True
weighted_round_robin,4,104,node-b,113894.13328711352,76.84993743896484,True
weighted_round_robin,4,104,node-a,122330.17015812045,93.04475784301758,True
weighted_round_robin,4,104,node-a,225742.50180420958,166.84770584106445,True
weighted_round_robin,4,104,node-b,212278.6737365367,342.30852127075195,True
weighted_round_robin,4,104,node-c,46839.505812488576,49.63278770446777,True
weighted_round_robin,4,104,node-a,177893.87220195535,142.75121688842773,True
weighted_round_robin,4,104,node-b,112288.77105877243,246.5977668762207,True
weighted_round_robin,4,104,node-a,132084.4771768637,137.04180717468262,True
weighted_round_robin,4,104,node-c,170030.84423411032,196.9931125640869,True
weighted_round_robin,4,104,node-a,279883.07931989984,192.5489902496338,True
weighted_round_robin,4,104,node-b,168707.0174564714,140.76614379882812,True
weighted_round_robin,4,104,node-a,106336.6677461791,83.1611156463623,True
weighted_round_robin,4,104,node-b,140310.91938545165,115.44084548950195,True
weighted_round_robin,4,104,node-c,52329.931614795074,48.35319519042969,True
weighted_round_robin,4,104,node-a,147143.32548139425,192.06786155700684,True
weighted_round_robin,4,104,node-b,125131.11276258044,126.47414207458496,True
weighted_round_robin,4,104,node-a,61462.803735488575,129.75621223449707,True
weighted_round_robin,4,104,node-c,54876.15750904978,58.208465576171875,True
weighted_round_robin,4,104,node-a,56849.63417676288,107.16629028320312,True
weighted_round_robin,4,104,node-b,72876.94775848962,50.19950866699219,True
ml_argmin_baseline,4,104,node-a,140267.3255527465,168.9753532409668,True
ml_argmin_baseline,4,104,node-a,140133.00432645265,242.4018383026123,True
ml_argmin_baseline,4,104,node-a,77576.40953216216,212.47386932373047,True
ml_argmin_baseline,4,104,node-a,105381.19667777841,190.71483612060547,True
ml_argmin_baseline,4,104,node-b,105928.11552969764,177.1249771118164,True
ml_argmin_baseline,4,104,node-b,108984.47712920001,161.49258613586426,True
ml_argmin_baseline,4,104,node-a,315405.59073991945,486.2942695617676,True
ml_argmin_baseline,4,104,node-a,91887.81678499731,255.54180145263672,True
ml_argmin_baseline,4,104,node-a,91521.23340091834,293.40624809265137,True
ml_argmin_baseline,4,104,node-a,84221.34154501269,255.77974319458008,True
ml_argmin_baseline,4,104,node-b,177770.9574270159,138.36431503295898,True
ml_argmin_baseline,4,104,node-a,86147.77541144176,79.91147041320801,True
ml_argmin_baseline,4,104,node-a,101328.97880478391,161.56601905822754,True
ml_argmin_baseline,4,104,node-a,164477.7647646001,331.79330825805664,True
ml_argmin_baseline,4,104,node-a,154964.22344525432,421.71359062194824,True
ml_argmin_baseline,4,104,node-a,65054.43516899715,182.1889877319336,True
ml_argmin_baseline,4,104,node-b,262424.03556657844,242.45119094848633,True
ml_argmin_baseline,4,104,node-a,121659.40471738798,438.3525848388672,True
ml_argmin_baseline,4,104,node-a,170358.94567475253,568.3457851409912,True
ml_argmin_baseline,4,104,node-a,124959.39033203677,422.0116138458252,True
ml_argmin_baseline,4,104,node-a,249730.2489518903,475.91423988342285,True
ml_argmin_baseline,4,104,node-b,89008.61770515637,77.62503623962402,True
ml_argmin_baseline,4,104,node-b,77589.05764651652,84.21611785888672,True
ml_argmin_baseline,4,104,node-a,130199.19738364723,263.1690502166748,True
ml_argmin_baseline,4,104,node-a,212289.29715078312,371.43421173095703,True
ml_argmin_baseline,4,104,node-c,105439.98318038155,87.8300666809082,True
ml_argmin_baseline,4,104,node-b,167073.772042166,136.59906387329102,True
ml_argmin_baseline,4,104,node-b,232547.5714280282,426.9111156463623,True
ml_argmin_baseline,4,104,node-b,52486.38646024677,156.74495697021484,True
ml_argmin_baseline,4,104,node-b,212858.81171143614,515.0349140167236,True
ml_argmin_baseline,4,104,node-a,188947.0506932328,208.30559730529785,True
ml_argmin_baseline,4,104,node-a,83628.43211127512,126.8301010131836,True
ml_argmin_baseline,4,104,node-b,104043.36144316752,442.58570671081543,True
ml_argmin_baseline,4,104,node-a,84485.53873821243,70.09530067443848,True
ml_argmin_baseline,4,104,node-b,161753.15884840782,450.03819465637207,True
ml_argmin_baseline,4,104,node-a,78397.66150240584,104.1557788848877,True
ml_argmin_baseline,4,104,node-a,147911.6325043416,313.3077621459961,True
ml_argmin_baseline,4,104,node-a,214906.48309613985,399.7681140899658,True
ml_argmin_baseline,4,104,node-a,44528.7816892479,129.07743453979492,True
ml_argmin_baseline,4,104,node-a,133008.94648766887,217.35811233520508,True
ml_argmin_baseline,4,104,node-c,103270.73794896145,88.36174011230469,True
ml_argmin_baseline,4,104,node-b,83646.2001895333,71.58541679382324,True
ml_argmin_baseline,4,104,node-b,133840.70416646817,136.97075843811035,True
ml_argmin_baseline,4,104,node-c,100475.72485539275,235.35799980163574,True
ml_argmin_baseline,4,104,node-c,49247.31191280873,138.57412338256836,True
ml_argmin_baseline,4,104,node-a,79094.46249823754,69.80109214782715,True
ml_argmin_baseline,4,104,node-a,105622.90640373561,95.7484245300293,True
ml_argmin_baseline,4,104,node-b,73343.39964352499,75.96135139465332,True
ml_argmin_baseline,4,104,node-b,54427.76959512344,52.83927917480469,True
ml_argmin_baseline,4,104,node-a,367961.43961535493,637.3062133789062,True
ml_argmin_baseline,4,104,node-a,220488.1274859541,460.9994888305664,True
ml_argmin_baseline,4,104,node-a,204663.42195250833,606.6267490386963,True
ml_argmin_baseline,4,104,node-a,112682.91395390553,451.1599540710449,True
ml_argmin_baseline,4,104,node-b,37727.24026498777,43.61557960510254,True
ml_argmin_baseline,4,104,node-b,92292.95507110789,121.4914321899414,True
ml_argmin_baseline,4,104,node-b,139253.75258533022,291.17703437805176,True
ml_argmin_baseline,4,104,node-b,84821.90270198074,247.50876426696777,True
ml_argmin_baseline,4,104,node-b,79200.96363981663,278.7599563598633,True
ml_argmin_baseline,4,104,node-b,126623.769417272,487.11609840393066,True
ml_argmin_baseline,4,104,node-a,310157.0875466754,381.4816474914551,True
ml_argmin_baseline,4,104,node-b,125194.96012718929,554.5158386230469,True
ml_argmin_baseline,4,104,node-b,114744.1732157877,422.5757122039795,True
ml_argmin_baseline,4,104,node-c,75127.20655158933,67.76142120361328,True
ml_argmin_baseline,4,104,node-b,233438.64659982536,456.76565170288086,True
ml_argmin_baseline,4,104,node-c,130144.44684971547,136.17539405822754,True
ml_argmin_baseline,4,104,node-b,108428.3346920955,237.7784252166748,True
ml_argmin_baseline,4,104,node-a,95687.02841097067,93.05191040039062,True
ml_argmin_baseline,4,104,node-a,83895.12255699684,176.03421211242676,True
ml_argmin_baseline,4,104,node-a,127219.48593578332,193.36247444152832,True
ml_argmin_baseline,4,104,node-a,320352.07408324955,426.1047840118408,True
ml_argmin_baseline,4,104,node-a,118835.47422219982,244.88019943237305,True
ml_argmin_baseline,4,104,node-b,151471.2750287482,324.049711227417,True
ml_argmin_baseline,4,104,node-b,79095.039187947,279.75916862487793,True
ml_argmin_baseline,4,104,node-b,135736.6061098375,301.9862174987793,True
ml_argmin_baseline,4,104,node-b,56689.59068843566,313.7979507446289,True
ml_argmin_baseline,4,104,node-b,240710.2454105192,838.1121158599854,True
ml_argmin_baseline,4,104,node-b,89764.71731044886,529.5121669769287,True
ml_argmin_baseline,4,104,node-b,151147.24994710457,1261.2648010253906,True
ml_argmin_baseline,4,104,node-b,125695.62924373282,898.087739944458,True
ml_argmin_baseline,4,104,node-b,241749.71522452557,1218.0554866790771,True
ml_argmin_baseline,4,104,node-b,158949.852776832,983.8805198669434,True
ml_argmin_baseline,4,104,node-b,162460.7621174974,1290.7543182373047,True
ml_argmin_baseline,4,104,node-c,52766.0284123731,37.11748123168945,True
ml_argmin_baseline,4,104,node-a,67730.92514560168,86.04240417480469,True
ml_argmin_baseline,4,104,node-a,66586.55149068423,119.35138702392578,True
ml_argmin_baseline,4,104,node-a,68503.24306785088,242.39397048950195,True
ml_argmin_baseline,4,104,node-a,72195.62152027113,319.2708492279053,True
ml_argmin_baseline,4,104,node-a,173143.93811593545,361.82451248168945,True
ml_argmin_baseline,4,104,node-a,106425.35076446313,261.80410385131836,True
ml_argmin_baseline,4,104,node-a,109898.16810364705,360.3396415710449,True
ml_argmin_baseline,4,104,node-a,68498.17730730356,327.6686668395996,True
ml_argmin_baseline,4,104,node-a,67842.53804607596,369.9483871459961,True
ml_argmin_baseline,4,104,node-a,54807.92941574213,330.63626289367676,True
ml_argmin_baseline,4,104,node-b,184198.67570621832,718.2607650756836,True
ml_argmin_baseline,4,104,node-c,113700.87209448114,290.0958061218262,True
ml_argmin_baseline,4,104,node-a,153747.45728485723,254.1658878326416,True
ml_argmin_baseline,4,104,node-c,120456.15220143985,505.9523582458496,True
ml_argmin_baseline,4,104,node-c,67673.42032431292,479.2823791503906,True
ml_argmin_baseline,4,104,node-c,103088.89594232467,631.2210559844971,True
ml_argmin_baseline,4,104,node-c,36338.061724823725,493.3180809020996,True
ml_argmin_baseline,4,104,node-c,151873.86615160314,1498.5527992248535,True
ml_argmin_baseline,4,104,node-c,108075.68032182923,795.5269813537598,True
ml_argmin_baseline,4,104,node-c,118848.3015946886,1678.4348487854004,True
ml_argmin_baseline,4,104,node-c,112095.3369881226,1129.4498443603516,True
ml_argmin_baseline,4,104,node-c,144206.56747446518,1332.0412635803223,True
ml_argmin_baseline,4,104,node-c,94362.000618217,1328.2134532928467,True
ml_argmin_baseline,4,104,node-c,107732.755634327,1350.0022888183594,True
ml_argmin_baseline,4,104,node-c,75199.0899931892,1397.5293636322021,True
ml_argmin_baseline,4,104,node-c,93626.23661332518,1583.2514762878418,True
ml_argmin_baseline,4,104,node-c,124464.79540249158,1588.9980792999268,True
ml_argmin_baseline,4,104,node-a,167160.17300180122,136.95359230041504,True
ml_argmin_baseline,4,104,node-a,87765.17894214188,128.65567207336426,True
ml_argmin_baseline,4,104,node-a,52309.69223034571,102.75554656982422,True
ml_argmin_baseline,4,104,node-b,41370.10716370793,45.77469825744629,True
ml_argmin_baseline,4,104,node-b,92492.76938852423,180.9854507446289,True
ml_argmin_baseline,4,104,node-b,72942.1489306148,328.4721374511719,True
ml_argmin_baseline,4,104,node-b,141952.80691761503,573.3911991119385,True
ml_argmin_baseline,4,104,node-b,239327.81126868943,698.9960670471191,True
ml_argmin_baseline,4,104,node-b,71260.82469584192,364.92204666137695,True
ml_argmin_baseline,4,104,node-b,204592.55054388687,714.7431373596191,True
ml_argmin_baseline,4,104,node-b,195490.29033340767,783.4408283233643,True
ml_argmin_baseline,4,104,node-b,65260.990479538086,627.4006366729736,True
ml_argmin_baseline,4,104,node-b,84604.09688901393,894.829273223877,True
ml_argmin_baseline,4,104,node-a,152638.18228707538,112.81061172485352,True
ml_argmin_baseline,4,104,node-b,70650.9774729265,765.8255100250244,True
ml_argmin_baseline,4,104,node-b,64044.775798203904,633.141279220581,True
ml_argmin_baseline,4,104,node-b,157680.37450964234,790.0338172912598,True
ml_argmin_baseline,4,104,node-b,79131.55289926013,710.1089954376221,True
ml_argmin_baseline,4,104,node-a,77112.2856815996,68.70055198669434,True
ml_argmin_baseline,4,104,node-a,148814.3045393846,208.5428237915039,True
ml_argmin_baseline,4,104,node-a,113894.13328711352,202.47983932495117,True
ml_argmin_baseline,4,104,node-a,122330.17015812045,347.9015827178955,True
ml_argmin_baseline,4,104,node-a,225742.50180420958,332.8218460083008,True
ml_argmin_baseline,4,104,node-a,212278.6737365367,460.94679832458496,True
ml_argmin_baseline,4,104,node-a,46839.505812488576,181.29754066467285,True
ml_argmin_baseline,4,104,node-a,177893.87220195535,449.1856098175049,True
ml_argmin_baseline,4,104,node-a,112288.77105877243,558.3646297454834,True
ml_argmin_baseline,4,104,node-a,132084.4771768637,603.060245513916,True
ml_argmin_baseline,4,104,node-a,170030.84423411032,553.1327724456787,True
ml_argmin_baseline,4,104,node-b,279883.07931989984,274.60455894470215,True
ml_argmin_baseline,4,104,node-a,168707.0174564714,127.24781036376953,True
ml_argmin_baseline,4,104,node-a,106336.6677461791,71.19417190551758,True
ml_argmin_baseline,4,104,node-a,140310.91938545165,109.85159873962402,True
ml_argmin_baseline,4,104,node-c,52329.931614795074,54.11243438720703,True
ml_argmin_baseline,4,104,node-a,147143.32548139425,168.2448387145996,True
ml_argmin_baseline,4,104,node-a,125131.11276258044,177.2310733795166,True
ml_argmin_baseline,4,104,node-c,61462.803735488575,73.20427894592285,True
ml_argmin_baseline,4,104,node-c,54876.15750904978,103.35922241210938,True
ml_argmin_baseline,4,104,node-c,56849.63417676288,363.4469509124756,True
ml_argmin_baseline,4,104,node-c,72876.94775848962,307.5590133666992,True
ml_softmax_propuesto,4,104,node-a,140267.3255527465,191.4196014404297,True
ml_softmax_propuesto,4,104,node-a,140133.00432645265,197.2033977508545,True
ml_softmax_propuesto,4,104,node-b,77576.40953216216,66.12730026245117,True
ml_softmax_propuesto,4,104,node-c,105381.19667777841,103.1489372253418,True
ml_softmax_propuesto,4,104,node-a,105928.11552969764,93.22214126586914,True
ml_softmax_propuesto,4,104,node-b,108984.47712920001,82.73696899414062,True
ml_softmax_propuesto,4,104,node-a,315405.59073991945,387.9046440124512,True
ml_softmax_propuesto,4,104,node-a,91887.81678499731,283.2193374633789,True
ml_softmax_propuesto,4,104,node-a,91521.23340091834,179.0330410003662,True
ml_softmax_propuesto,4,104,node-b,84221.34154501269,78.27067375183105,True
ml_softmax_propuesto,4,104,node-a,177770.9574270159,128.21531295776367,True
ml_softmax_propuesto,4,104,node-b,86147.77541144176,68.80998611450195,True
ml_softmax_propuesto,4,104,node-c,101328.97880478391,151.56936645507812,True
ml_softmax_propuesto,4,104,node-a,164477.7647646001,190.34504890441895,True
ml_softmax_propuesto,4,104,node-a,154964.22344525432,393.4469223022461,True
ml_softmax_propuesto,4,104,node-a,65054.43516899715,303.76291275024414,True
ml_softmax_propuesto,4,104,node-a,262424.03556657844,764.509916305542,True
ml_softmax_propuesto,4,104,node-a,121659.40471738798,550.3668785095215,True
ml_softmax_propuesto,4,104,node-a,170358.94567475253,625.537633895874,True
ml_softmax_propuesto,4,104,node-c,124959.39033203677,139.02759552001953,True
ml_softmax_propuesto,4,104,node-a,249730.2489518903,692.0874118804932,True
ml_softmax_propuesto,4,104,node-b,89008.61770515637,96.52447700500488,True
ml_softmax_propuesto,4,104,node-c,77589.05764651652,76.65610313415527,True
ml_softmax_propuesto,4,104,node-b,130199.19738364723,306.8859577178955,True
ml_softmax_propuesto,4,104,node-b,212289.29715078312,302.7327060699463,True
ml_softmax_propuesto,4,104,node-a,105439.98318038155,266.22748374938965,True
ml_softmax_propuesto,4,104,node-a,167073.772042166,357.7158451080322,True
ml_softmax_propuesto,4,104,node-a,232547.5714280282,584.5332145690918,True
ml_softmax_propuesto,4,104,node-c,52486.38646024677,54.9924373626709,True
ml_softmax_propuesto,4,104,node-a,212858.81171143614,614.9497032165527,True
ml_softmax_propuesto,4,104,node-a,188947.0506932328,413.70368003845215,True
ml_softmax_propuesto,4,104,node-c,83628.43211127512,95.75176239013672,True
ml_softmax_propuesto,4,104,node-b,104043.36144316752,154.65879440307617,True
ml_softmax_propuesto,4,104,node-b,84485.53873821243,169.45672035217285,True
ml_softmax_propuesto,4,104,node-a,161753.15884840782,452.55517959594727,True
ml_softmax_propuesto,4,104,node-c,78397.66150240584,390.2292251586914,True
ml_softmax_propuesto,4,104,node-c,147911.6325043416,388.17644119262695,True
ml_softmax_propuesto,4,104,node-a,214906.48309613985,459.93614196777344,True
ml_softmax_propuesto,4,104,node-c,44528.7816892479,315.68169593811035,True
ml_softmax_propuesto,4,104,node-a,133008.94648766887,250.54383277893066,True
ml_softmax_propuesto,4,104,node-b,103270.73794896145,90.80123901367188,True
ml_softmax_propuesto,4,104,node-b,83646.2001895333,82.09443092346191,True
ml_softmax_propuesto,4,104,node-a,133840.70416646817,141.6187286376953,True
ml_softmax_propuesto,4,104,node-a,100475.72485539275,167.6318645477295,True
ml_softmax_propuesto,4,104,node-c,49247.31191280873,43.875932693481445,True
ml_softmax_propuesto,4,104,node-b,79094.46249823754,73.40168952941895,True
ml_softmax_propuesto,4,104,node-b,105622.90640373561,211.41695976257324,True
ml_softmax_propuesto,4,104,node-b,73343.39964352499,196.4104175567627,True
ml_softmax_propuesto,4,104,node-c,54427.76959512344,56.527137756347656,True
ml_softmax_propuesto,4,104,node-a,367961.43961535493,479.398250579834,True
ml_softmax_propuesto,4,104,node-b,220488.1274859541,350.97384452819824,True
ml_softmax_propuesto,4,104,node-b,204663.42195250833,836.2283706665039,True
ml_softmax_propuesto,4,104,node-c,112682.91395390553,459.5324993133545,True
ml_softmax_propuesto,4,104,node-c,37727.24026498777,58.39896202087402,True
ml_softmax_propuesto,4,104,node-c,92292.95507110789,486.44518852233887,True
ml_softmax_propuesto,4,104,node-a,139253.75258533022,223.8450050354004,True
ml_softmax_propuesto,4,104,node-c,84821.90270198074,505.48815727233887,True
ml_softmax_propuesto,4,104,node-b,79200.96363981663,373.26741218566895,True
ml_softmax_propuesto,4,104,node-b,126623.769417272,553.0095100402832,True
ml_softmax_propuesto,4,104,node-b,310157.0875466754,785.0539684295654,True
ml_softmax_propuesto,4,104,node-a,125194.96012718929,143.0063247680664,True
ml_softmax_propuesto,4,104,node-a,114744.1732157877,164.414644241333,True
ml_softmax_propuesto,4,104,node-a,75127.20655158933,73.84824752807617,True
ml_softmax_propuesto,4,104,node-a,233438.64659982536,228.02305221557617,True
ml_softmax_propuesto,4,104,node-c,130144.44684971547,528.1105041503906,True
ml_softmax_propuesto,4,104,node-c,108428.3346920955,468.4610366821289,True
ml_softmax_propuesto,4,104,node-a,95687.02841097067,84.87701416015625,True
ml_softmax_propuesto,4,104,node-a,83895.12255699684,153.4867286682129,True
ml_softmax_propuesto,4,104,node-a,127219.48593578332,175.96077919006348,True
ml_softmax_propuesto,4,104,node-a,320352.07408324955,681.204080581665,True
ml_softmax_propuesto,4,104,node-a,118835.47422219982,227.66947746276855,True
ml_softmax_propuesto,4,104,node-b,151471.2750287482,164.35480117797852,True
ml_softmax_propuesto,4,104,node-a,79095.039187947,390.09618759155273,True
ml_softmax_propuesto,4,104,node-a,135736.6061098375,397.4931240081787,True
ml_softmax_propuesto,4,104,node-a,56689.59068843566,348.9048480987549,True
ml_softmax_propuesto,4,104,node-b,240710.2454105192,376.48963928222656,True
ml_softmax_propuesto,4,104,node-c,89764.71731044886,140.8102512359619,True
ml_softmax_propuesto,4,104,node-b,151147.24994710457,469.5243835449219,True
ml_softmax_propuesto,4,104,node-b,125695.62924373282,467.2229290008545,True
ml_softmax_propuesto,4,104,node-a,241749.71522452557,394.88840103149414,True
ml_softmax_propuesto,4,104,node-a,158949.852776832,370.85461616516113,True
ml_softmax_propuesto,4,104,node-a,162460.7621174974,595.9255695343018,True
ml_softmax_propuesto,4,104,node-a,52766.0284123731,265.3963565826416,True
ml_softmax_propuesto,4,104,node-a,67730.92514560168,338.1996154785156,True
ml_softmax_propuesto,4,104,node-c,66586.55149068423,129.86063957214355,True
ml_softmax_propuesto,4,104,node-c,68503.24306785088,329.58364486694336,True
ml_softmax_propuesto,4,104,node-c,72195.62152027113,320.47033309936523,True
ml_softmax_propuesto,4,104,node-a,173143.93811593545,375.9770393371582,True
ml_softmax_propuesto,4,104,node-a,106425.35076446313,350.4006862640381,True
ml_softmax_propuesto,4,104,node-c,109898.16810364705,459.688663482666,True
ml_softmax_propuesto,4,104,node-b,68498.17730730356,64.3618106842041,True
ml_softmax_propuesto,4,104,node-b,67842.53804607596,105.85403442382812,True
ml_softmax_propuesto,4,104,node-c,54807.92941574213,282.7324867248535,True
ml_softmax_propuesto,4,104,node-b,184198.67570621832,355.35621643066406,True
ml_softmax_propuesto,4,104,node-b,113700.87209448114,295.0263023376465,True
ml_softmax_propuesto,4,104,node-b,153747.45728485723,365.9532070159912,True
ml_softmax_propuesto,4,104,node-a,120456.15220143985,155.54213523864746,True
ml_softmax_propuesto,4,104,node-a,67673.42032431292,105.97658157348633,True
ml_softmax_propuesto,4,104,node-a,103088.89594232467,88.2728099822998,True
ml_softmax_propuesto,4,104,node-a,36338.061724823725,70.36161422729492,True
ml_softmax_propuesto,4,104,node-a,151873.86615160314,201.57289505004883,True
ml_softmax_propuesto,4,104,node-c,108075.68032182923,128.5712718963623,True
ml_softmax_propuesto,4,104,node-a,118848.3015946886,184.19790267944336,True
ml_softmax_propuesto,4,104,node-c,112095.3369881226,159.2872142791748,True
ml_softmax_propuesto,4,104,node-a,144206.56747446518,188.90714645385742,True
ml_softmax_propuesto,4,104,node-a,94362.000618217,161.1778736114502,True
ml_softmax_propuesto,4,104,node-b,107732.755634327,95.17669677734375,True
ml_softmax_propuesto,4,104,node-a,75199.0899931892,57.684898376464844,True
ml_softmax_propuesto,4,104,node-a,93626.23661332518,99.32255744934082,True
ml_softmax_propuesto,4,104,node-b,124464.79540249158,130.13744354248047,True
ml_softmax_propuesto,4,104,node-a,167160.17300180122,141.15381240844727,True
ml_softmax_propuesto,4,104,node-c,87765.17894214188,224.67708587646484,True
ml_softmax_propuesto,4,104,node-c,52309.69223034571,208.9238166809082,True
ml_softmax_propuesto,4,104,node-c,41370.10716370793,196.92277908325195,True
ml_softmax_propuesto,4,104,node-a,92492.76938852423,66.98107719421387,True
ml_softmax_propuesto,4,104,node-c,72942.1489306148,249.50003623962402,True
ml_softmax_propuesto,4,104,node-b,141952.80691761503,122.11132049560547,True
ml_softmax_propuesto,4,104,node-c,239327.81126868943,670.0975894927979,True
ml_softmax_propuesto,4,104,node-c,71260.82469584192,303.9991855621338,True
ml_softmax_propuesto,4,104,node-a,204592.55054388687,224.80511665344238,True
ml_softmax_propuesto,4,104,node-b,195490.29033340767,187.7155303955078,True
ml_softmax_propuesto,4,104,node-a,65260.990479538086,122.60651588439941,True
ml_softmax_propuesto,4,104,node-a,84604.09688901393,214.46752548217773,True
ml_softmax_propuesto,4,104,node-b,152638.18228707538,280.1072597503662,True
ml_softmax_propuesto,4,104,node-b,70650.9774729265,116.36137962341309,True
ml_softmax_propuesto,4,104,node-a,64044.775798203904,51.47361755371094,True
ml_softmax_propuesto,4,104,node-b,157680.37450964234,150.44379234313965,True
ml_softmax_propuesto,4,104,node-a,79131.55289926013,54.367780685424805,True
ml_softmax_propuesto,4,104,node-a,77112.2856815996,81.41851425170898,True
ml_softmax_propuesto,4,104,node-a,148814.3045393846,177.60801315307617,True
ml_softmax_propuesto,4,104,node-a,113894.13328711352,210.03174781799316,True
ml_softmax_propuesto,4,104,node-c,122330.17015812045,135.36787033081055,True
ml_softmax_propuesto,4,104,node-a,225742.50180420958,236.10448837280273,True
ml_softmax_propuesto,4,104,node-c,212278.6737365367,803.1282424926758,True
ml_softmax_propuesto,4,104,node-c,46839.505812488576,35.66336631774902,True
ml_softmax_propuesto,4,104,node-c,177893.87220195535,689.7494792938232,True
ml_softmax_propuesto,4,104,node-b,112288.77105877243,124.33481216430664,True
ml_softmax_propuesto,4,104,node-a,132084.4771768637,101.90296173095703,True
ml_softmax_propuesto,4,104,node-a,170030.84423411032,153.71084213256836,True
ml_softmax_propuesto,4,104,node-a,279883.07931989984,196.25258445739746,True
ml_softmax_propuesto,4,104,node-b,168707.0174564714,155.71188926696777,True
ml_softmax_propuesto,4,104,node-c,106336.6677461791,199.6448040008545,True
ml_softmax_propuesto,4,104,node-a,140310.91938545165,107.14340209960938,True
ml_softmax_propuesto,4,104,node-a,52329.931614795074,60.339927673339844,True
ml_softmax_propuesto,4,104,node-a,147143.32548139425,149.9922275543213,True
ml_softmax_propuesto,4,104,node-a,125131.11276258044,171.94628715515137,True
ml_softmax_propuesto,4,104,node-c,61462.803735488575,44.79551315307617,True
ml_softmax_propuesto,4,104,node-a,54876.15750904978,137.69841194152832,True
ml_softmax_propuesto,4,104,node-c,56849.63417676288,60.263633728027344,True
ml_softmax_propuesto,4,104,node-a,72876.94775848962,111.90438270568848,True
round_robin,5,105,node-a,102592.48033195236,83.83798599243164,True
round_robin,5,105,node-b,197768.726076576,156.94308280944824,True
round_robin,5,105,node-c,286144.6191059693,560.3430271148682,True
round_robin,5,105,node-a,103110.81175643927,82.21602439880371,True
round_robin,5,105,node-b,93964.11710723434,152.80485153198242,True
round_robin,5,105,node-c,180098.97636889684,611.2275123596191,True
round_robin,5,105,node-a,109041.0861188692,87.6920223236084,True
round_robin,5,105,node-b,159045.44048271255,170.05014419555664,True
round_robin,5,105,node-c,235850.44118205673,882.0381164550781,True
round_robin,5,105,node-a,140131.0409897717,123.99744987487793,True
round_robin,5,105,node-b,182479.70532941003,305.12118339538574,True
round_robin,5,105,node-c,33024.96355314403,315.08541107177734,True
round_robin,5,105,node-a,179009.2948796747,176.4087677001953,True
round_robin,5,105,node-b,97837.5303094313,201.19810104370117,True
round_robin,5,105,node-c,66351.15121968552,383.24689865112305,True
round_robin,5,105,node-a,98486.41438016007,92.35024452209473,True
round_robin,5,105,node-b,58581.402965823094,57.27338790893555,True
round_robin,5,105,node-c,58984.702404636744,466.6574001312256,True
round_robin,5,105,node-a,38198.474752684415,41.934967041015625,True
round_robin,5,105,node-b,76983.73994405089,65.39678573608398,True
round_robin,5,105,node-c,53535.94108718406,205.37853240966797,True
round_robin,5,105,node-a,71006.48802560414,69.73505020141602,True
round_robin,5,105,node-b,158729.7635831594,148.86879920959473,True
round_robin,5,105,node-c,109045.72204271208,397.40824699401855,True
round_robin,5,105,node-a,55638.482119711254,42.96422004699707,True
round_robin,5,105,node-b,132902.9734192102,185.34588813781738,True
round_robin,5,105,node-c,174296.38149957746,606.6534519195557,True
round_robin,5,105,node-a,107239.65020707776,98.43230247497559,True
round_robin,5,105,node-b,106593.2543148902,149.1560935974121,True
round_robin,5,105,node-c,100004.74217289095,640.0818824768066,True
round_robin,5,105,node-a,63641.82889494212,55.99570274353027,True
round_robin,5,105,node-b,177876.70842118122,202.4252414703369,True
round_robin,5,105,node-c,133138.7353849852,655.7321548461914,True
round_robin,5,105,node-a,100673.02114681307,95.83234786987305,True
round_robin,5,105,node-b,102302.92398162084,175.57287216186523,True
round_robin,5,105,node-c,97242.42213699657,549.508810043335,True
round_robin,5,105,node-a,221262.97736440404,155.73906898498535,True
round_robin,5,105,node-b,90206.51224092045,108.21127891540527,True
round_robin,5,105,node-c,44370.41009070619,315.0901794433594,True
round_robin,5,105,node-a,111799.88934697612,95.21842002868652,True
round_robin,5,105,node-b,163232.10694403137,151.22103691101074,True
round_robin,5,105,node-c,145961.34916008866,175.95648765563965,True
round_robin,5,105,node-a,85614.70228694101,88.10782432556152,True
round_robin,5,105,node-b,45878.899485390946,72.29733467102051,True
round_robin,5,105,node-c,295167.6911087493,655.8089256286621,True
round_robin,5,105,node-a,63129.55146460217,57.5871467590332,True
round_robin,5,105,node-b,110938.16409342198,89.64085578918457,True
round_robin,5,105,node-c,95368.53730673215,379.75597381591797,True
round_robin,5,105,node-a,74120.71940170013,49.64756965637207,True
round_robin,5,105,node-b,82712.82824264126,80.3823471069336,True
round_robin,5,105,node-c,58532.66875239921,56.80513381958008,True
round_robin,5,105,node-a,64660.47150080903,59.80229377746582,True
round_robin,5,105,node-b,78702.52529901722,78.15098762512207,True
round_robin,5,105,node-c,95154.44253600755,109.39764976501465,True
round_robin,5,105,node-a,345005.6110720096,297.23215103149414,True
round_robin,5,105,node-b,61343.24223118435,51.53012275695801,True
round_robin,5,105,node-c,178301.16029168273,231.86182975769043,True
round_robin,5,105,node-a,104590.96796257167,148.78082275390625,True
round_robin,5,105,node-b,82457.88916802622,79.57053184509277,True
round_robin,5,105,node-c,49107.17094455974,344.4404602050781,True
round_robin,5,105,node-a,97031.10014428385,89.19334411621094,True
round_robin,5,105,node-b,59140.304278586766,43.20549964904785,True
round_robin,5,105,node-c,114836.38179946422,702.3775577545166,True
round_robin,5,105,node-a,119096.11214920688,113.30962181091309,True
round_robin,5,105,node-b,54284.3686504679,58.29882621765137,True
round_robin,5,105,node-c,178026.40859139228,829.0233612060547,True
round_robin,5,105,node-a,92247.77204492968,104.9647331237793,True
round_robin,5,105,node-b,102548.02159226804,69.37289237976074,True
round_robin,5,105,node-c,117125.90959708077,663.7425422668457,True
round_robin,5,105,node-a,84275.53908458372,76.28059387207031,True
round_robin,5,105,node-b,172866.91623694258,238.1124496459961,True
round_robin,5,105,node-c,233175.59727783038,3414.386987686157,True
round_robin,5,105,node-a,113847.05069231876,98.59895706176758,True
round_robin,5,105,node-b,167012.4355553973,453.17554473876953,True
round_robin,5,105,node-c,274326.0841340308,2547.764301300049,True
round_robin,5,105,node-a,150561.20081542467,100.34823417663574,True
round_robin,5,105,node-b,95631.07086628013,278.46550941467285,True
round_robin,5,105,node-c,196573.3156080456,2694.251298904419,True
round_robin,5,105,node-a,115468.2706669342,103.49869728088379,True
round_robin,5,105,node-b,98131.06668353165,351.0434627532959,True
round_robin,5,105,node-c,52148.87621964856,1068.5596466064453,True
round_robin,5,105,node-a,115698.09541488417,87.02826499938965,True
round_robin,5,105,node-b,69910.1797374777,287.57357597351074,True
round_robin,5,105,node-c,121577.63309990718,1602.2460460662842,True
round_robin,5,105,node-a,36804.289126409494,47.04475402832031,True
round_robin,5,105,node-b,58384.3689135876,65.42587280273438,True
round_robin,5,105,node-c,221514.47713435226,3081.9132328033447,True
round_robin,5,105,node-a,254986.23798559018,184.9648952484131,True
round_robin,5,105,node-b,126620.71888730572,128.77178192138672,True
round_robin,5,105,node-c,120644.70046222427,1995.5410957336426,True
round_robin,5,105,node-a,32138.110512528605,40.368080139160156,True
round_robin,5,105,node-b,131082.86803856213,100.14700889587402,True
round_robin,5,105,node-c,72973.26355405796,851.3021469116211,True
round_robin,5,105,node-a,33980.03681299803,38.04469108581543,True
round_robin,5,105,node-b,60678.96537499808,55.547237396240234,True
round_robin,5,105,node-c,58730.42469474586,1655.4772853851318,True
round_robin,5,105,node-a,141421.30042669908,102.8437614440918,True
round_robin,5,105,node-b,110960.49147343704,105.57413101196289,True
round_robin,5,105,node-c,339746.1873482603,3406.731367111206,True
round_robin,5,105,node-a,215301.64293426074,151.13019943237305,True
round_robin,5,105,node-b,106016.76286039723,113.20853233337402,True
round_robin,5,105,node-c,135146.67541425323,2147.1736431121826,True
round_robin,5,105,node-a,55162.22761951075,75.0265121459961,True
round_robin,5,105,node-b,159234.86711433204,218.6579704284668,True
round_robin,5,105,node-c,87458.25473283058,1232.9716682434082,True
round_robin,5,105,node-a,113508.20455629007,94.99239921569824,True
round_robin,5,105,node-b,124549.82903988526,111.49430274963379,True
round_robin,5,105,node-c,107865.33134814167,2435.649871826172,True
round_robin,5,105,node-a,85538.13147371706,76.9050121307373,True
round_robin,5,105,node-b,153892.5674870876,119.02213096618652,True
round_robin,5,105,node-c,156170.6345765589,1875.3371238708496,True
round_robin,5,105,node-a,29383.586373138,36.197662353515625,True
round_robin,5,105,node-b,77582.88772658742,53.77531051635742,True
round_robin,5,105,node-c,96317.56746008951,1914.6265983581543,True
round_robin,5,105,node-a,78663.49315854236,72.07131385803223,True
round_robin,5,105,node-b,114792.28413850738,90.42048454284668,True
round_robin,5,105,node-c,163393.17855052662,2015.1002407073975,True
round_robin,5,105,node-a,113833.13350499007,76.63583755493164,True
round_robin,5,105,node-b,97884.85675791287,87.19325065612793,True
round_robin,5,105,node-c,180234.80008686963,2356.738805770874,True
round_robin,5,105,node-a,129264.36643252919,110.26144027709961,True
round_robin,5,105,node-b,125013.57983537864,84.0916633605957,True
round_robin,5,105,node-c,311238.9207767219,2694.718360900879,True
round_robin,5,105,node-a,189809.11309005888,120.81408500671387,True
round_robin,5,105,node-b,65884.37136082105,59.5088005065918,True
round_robin,5,105,node-c,217277.58320755017,2813.622236251831,True
round_robin,5,105,node-a,75806.78083879316,67.49153137207031,True
round_robin,5,105,node-b,122482.24669962579,110.2595329284668,True
round_robin,5,105,node-c,42568.062294324554,2314.2149448394775,True
round_robin,5,105,node-a,181359.9411137612,142.5483226776123,True
round_robin,5,105,node-b,44666.58622785586,43.05553436279297,True
round_robin,5,105,node-c,134744.43179946402,2744.89164352417,True
round_robin,5,105,node-a,312356.66789715586,217.9577350616455,True
round_robin,5,105,node-b,145372.47978474732,140.86675643920898,True
round_robin,5,105,node-c,107921.85500737157,2240.642309188843,True
round_robin,5,105,node-a,63094.26549127317,69.33236122131348,True
round_robin,5,105,node-b,89579.17926325557,108.56842994689941,True
round_robin,5,105,node-c,163159.53761035108,2767.475128173828,True
round_robin,5,105,node-a,31453.004049771687,41.498661041259766,True
round_robin,5,105,node-b,58634.14018882309,87.11934089660645,True
round_robin,5,105,node-c,190628.3983380601,2918.3995723724365,True
round_robin,5,105,node-a,79587.04346439225,69.05889511108398,True
round_robin,5,105,node-b,178260.27080501532,156.02397918701172,True
round_robin,5,105,node-c,138353.48319377654,2548.1510162353516,True
round_robin,5,105,node-a,63093.27046928918,59.27920341491699,True
round_robin,5,105,node-b,92212.61707261216,86.56144142150879,True
round_robin,5,105,node-c,204062.73449430798,2671.903133392334,True
round_robin,5,105,node-a,84268.87392288142,76.88069343566895,True
round_robin,5,105,node-b,97925.35559016978,86.2123966217041,True
round_robin,5,105,node-c,131710.14057230388,2508.026599884033,True
weighted_round_robin,5,105,node-a,102592.48033195236,80.62744140625,True
weighted_round_robin,5,105,node-b,197768.726076576,155.0283432006836,True
weighted_round_robin,5,105,node-c,286144.6191059693,302.22153663635254,True
weighted_round_robin,5,105,node-a,103110.81175643927,89.38932418823242,True
weighted_round_robin,5,105,node-b,93964.11710723434,147.54939079284668,True
weighted_round_robin,5,105,node-a,180098.97636889684,133.31270217895508,True
weighted_round_robin,5,105,node-c,109041.0861188692,300.2784252166748,True
weighted_round_robin,5,105,node-a,159045.44048271255,144.3922519683838,True
weighted_round_robin,5,105,node-b,235850.44118205673,365.72909355163574,True
weighted_round_robin,5,105,node-a,140131.0409897717,195.6918239593506,True
weighted_round_robin,5,105,node-b,182479.70532941003,367.509126663208,True
weighted_round_robin,5,105,node-c,33024.96355314403,109.44628715515137,True
weighted_round_robin,5,105,node-a,179009.2948796747,217.16642379760742,True
weighted_round_robin,5,105,node-b,97837.5303094313,388.4093761444092,True
weighted_round_robin,5,105,node-a,66351.15121968552,117.92135238647461,True
weighted_round_robin,5,105,node-c,98486.41438016007,79.1940689086914,True
weighted_round_robin,5,105,node-a,58581.402965823094,62.17002868652344,True
weighted_round_robin,5,105,node-b,58984.702404636744,160.11977195739746,True
weighted_round_robin,5,105,node-a,38198.474752684415,30.125856399536133,True
weighted_round_robin,5,105,node-c,76983.73994405089,112.97988891601562,True
weighted_round_robin,5,105,node-b,53535.94108718406,61.79404258728027,True
weighted_round_robin,5,105,node-a,71006.48802560414,84.76066589355469,True
weighted_round_robin,5,105,node-a,158729.7635831594,221.4970588684082,True
weighted_round_robin,5,105,node-b,109045.72204271208,76.14994049072266,True
weighted_round_robin,5,105,node-c,55638.482119711254,62.32261657714844,True
weighted_round_robin,5,105,node-a,132902.9734192102,184.78631973266602,True
weighted_round_robin,5,105,node-b,174296.38149957746,136.3232135772705,True
weighted_round_robin,5,105,node-a,107239.65020707776,152.5745391845703,True
weighted_round_robin,5,105,node-c,106593.2543148902,145.4160213470459,True
weighted_round_robin,5,105,node-a,100004.74217289095,94.48957443237305,True
weighted_round_robin,5,105,node-b,63641.82889494212,62.91794776916504,True
weighted_round_robin,5,105,node-a,177876.70842118122,128.68142127990723,True
weighted_round_robin,5,105,node-b,133138.7353849852,121.2778091430664,True
weighted_round_robin,5,105,node-c,100673.02114681307,88.6998176574707,True
weighted_round_robin,5,105,node-a,102302.92398162084,91.22276306152344,True
weighted_round_robin,5,105,node-b,97242.42213699657,123.51155281066895,True
weighted_round_robin,5,105,node-a,221262.97736440404,193.08137893676758,True
weighted_round_robin,5,105,node-c,90206.51224092045,94.15793418884277,True
weighted_round_robin,5,105,node-a,44370.41009070619,85.0226879119873,True
weighted_round_robin,5,105,node-b,111799.88934697612,80.91092109680176,True
weighted_round_robin,5,105,node-a,163232.10694403137,125.27966499328613,True
weighted_round_robin,5,105,node-c,145961.34916008866,177.1409511566162,True
weighted_round_robin,5,105,node-b,85614.70228694101,69.29206848144531,True
weighted_round_robin,5,105,node-a,45878.899485390946,56.19549751281738,True
weighted_round_robin,5,105,node-a,295167.6911087493,214.04433250427246,True
weighted_round_robin,5,105,node-b,63129.55146460217,72.41344451904297,True
weighted_round_robin,5,105,node-c,110938.16409342198,97.50628471374512,True
weighted_round_robin,5,105,node-a,95368.53730673215,69.39530372619629,True
weighted_round_robin,5,105,node-b,74120.71940170013,69.60797309875488,True
weighted_round_robin,5,105,node-a,82712.82824264126,71.52199745178223,True
weighted_round_robin,5,105,node-c,58532.66875239921,44.82746124267578,True
weighted_round_robin,5,105,node-a,64660.47150080903,57.608604431152344,True
weighted_round_robin,5,105,node-b,78702.52529901722,79.6046257019043,True
weighted_round_robin,5,105,node-a,95154.44253600755,79.66017723083496,True
weighted_round_robin,5,105,node-b,345005.6110720096,420.26710510253906,True
weighted_round_robin,5,105,node-c,61343.24223118435,44.558048248291016,True
weighted_round_robin,5,105,node-a,178301.16029168273,203.2313346862793,True
weighted_round_robin,5,105,node-b,104590.96796257167,269.4418430328369,True
weighted_round_robin,5,105,node-a,82457.88916802622,160.87603569030762,True
weighted_round_robin,5,105,node-c,49107.17094455974,47.72782325744629,True
weighted_round_robin,5,105,node-a,97031.10014428385,151.69358253479004,True
weighted_round_robin,5,105,node-b,59140.304278586766,127.1967887878418,True
weighted_round_robin,5,105,node-a,114836.38179946422,168.8854694366455,True
weighted_round_robin,5,105,node-c,119096.11214920688,96.26603126525879,True
weighted_round_robin,5,105,node-b,54284.3686504679,181.52785301208496,True
weighted_round_robin,5,105,node-a,178026.40859139228,414.20698165893555,True
weighted_round_robin,5,105,node-a,92247.77204492968,422.76549339294434,True
weighted_round_robin,5,105,node-b,102548.02159226804,180.56797981262207,True
weighted_round_robin,5,105,node-c,117125.90959708077,165.5590534210205,True
weighted_round_robin,5,105,node-a,84275.53908458372,339.88189697265625,True
weighted_round_robin,5,105,node-b,172866.91623694258,326.2608051300049,True
weighted_round_robin,5,105,node-a,233175.59727783038,806.8664073944092,True
weighted_round_robin,5,105,node-c,113847.05069231876,191.35785102844238,True
weighted_round_robin,5,105,node-a,167012.4355553973,386.427640914917,True
weighted_round_robin,5,105,node-b,274326.0841340308,660.5930328369141,True
weighted_round_robin,5,105,node-a,150561.20081542467,511.02685928344727,True
weighted_round_robin,5,105,node-b,95631.07086628013,396.49486541748047,True
weighted_round_robin,5,105,node-c,196573.3156080456,396.087646484375,True
weighted_round_robin,5,105,node-a,115468.2706669342,524.5637893676758,True
weighted_round_robin,5,105,node-b,98131.06668353165,417.8316593170166,True
weighted_round_robin,5,105,node-a,52148.87621964856,263.46707344055176,True
weighted_round_robin,5,105,node-c,115698.09541488417,309.67044830322266,True
weighted_round_robin,5,105,node-a,69910.1797374777,413.923978805542,True
weighted_round_robin,5,105,node-b,121577.63309990718,424.471378326416,True
weighted_round_robin,5,105,node-a,36804.289126409494,334.6884250640869,True
weighted_round_robin,5,105,node-c,58384.3689135876,63.38024139404297,True
weighted_round_robin,5,105,node-b,221514.47713435226,478.26266288757324,True
weighted_round_robin,5,105,node-a,254986.23798559018,441.6165351867676,True
weighted_round_robin,5,105,node-a,126620.71888730572,255.21564483642578,True
weighted_round_robin,5,105,node-b,120644.70046222427,284.1343879699707,True
weighted_round_robin,5,105,node-c,32138.110512528605,37.0328426361084,True
weighted_round_robin,5,105,node-a,131082.86803856213,180.0382137298584,True
weighted_round_robin,5,105,node-b,72973.26355405796,173.77161979675293,True
weighted_round_robin,5,105,node-a,33980.03681299803,90.95525741577148,True
weighted_round_robin,5,105,node-c,60678.96537499808,60.526132583618164,True
weighted_round_robin,5,105,node-a,58730.42469474586,51.38707160949707,True
weighted_round_robin,5,105,node-b,141421.30042669908,154.27231788635254,True
weighted_round_robin,5,105,node-a,110960.49147343704,83.63819122314453,True
weighted_round_robin,5,105,node-b,339746.1873482603,536.170482635498,True
weighted_round_robin,5,105,node-c,215301.64293426074,379.7154426574707,True
weighted_round_robin,5,105,node-a,106016.76286039723,121.66023254394531,True
weighted_round_robin,5,105,node-b,135146.67541425323,294.0804958343506,True
weighted_round_robin,5,105,node-a,55162.22761951075,83.56666564941406,True
weighted_round_robin,5,105,node-c,159234.86711433204,539.893627166748,True
weighted_round_robin,5,105,node-a,87458.25473283058,82.1993350982666,True
weighted_round_robin,5,105,node-b,113508.20455629007,219.9850082397461,True
weighted_round_robin,5,105,node-a,124549.82903988526,109.96174812316895,True
weighted_round_robin,5,105,node-c,107865.33134814167,312.8502368927002,True
weighted_round_robin,5,105,node-b,85538.13147371706,147.8877067565918,True
weighted_round_robin,5,105,node-a,153892.5674870876,121.8414306640625,True
weighted_round_robin,5,105,node-a,156170.6345765589,121.55270576477051,True
weighted_round_robin,5,105,node-b,29383.586373138,32.48739242553711,True
weighted_round_robin,5,105,node-c,77582.88772658742,99.72190856933594,True
weighted_round_robin,5,105,node-a,96317.56746008951,116.47653579711914,True
weighted_round_robin,5,105,node-b,78663.49315854236,53.65705490112305,True
weighted_round_robin,5,105,node-a,114792.28413850738,100.9368896484375,True
weighted_round_robin,5,105,node-c,163393.17855052662,188.61746788024902,True
weighted_round_robin,5,105,node-a,113833.13350499007,92.00501441955566,True
weighted_round_robin,5,105,node-b,97884.85675791287,67.75069236755371,True
weighted_round_robin,5,105,node-a,180234.80008686963,129.73809242248535,True
weighted_round_robin,5,105,node-b,129264.36643252919,108.28542709350586,True
weighted_round_robin,5,105,node-c,125013.57983537864,156.25882148742676,True
weighted_round_robin,5,105,node-a,311238.9207767219,283.59079360961914,True
weighted_round_robin,5,105,node-b,189809.11309005888,123.63004684448242,True
weighted_round_robin,5,105,node-a,65884.37136082105,136.43693923950195,True
weighted_round_robin,5,105,node-c,217277.58320755017,278.4273624420166,True
weighted_round_robin,5,105,node-a,75806.78083879316,109.24434661865234,True
weighted_round_robin,5,105,node-b,122482.24669962579,110.34011840820312,True
weighted_round_robin,5,105,node-a,42568.062294324554,45.61185836791992,True
weighted_round_robin,5,105,node-c,181359.9411137612,374.2485046386719,True
weighted_round_robin,5,105,node-b,44666.58622785586,46.29182815551758,True
weighted_round_robin,5,105,node-a,134744.43179946402,150.0380039215088,True
weighted_round_robin,5,105,node-a,312356.66789715586,276.46493911743164,True
weighted_round_robin,5,105,node-b,145372.47978474732,145.737886428833,True
weighted_round_robin,5,105,node-c,107921.85500737157,150.51698684692383,True
weighted_round_robin,5,105,node-a,63094.26549127317,63.51137161254883,True
weighted_round_robin,5,105,node-b,89579.17926325557,91.19153022766113,True
weighted_round_robin,5,105,node-a,163159.53761035108,180.43828010559082,True
weighted_round_robin,5,105,node-c,31453.004049771687,82.27062225341797,True
weighted_round_robin,5,105,node-a,58634.14018882309,127.67457962036133,True
weighted_round_robin,5,105,node-b,190628.3983380601,151.7469882965088,True
weighted_round_robin,5,105,node-a,79587.04346439225,62.671661376953125,True
weighted_round_robin,5,105,node-b,178260.27080501532,152.8158187866211,True
weighted_round_robin,5,105,node-c,138353.48319377654,89.77222442626953,True
weighted_round_robin,5,105,node-a,63093.27046928918,55.77516555786133,True
weighted_round_robin,5,105,node-b,92212.61707261216,71.98357582092285,True
weighted_round_robin,5,105,node-a,204062.73449430798,217.12970733642578,True
weighted_round_robin,5,105,node-c,84268.87392288142,70.52993774414062,True
weighted_round_robin,5,105,node-a,97925.35559016978,169.1451072692871,True
weighted_round_robin,5,105,node-b,131710.14057230388,98.7083911895752,True
ml_argmin_baseline,5,105,node-a,102592.48033195236,87.89634704589844,True
ml_argmin_baseline,5,105,node-a,197768.726076576,189.75377082824707,True
ml_argmin_baseline,5,105,node-a,286144.6191059693,434.88478660583496,True
ml_argmin_baseline,5,105,node-b,103110.81175643927,170.20511627197266,True
ml_argmin_baseline,5,105,node-b,93964.11710723434,145.22981643676758,True
ml_argmin_baseline,5,105,node-a,180098.97636889684,297.60169982910156,True
ml_argmin_baseline,5,105,node-b,109041.0861188692,83.57453346252441,True
ml_argmin_baseline,5,105,node-a,159045.44048271255,195.20831108093262,True
ml_argmin_baseline,5,105,node-a,235850.44118205673,377.58803367614746,True
ml_argmin_baseline,5,105,node-b,140131.0409897717,114.35866355895996,True
ml_argmin_baseline,5,105,node-a,182479.70532941003,709.3014717102051,True
ml_argmin_baseline,5,105,node-c,33024.96355314403,38.710594177246094,True
ml_argmin_baseline,5,105,node-a,179009.2948796747,691.4777755737305,True
ml_argmin_baseline,5,105,node-a,97837.5303094313,525.0287055969238,True
ml_argmin_baseline,5,105,node-a,66351.15121968552,439.8210048675537,True
ml_argmin_baseline,5,105,node-a,98486.41438016007,521.1145877838135,True
ml_argmin_baseline,5,105,node-a,58581.402965823094,298.78902435302734,True
ml_argmin_baseline,5,105,node-a,58984.702404636744,372.0564842224121,True
ml_argmin_baseline,5,105,node-b,38198.474752684415,47.31464385986328,True
ml_argmin_baseline,5,105,node-b,76983.73994405089,73.85849952697754,True
ml_argmin_baseline,5,105,node-b,53535.94108718406,127.59876251220703,True
ml_argmin_baseline,5,105,node-c,71006.48802560414,105.21984100341797,True
ml_argmin_baseline,5,105,node-a,158729.7635831594,238.983154296875,True
ml_argmin_baseline,5,105,node-a,109045.72204271208,211.82608604431152,True
ml_argmin_baseline,5,105,node-b,55638.482119711254,63.84873390197754,True
ml_argmin_baseline,5,105,node-a,132902.9734192102,298.1092929840088,True
ml_argmin_baseline,5,105,node-a,174296.38149957746,384.4423294067383,True
ml_argmin_baseline,5,105,node-a,107239.65020707776,360.095739364624,True
ml_argmin_baseline,5,105,node-b,106593.2543148902,74.73158836364746,True
ml_argmin_baseline,5,105,node-b,100004.74217289095,89.19906616210938,True
ml_argmin_baseline,5,105,node-b,63641.82889494212,57.181596755981445,True
ml_argmin_baseline,5,105,node-b,177876.70842118122,292.588472366333,True
ml_argmin_baseline,5,105,node-b,133138.7353849852,587.2170925140381,True
ml_argmin_baseline,5,105,node-b,100673.02114681307,493.1490421295166,True
ml_argmin_baseline,5,105,node-b,102302.92398162084,521.2714672088623,True
ml_argmin_baseline,5,105,node-b,97242.42213699657,611.8438243865967,True
ml_argmin_baseline,5,105,node-a,221262.97736440404,164.33382034301758,True
ml_argmin_baseline,5,105,node-b,90206.51224092045,474.1473197937012,True
ml_argmin_baseline,5,105,node-b,44370.41009070619,360.9590530395508,True
ml_argmin_baseline,5,105,node-a,111799.88934697612,98.49190711975098,True
ml_argmin_baseline,5,105,node-a,163232.10694403137,151.108980178833,True
ml_argmin_baseline,5,105,node-a,145961.34916008866,188.69686126708984,True
ml_argmin_baseline,5,105,node-b,85614.70228694101,72.9982852935791,True
ml_argmin_baseline,5,105,node-a,45878.899485390946,171.06175422668457,True
ml_argmin_baseline,5,105,node-a,295167.6911087493,290.4052734375,True
ml_argmin_baseline,5,105,node-b,63129.55146460217,47.54209518432617,True
ml_argmin_baseline,5,105,node-b,110938.16409342198,117.20871925354004,True
ml_argmin_baseline,5,105,node-a,95368.53730673215,87.9817008972168,True
ml_argmin_baseline,5,105,node-c,74120.71940170013,63.34686279296875,True
ml_argmin_baseline,5,105,node-b,82712.82824264126,70.4340934753418,True
ml_argmin_baseline,5,105,node-a,58532.66875239921,43.6854362487793,True
ml_argmin_baseline,5,105,node-a,64660.47150080903,67.55590438842773,True
ml_argmin_baseline,5,105,node-b,78702.52529901722,67.89302825927734,True
ml_argmin_baseline,5,105,node-a,95154.44253600755,80.65581321716309,True
ml_argmin_baseline,5,105,node-a,345005.6110720096,322.2544193267822,True
ml_argmin_baseline,5,105,node-a,61343.24223118435,123.14796447753906,True
ml_argmin_baseline,5,105,node-a,178301.16029168273,289.40773010253906,True
ml_argmin_baseline,5,105,node-b,104590.96796257167,181.71095848083496,True
ml_argmin_baseline,5,105,node-b,82457.88916802622,175.59099197387695,True
ml_argmin_baseline,5,105,node-b,49107.17094455974,116.59049987792969,True
ml_argmin_baseline,5,105,node-b,97031.10014428385,285.0503921508789,True
ml_argmin_baseline,5,105,node-b,59140.304278586766,328.5355567932129,True
ml_argmin_baseline,5,105,node-b,114836.38179946422,362.66517639160156,True
ml_argmin_baseline,5,105,node-b,119096.11214920688,497.9684352874756,True
ml_argmin_baseline,5,105,node-b,54284.3686504679,469.6507453918457,True
ml_argmin_baseline,5,105,node-a,178026.40859139228,156.3718318939209,True
ml_argmin_baseline,5,105,node-b,92247.77204492968,521.2161540985107,True
ml_argmin_baseline,5,105,node-a,102548.02159226804,201.62487030029297,True
ml_argmin_baseline,5,105,node-a,117125.90959708077,294.8606014251709,True
ml_argmin_baseline,5,105,node-c,84275.53908458372,77.05307006835938,True
ml_argmin_baseline,5,105,node-a,172866.91623694258,365.3697967529297,True
ml_argmin_baseline,5,105,node-a,233175.59727783038,441.44272804260254,True
ml_argmin_baseline,5,105,node-a,113847.05069231876,407.839298248291,True
ml_argmin_baseline,5,105,node-a,167012.4355553973,602.7572154998779,True
ml_argmin_baseline,5,105,node-a,274326.0841340308,1018.6443328857422,True
ml_argmin_baseline,5,105,node-a,150561.20081542467,1356.665849685669,True
ml_argmin_baseline,5,105,node-a,95631.07086628013,642.5304412841797,True
ml_argmin_baseline,5,105,node-a,196573.3156080456,1043.2629585266113,True
ml_argmin_baseline,5,105,node-a,115468.2706669342,913.1345748901367,True
ml_argmin_baseline,5,105,node-a,98131.06668353165,852.1192073822021,True
ml_argmin_baseline,5,105,node-c,52148.87621964856,57.06596374511719,True
ml_argmin_baseline,5,105,node-a,115698.09541488417,1018.5976028442383,True
ml_argmin_baseline,5,105,node-a,69910.1797374777,931.5190315246582,True
ml_argmin_baseline,5,105,node-a,121577.63309990718,1082.268238067627,True
ml_argmin_baseline,5,105,node-b,36804.289126409494,50.16207695007324,True
ml_argmin_baseline,5,105,node-b,58384.3689135876,57.01851844787598,True
ml_argmin_baseline,5,105,node-a,221514.47713435226,1128.7691593170166,True
ml_argmin_baseline,5,105,node-a,254986.23798559018,1100.7728576660156,True
ml_argmin_baseline,5,105,node-a,126620.71888730572,1189.8598670959473,True
ml_argmin_baseline,5,105,node-a,120644.70046222427,1096.3027477264404,True
ml_argmin_baseline,5,105,node-b,32138.110512528605,41.393280029296875,True
ml_argmin_baseline,5,105,node-a,131082.86803856213,1091.9170379638672,True
ml_argmin_baseline,5,105,node-a,72973.26355405796,1059.1447353363037,True
ml_argmin_baseline,5,105,node-b,33980.03681299803,39.97325897216797,True
ml_argmin_baseline,5,105,node-c,60678.96537499808,51.97739601135254,True
ml_argmin_baseline,5,105,node-c,58730.42469474586,55.96637725830078,True
ml_argmin_baseline,5,105,node-b,141421.30042669908,200.46520233154297,True
ml_argmin_baseline,5,105,node-b,110960.49147343704,255.89895248413086,True
ml_argmin_baseline,5,105,node-b,339746.1873482603,1436.6211891174316,True
ml_argmin_baseline,5,105,node-b,215301.64293426074,672.8801727294922,True
ml_argmin_baseline,5,105,node-b,106016.76286039723,401.3371467590332,True
ml_argmin_baseline,5,105,node-b,135146.67541425323,1174.8192310333252,True
ml_argmin_baseline,5,105,node-c,55162.22761951075,57.3122501373291,True
ml_argmin_baseline,5,105,node-b,159234.86711433204,980.2420139312744,True
ml_argmin_baseline,5,105,node-c,87458.25473283058,82.01146125793457,True
ml_argmin_baseline,5,105,node-b,113508.20455629007,797.3542213439941,True
ml_argmin_baseline,5,105,node-b,124549.82903988526,1082.2505950927734,True
ml_argmin_baseline,5,105,node-b,107865.33134814167,1097.1860885620117,True
ml_argmin_baseline,5,105,node-c,85538.13147371706,70.79339027404785,True
ml_argmin_baseline,5,105,node-b,153892.5674870876,1033.5628986358643,True
ml_argmin_baseline,5,105,node-b,156170.6345765589,1093.773365020752,True
ml_argmin_baseline,5,105,node-c,29383.586373138,23.730039596557617,True
ml_argmin_baseline,5,105,node-c,77582.88772658742,375.0622272491455,True
ml_argmin_baseline,5,105,node-c,96317.56746008951,530.4901599884033,True
ml_argmin_baseline,5,105,node-c,78663.49315854236,467.1967029571533,True
ml_argmin_baseline,5,105,node-c,114792.28413850738,872.5805282592773,True
ml_argmin_baseline,5,105,node-b,163393.17855052662,910.8872413635254,True
ml_argmin_baseline,5,105,node-c,113833.13350499007,696.8019008636475,True
ml_argmin_baseline,5,105,node-c,97884.85675791287,695.5912113189697,True
ml_argmin_baseline,5,105,node-b,180234.80008686963,879.723072052002,True
ml_argmin_baseline,5,105,node-c,129264.36643252919,989.9997711181641,True
ml_argmin_baseline,5,105,node-c,125013.57983537864,1426.6667366027832,True
ml_argmin_baseline,5,105,node-b,311238.9207767219,751.2006759643555,True
ml_argmin_baseline,5,105,node-a,189809.11309005888,124.8018741607666,True
ml_argmin_baseline,5,105,node-c,65884.37136082105,1020.3309059143066,True
ml_argmin_baseline,5,105,node-a,217277.58320755017,160.1407527923584,True
ml_argmin_baseline,5,105,node-c,75806.78083879316,996.3638782501221,True
ml_argmin_baseline,5,105,node-c,122482.24669962579,893.3291435241699,True
ml_argmin_baseline,5,105,node-c,42568.062294324554,734.4231605529785,True
ml_argmin_baseline,5,105,node-a,181359.9411137612,137.23421096801758,True
ml_argmin_baseline,5,105,node-c,44666.58622785586,771.2342739105225,True
ml_argmin_baseline,5,105,node-a,134744.43179946402,156.9993495941162,True
ml_argmin_baseline,5,105,node-a,312356.66789715586,281.19397163391113,True
ml_argmin_baseline,5,105,node-b,145372.47978474732,114.72463607788086,True
ml_argmin_baseline,5,105,node-b,107921.85500737157,120.53036689758301,True
ml_argmin_baseline,5,105,node-b,63094.26549127317,355.1955223083496,True
ml_argmin_baseline,5,105,node-b,89579.17926325557,433.7625503540039,True
ml_argmin_baseline,5,105,node-b,163159.53761035108,500.43344497680664,True
ml_argmin_baseline,5,105,node-b,31453.004049771687,207.12637901306152,True
ml_argmin_baseline,5,105,node-b,58634.14018882309,422.6701259613037,True
ml_argmin_baseline,5,105,node-b,190628.3983380601,683.16650390625,True
ml_argmin_baseline,5,105,node-b,79587.04346439225,335.5371952056885,True
ml_argmin_baseline,5,105,node-a,178260.27080501532,233.82925987243652,True
ml_argmin_baseline,5,105,node-a,138353.48319377654,224.63202476501465,True
ml_argmin_baseline,5,105,node-c,63093.27046928918,67.60025024414062,True
ml_argmin_baseline,5,105,node-a,92212.61707261216,75.67429542541504,True
ml_argmin_baseline,5,105,node-a,204062.73449430798,177.85334587097168,True
ml_argmin_baseline,5,105,node-c,84268.87392288142,168.73884201049805,True
ml_argmin_baseline,5,105,node-c,97925.35559016978,285.28642654418945,True
ml_argmin_baseline,5,105,node-c,131710.14057230388,443.3276653289795,True
ml_softmax_propuesto,5,105,node-c,102592.48033195236,88.3479118347168,True
ml_softmax_propuesto,5,105,node-a,197768.726076576,209.8243236541748,True
ml_softmax_propuesto,5,105,node-b,286144.6191059693,261.2769603729248,True
ml_softmax_propuesto,5,105,node-a,103110.81175643927,145.91336250305176,True
ml_softmax_propuesto,5,105,node-c,93964.11710723434,102.08773612976074,True
ml_softmax_propuesto,5,105,node-a,180098.97636889684,158.7841510772705,True
ml_softmax_propuesto,5,105,node-c,109041.0861188692,98.1130599975586,True
ml_softmax_propuesto,5,105,node-a,159045.44048271255,121.7036247253418,True
ml_softmax_propuesto,5,105,node-b,235850.44118205673,394.4580554962158,True
ml_softmax_propuesto,5,105,node-b,140131.0409897717,336.6408348083496,True
ml_softmax_propuesto,5,105,node-c,182479.70532941003,396.6639041900635,True
ml_softmax_propuesto,5,105,node-a,33024.96355314403,91.7043685913086,True
ml_softmax_propuesto,5,105,node-a,179009.2948796747,181.1971664428711,True
ml_softmax_propuesto,5,105,node-a,97837.5303094313,173.40397834777832,True
ml_softmax_propuesto,5,105,node-a,66351.15121968552,150.5892276763916,True
ml_softmax_propuesto,5,105,node-c,98486.41438016007,428.12275886535645,True
ml_softmax_propuesto,5,105,node-a,58581.402965823094,65.11569023132324,True
ml_softmax_propuesto,5,105,node-a,58984.702404636744,67.90471076965332,True
ml_softmax_propuesto,5,105,node-b,38198.474752684415,53.08699607849121,True
ml_softmax_propuesto,5,105,node-b,76983.73994405089,102.01048851013184,True
ml_softmax_propuesto,5,105,node-b,53535.94108718406,95.42202949523926,True
ml_softmax_propuesto,5,105,node-c,71006.48802560414,129.1365623474121,True
ml_softmax_propuesto,5,105,node-a,158729.7635831594,110.08858680725098,True
ml_softmax_propuesto,5,105,node-c,109045.72204271208,377.63047218322754,True
ml_softmax_propuesto,5,105,node-c,55638.482119711254,374.6976852416992,True
ml_softmax_propuesto,5,105,node-c,132902.9734192102,533.6339473724365,True
ml_softmax_propuesto,5,105,node-b,174296.38149957746,242.92588233947754,True
ml_softmax_propuesto,5,105,node-a,107239.65020707776,92.8959846496582,True
ml_softmax_propuesto,5,105,node-b,106593.2543148902,206.99453353881836,True
ml_softmax_propuesto,5,105,node-a,100004.74217289095,81.65931701660156,True
ml_softmax_propuesto,5,105,node-a,63641.82889494212,65.16218185424805,True
ml_softmax_propuesto,5,105,node-a,177876.70842118122,238.19947242736816,True
ml_softmax_propuesto,5,105,node-a,133138.7353849852,235.38827896118164,True
ml_softmax_propuesto,5,105,node-c,100673.02114681307,171.08416557312012,True
ml_softmax_propuesto,5,105,node-c,102302.92398162084,253.3111572265625,True
ml_softmax_propuesto,5,105,node-a,97242.42213699657,203.84955406188965,True
ml_softmax_propuesto,5,105,node-a,221262.97736440404,214.05339241027832,True
ml_softmax_propuesto,5,105,node-c,90206.51224092045,364.4530773162842,True
ml_softmax_propuesto,5,105,node-c,44370.41009070619,198.61340522766113,True
ml_softmax_propuesto,5,105,node-b,111799.88934697612,79.12778854370117,True
ml_softmax_propuesto,5,105,node-a,163232.10694403137,173.57420921325684,True
ml_softmax_propuesto,5,105,node-a,145961.34916008866,181.7302703857422,True
ml_softmax_propuesto,5,105,node-c,85614.70228694101,71.72393798828125,True
ml_softmax_propuesto,5,105,node-c,45878.899485390946,80.59287071228027,True
ml_softmax_propuesto,5,105,node-a,295167.6911087493,266.04604721069336,True
ml_softmax_propuesto,5,105,node-c,63129.55146460217,71.3803768157959,True
ml_softmax_propuesto,5,105,node-c,110938.16409342198,175.0469207763672,True
ml_softmax_propuesto,5,105,node-b,95368.53730673215,83.9684009552002,True
ml_softmax_propuesto,5,105,node-a,74120.71940170013,52.70743370056152,True
ml_softmax_propuesto,5,105,node-a,82712.82824264126,67.05069541931152,True
ml_softmax_propuesto,5,105,node-c,58532.66875239921,66.1780834197998,True
ml_softmax_propuesto,5,105,node-c,64660.47150080903,70.45769691467285,True
ml_softmax_propuesto,5,105,node-b,78702.52529901722,82.29851722717285,True
ml_softmax_propuesto,5,105,node-a,95154.44253600755,79.47945594787598,True
ml_softmax_propuesto,5,105,node-a,345005.6110720096,248.89540672302246,True
ml_softmax_propuesto,5,105,node-c,61343.24223118435,94.94662284851074,True
ml_softmax_propuesto,5,105,node-c,178301.16029168273,682.797908782959,True
ml_softmax_propuesto,5,105,node-c,104590.96796257167,545.9983348846436,True
ml_softmax_propuesto,5,105,node-c,82457.88916802622,535.7372760772705,True
ml_softmax_propuesto,5,105,node-a,49107.17094455974,38.4984016418457,True
ml_softmax_propuesto,5,105,node-c,97031.10014428385,918.0083274841309,True
ml_softmax_propuesto,5,105,node-a,59140.304278586766,55.14645576477051,True
ml_softmax_propuesto,5,105,node-a,114836.38179946422,204.7269344329834,True
ml_softmax_propuesto,5,105,node-a,119096.11214920688,208.7697982788086,True
ml_softmax_propuesto,5,105,node-c,54284.3686504679,554.3539524078369,True
ml_softmax_propuesto,5,105,node-c,178026.40859139228,1015.1991844177246,True
ml_softmax_propuesto,5,105,node-b,92247.77204492968,102.91051864624023,True
ml_softmax_propuesto,5,105,node-b,102548.02159226804,132.42435455322266,True
ml_softmax_propuesto,5,105,node-a,117125.90959708077,178.49302291870117,True
ml_softmax_propuesto,5,105,node-c,84275.53908458372,707.8711986541748,True
ml_softmax_propuesto,5,105,node-a,172866.91623694258,214.52832221984863,True
ml_softmax_propuesto,5,105,node-a,233175.59727783038,446.4104175567627,True
ml_softmax_propuesto,5,105,node-b,113847.05069231876,200.62255859375,True
ml_softmax_propuesto,5,105,node-b,167012.4355553973,395.143985748291,True
ml_softmax_propuesto,5,105,node-b,274326.0841340308,922.6226806640625,True
ml_softmax_propuesto,5,105,node-a,150561.20081542467,413.6087894439697,True
ml_softmax_propuesto,5,105,node-b,95631.07086628013,296.0546016693115,True
ml_softmax_propuesto,5,105,node-a,196573.3156080456,549.5598316192627,True
ml_softmax_propuesto,5,105,node-b,115468.2706669342,545.6483364105225,True
ml_softmax_propuesto,5,105,node-a,98131.06668353165,454.07962799072266,True
ml_softmax_propuesto,5,105,node-a,52148.87621964856,377.20203399658203,True
ml_softmax_propuesto,5,105,node-b,115698.09541488417,536.3521575927734,True
ml_softmax_propuesto,5,105,node-a,69910.1797374777,233.5348129272461,True
ml_softmax_propuesto,5,105,node-a,121577.63309990718,398.9448547363281,True
ml_softmax_propuesto,5,105,node-b,36804.289126409494,329.0402889251709,True
ml_softmax_propuesto,5,105,node-a,58384.3689135876,250.5652904510498,True
ml_softmax_propuesto,5,105,node-a,221514.47713435226,574.195384979248,True
ml_softmax_propuesto,5,105,node-a,254986.23798559018,624.9368190765381,True
ml_softmax_propuesto,5,105,node-b,126620.71888730572,332.913875579834,True
ml_softmax_propuesto,5,105,node-a,120644.70046222427,403.1355381011963,True
ml_softmax_propuesto,5,105,node-c,32138.110512528605,33.745765686035156,True
ml_softmax_propuesto,5,105,node-a,131082.86803856213,380.33556938171387,True
ml_softmax_propuesto,5,105,node-c,72973.26355405796,112.78510093688965,True
ml_softmax_propuesto,5,105,node-c,33980.03681299803,83.21189880371094,True
ml_softmax_propuesto,5,105,node-b,60678.96537499808,65.71316719055176,True
ml_softmax_propuesto,5,105,node-a,58730.42469474586,41.9161319732666,True
ml_softmax_propuesto,5,105,node-a,141421.30042669908,206.7105770111084,True
ml_softmax_propuesto,5,105,node-a,110960.49147343704,220.8404541015625,True
ml_softmax_propuesto,5,105,node-a,339746.1873482603,873.2819557189941,True
ml_softmax_propuesto,5,105,node-a,215301.64293426074,392.5948143005371,True
ml_softmax_propuesto,5,105,node-b,106016.76286039723,95.60179710388184,True
ml_softmax_propuesto,5,105,node-a,135146.67541425323,478.87372970581055,True
ml_softmax_propuesto,5,105,node-c,55162.22761951075,61.56349182128906,True
ml_softmax_propuesto,5,105,node-a,159234.86711433204,505.5205821990967,True
ml_softmax_propuesto,5,105,node-c,87458.25473283058,99.11918640136719,True
ml_softmax_propuesto,5,105,node-a,113508.20455629007,406.3384532928467,True
ml_softmax_propuesto,5,105,node-a,124549.82903988526,440.38891792297363,True
ml_softmax_propuesto,5,105,node-a,107865.33134814167,484.45963859558105,True
ml_softmax_propuesto,5,105,node-b,85538.13147371706,75.39772987365723,True
ml_softmax_propuesto,5,105,node-a,153892.5674870876,392.55714416503906,True
ml_softmax_propuesto,5,105,node-b,156170.6345765589,168.37525367736816,True
ml_softmax_propuesto,5,105,node-b,29383.586373138,87.02969551086426,True
ml_softmax_propuesto,5,105,node-c,77582.88772658742,108.2143783569336,True
ml_softmax_propuesto,5,105,node-c,96317.56746008951,198.9133358001709,True
ml_softmax_propuesto,5,105,node-a,78663.49315854236,78.74608039855957,True
ml_softmax_propuesto,5,105,node-b,114792.28413850738,88.63544464111328,True
ml_softmax_propuesto,5,105,node-a,163393.17855052662,122.31779098510742,True
ml_softmax_propuesto,5,105,node-b,113833.13350499007,189.68915939331055,True
ml_softmax_propuesto,5,105,node-b,97884.85675791287,189.70203399658203,True
ml_softmax_propuesto,5,105,node-a,180234.80008686963,133.9263916015625,True
ml_softmax_propuesto,5,105,node-c,129264.36643252919,127.6693344116211,True
ml_softmax_propuesto,5,105,node-a,125013.57983537864,111.86456680297852,True
ml_softmax_propuesto,5,105,node-a,311238.9207767219,249.8021125793457,True
ml_softmax_propuesto,5,105,node-b,189809.11309005888,173.06208610534668,True
ml_softmax_propuesto,5,105,node-c,65884.37136082105,65.97399711608887,True
ml_softmax_propuesto,5,105,node-b,217277.58320755017,262.96377182006836,True
ml_softmax_propuesto,5,105,node-c,75806.78083879316,70.01948356628418,True
ml_softmax_propuesto,5,105,node-c,122482.24669962579,223.09327125549316,True
ml_softmax_propuesto,5,105,node-c,42568.062294324554,204.45990562438965,True
ml_softmax_propuesto,5,105,node-a,181359.9411137612,150.27141571044922,True
ml_softmax_propuesto,5,105,node-c,44666.58622785586,206.93278312683105,True
ml_softmax_propuesto,5,105,node-b,134744.43179946402,160.48741340637207,True
ml_softmax_propuesto,5,105,node-b,312356.66789715586,399.75476264953613,True
ml_softmax_propuesto,5,105,node-a,145372.47978474732,105.67021369934082,True
ml_softmax_propuesto,5,105,node-a,107921.85500737157,94.20585632324219,True
ml_softmax_propuesto,5,105,node-c,63094.26549127317,76.49660110473633,True
ml_softmax_propuesto,5,105,node-a,89579.17926325557,154.2222499847412,True
ml_softmax_propuesto,5,105,node-a,163159.53761035108,204.88929748535156,True
ml_softmax_propuesto,5,105,node-c,31453.004049771687,69.78654861450195,True
ml_softmax_propuesto,5,105,node-c,58634.14018882309,255.91588020324707,True
ml_softmax_propuesto,5,105,node-c,190628.3983380601,416.8202877044678,True
ml_softmax_propuesto,5,105,node-b,79587.04346439225,78.39107513427734,True
ml_softmax_propuesto,5,105,node-a,178260.27080501532,139.87970352172852,True
ml_softmax_propuesto,5,105,node-b,138353.48319377654,130.78641891479492,True
ml_softmax_propuesto,5,105,node-b,63093.27046928918,57.98816680908203,True
ml_softmax_propuesto,5,105,node-c,92212.61707261216,115.13304710388184,True
ml_softmax_propuesto,5,105,node-b,204062.73449430798,242.68817901611328,True
ml_softmax_propuesto,5,105,node-a,84268.87392288142,100.83794593811035,True
ml_softmax_propuesto,5,105,node-b,97925.35559016978,218.8434600830078,True
ml_softmax_propuesto,5,105,node-a,131710.14057230388,138.6713981628418,True
round_robin,6,106,node-a,164646.6053685063,125.66423416137695,True
round_robin,6,106,node-b,124538.9646184089,99.94697570800781,True
round_robin,6,106,node-c,135443.40756442936,92.43464469909668,True
round_robin,6,106,node-a,97331.14204116553,75.25634765625,True
round_robin,6,106,node-b,170930.06804315015,155.83419799804688,True
round_robin,6,106,node-c,49408.30945494119,45.40610313415527,True
round_robin,6,106,node-a,186309.72029980514,139.32490348815918,True
round_robin,6,106,node-b,91796.83496277184,84.98120307922363,True
round_robin,6,106,node-c,96607.40038652677,74.94401931762695,True
round_robin,6,106,node-a,62256.12579463813,55.77588081359863,True
round_robin,6,106,node-b,46882.32639467636,54.338932037353516,True
round_robin,6,106,node-c,83952.02919382775,88.88554573059082,True
round_robin,6,106,node-a,150756.17485471864,124.11069869995117,True
round_robin,6,106,node-b,122443.11872815076,113.32130432128906,True
round_robin,6,106,node-c,162246.197404376,235.68487167358398,True
round_robin,6,106,node-a,94274.02929943084,64.87751007080078,True
round_robin,6,106,node-b,117085.84212555391,102.99849510192871,True
round_robin,6,106,node-c,98204.2637652214,143.141508102417,True
round_robin,6,106,node-a,61740.88102976633,63.61246109008789,True
round_robin,6,106,node-b,100532.5545415991,68.04609298706055,True
round_robin,6,106,node-c,84065.9764771953,138.69285583496094,True
round_robin,6,106,node-a,156052.20233893214,178.37071418762207,True
round_robin,6,106,node-b,94804.48975256048,141.11089706420898,True
round_robin,6,106,node-c,103085.74321838486,346.3428020477295,True
round_robin,6,106,node-a,137488.65359215118,191.18738174438477,True
round_robin,6,106,node-b,166338.7305007308,236.35482788085938,True
round_robin,6,106,node-c,99204.88887778028,260.0371837615967,True
round_robin,6,106,node-a,98358.6640994629,65.27829170227051,True
round_robin,6,106,node-b,114370.15262029812,96.25983238220215,True
round_robin,6,106,node-c,174225.63788839747,305.5100440979004,True
round_robin,6,106,node-a,66229.56026890999,67.79789924621582,True
round_robin,6,106,node-b,60876.64037681794,56.57362937927246,True
round_robin,6,106,node-c,445688.10906793474,1222.712755203247,True
round_robin,6,106,node-a,97993.83273416641,77.16560363769531,True
round_robin,6,106,node-b,110788.21990275338,87.09859848022461,True
round_robin,6,106,node-c,37550.17609646608,221.69923782348633,True
round_robin,6,106,node-a,84226.77430226612,67.93022155761719,True
round_robin,6,106,node-b,97984.61269635533,89.53237533569336,True
round_robin,6,106,node-c,78155.18488855165,247.2991943359375,True
round_robin,6,106,node-a,84619.4107655587,72.34334945678711,True
round_robin,6,106,node-b,95753.70064133282,83.85992050170898,True
round_robin,6,106,node-c,122543.54867224468,396.395206451416,True
round_robin,6,106,node-a,165736.93192545243,118.08514595031738,True
round_robin,6,106,node-b,56480.777965792295,62.55936622619629,True
round_robin,6,106,node-c,55565.68385725341,210.79182624816895,True
round_robin,6,106,node-a,136491.62117439022,101.66525840759277,True
round_robin,6,106,node-b,113935.85910970213,84.66339111328125,True
round_robin,6,106,node-c,68416.22461118625,231.71305656433105,True
round_robin,6,106,node-a,52462.157817167026,60.85205078125,True
round_robin,6,106,node-b,70472.91550992327,58.609724044799805,True
round_robin,6,106,node-c,104268.82839452059,313.3203983306885,True
round_robin,6,106,node-a,140970.90738420445,111.86528205871582,True
round_robin,6,106,node-b,171601.80475283376,222.08642959594727,True
round_robin,6,106,node-c,149498.21534736673,418.1520938873291,True
round_robin,6,106,node-a,63242.29645486075,73.13179969787598,True
round_robin,6,106,node-b,248824.2418593275,495.37062644958496,True
round_robin,6,106,node-c,146694.55292286136,598.1543064117432,True
round_robin,6,106,node-a,98411.07641413715,86.03644371032715,True
round_robin,6,106,node-b,96131.9003899598,283.4467887878418,True
round_robin,6,106,node-c,164252.95635931788,636.1284255981445,True
round_robin,6,106,node-a,84642.9849089419,68.35556030273438,True
round_robin,6,106,node-b,88845.52523199293,243.5009479522705,True
round_robin,6,106,node-c,109627.95369059763,671.4353561401367,True
round_robin,6,106,node-a,212030.70806660972,159.79862213134766,True
round_robin,6,106,node-b,51305.072132303525,53.11703681945801,True
round_robin,6,106,node-c,170254.32776939322,1157.022476196289,True
round_robin,6,106,node-a,37146.35855993881,43.68901252746582,True
round_robin,6,106,node-b,66130.65494290572,62.29424476623535,True
round_robin,6,106,node-c,112319.7147469542,588.11354637146,True
round_robin,6,106,node-a,168213.8493344421,129.4233798980713,True
round_robin,6,106,node-b,54454.318179716465,70.33634185791016,True
round_robin,6,106,node-c,167216.3980849787,828.4075260162354,True
round_robin,6,106,node-a,186832.33143326602,129.7745704650879,True
round_robin,6,106,node-b,82737.62755678105,73.82726669311523,True
round_robin,6,106,node-c,89416.27937042128,455.1408290863037,True
round_robin,6,106,node-a,94243.87460826193,81.44998550415039,True
round_robin,6,106,node-b,40246.44341274584,42.31691360473633,True
round_robin,6,106,node-c,349643.0816103518,2110.1601123809814,True
round_robin,6,106,node-a,134171.62358218388,115.08512496948242,True
round_robin,6,106,node-b,54267.13284348392,50.583600997924805,True
round_robin,6,106,node-c,138638.42771817505,1113.4834289550781,True
round_robin,6,106,node-a,131750.50969658754,106.07218742370605,True
round_robin,6,106,node-b,95955.68446106,85.0520133972168,True
round_robin,6,106,node-c,112468.10610294937,903.4018516540527,True
round_robin,6,106,node-a,167873.36980928344,126.16825103759766,True
round_robin,6,106,node-b,82579.66171596134,80.13796806335449,True
round_robin,6,106,node-c,65378.28516232794,796.1122989654541,True
round_robin,6,106,node-a,250365.86233080324,323.98009300231934,True
round_robin,6,106,node-b,128457.05944597116,130.4762363433838,True
round_robin,6,106,node-c,86127.77692327509,1007.1492195129395,True
round_robin,6,106,node-a,236697.15488899962,380.079984664917,True
round_robin,6,106,node-b,34750.42599334814,50.86493492126465,True
round_robin,6,106,node-c,60788.646499843,537.0798110961914,True
round_robin,6,106,node-a,144863.1759026678,272.0944881439209,True
round_robin,6,106,node-b,117092.65792899436,92.26012229919434,True
round_robin,6,106,node-c,121962.22320745555,989.1855716705322,True
round_robin,6,106,node-a,80136.91151133495,73.96888732910156,True
round_robin,6,106,node-b,76088.52523092188,65.4146671295166,True
round_robin,6,106,node-c,79772.94936302362,810.6560707092285,True
round_robin,6,106,node-a,87299.88356236977,77.34179496765137,True
round_robin,6,106,node-b,146364.9394605387,118.26539039611816,True
round_robin,6,106,node-c,173407.7334373489,1258.9845657348633,True
round_robin,6,106,node-a,139733.20056687054,106.1716079711914,True
round_robin,6,106,node-b,210211.32706876058,180.6044578552246,True
round_robin,6,106,node-c,44949.193096587034,355.2279472351074,True
round_robin,6,106,node-a,97436.1290387513,85.24489402770996,True
round_robin,6,106,node-b,61931.63329362327,60.29319763183594,True
round_robin,6,106,node-c,251425.7304661192,1018.237829208374,True
round_robin,6,106,node-a,92599.21497887417,74.57232475280762,True
round_robin,6,106,node-b,141665.24122455358,112.3969554901123,True
round_robin,6,106,node-c,116025.88446895225,431.9615364074707,True
round_robin,6,106,node-a,71705.8346506811,67.3670768737793,True
round_robin,6,106,node-b,66485.64033631423,63.40646743774414,True
round_robin,6,106,node-c,134391.96451578793,518.3579921722412,True
round_robin,6,106,node-a,151768.25596466137,126.75905227661133,True
round_robin,6,106,node-b,82635.23315574102,57.08813667297363,True
round_robin,6,106,node-c,252945.84957213572,1399.709939956665,True
round_robin,6,106,node-a,108420.80937149738,83.32037925720215,True
round_robin,6,106,node-b,160442.45940212705,166.71133041381836,True
round_robin,6,106,node-c,124922.82230378885,1051.1367321014404,True
round_robin,6,106,node-a,170122.8692083417,127.32672691345215,True
round_robin,6,106,node-b,49334.57169067328,87.82267570495605,True
round_robin,6,106,node-c,219599.97824950077,1174.5357513427734,True
round_robin,6,106,node-a,159133.43732853467,132.88593292236328,True
round_robin,6,106,node-b,156890.75050616977,269.8647975921631,True
round_robin,6,106,node-c,197648.6296284341,1119.0245151519775,True
round_robin,6,106,node-a,144274.27586551028,128.55911254882812,True
round_robin,6,106,node-b,50984.910392525235,152.11248397827148,True
round_robin,6,106,node-c,79358.80546632722,507.63416290283203,True
round_robin,6,106,node-a,59015.19563882019,53.15756797790527,True
round_robin,6,106,node-b,79473.01497279038,65.03009796142578,True
round_robin,6,106,node-c,138206.4574601617,1092.6315784454346,True
round_robin,6,106,node-a,215753.8217985356,162.31846809387207,True
round_robin,6,106,node-b,49945.22787565117,57.71303176879883,True
round_robin,6,106,node-c,57125.80559508994,606.1489582061768,True
round_robin,6,106,node-a,102589.91595331079,77.7587890625,True
round_robin,6,106,node-b,131590.18914412704,138.047456741333,True
round_robin,6,106,node-c,114768.97768782388,783.0004692077637,True
round_robin,6,106,node-a,76265.64405252365,53.31850051879883,True
round_robin,6,106,node-b,123670.38715064559,147.613525390625,True
round_robin,6,106,node-c,119871.33256565464,1228.949785232544,True
round_robin,6,106,node-a,69400.94476437534,74.84579086303711,True
round_robin,6,106,node-b,188731.0880391905,201.92360877990723,True
round_robin,6,106,node-c,48276.25677089037,663.780689239502,True
round_robin,6,106,node-a,102060.49887608831,90.69108963012695,True
round_robin,6,106,node-b,100083.966443949,107.50627517700195,True
round_robin,6,106,node-c,123404.16827210435,867.1820163726807,True
round_robin,6,106,node-a,165357.71709580187,125.7331371307373,True
round_robin,6,106,node-b,79594.88262936099,68.16244125366211,True
round_robin,6,106,node-c,96531.84166107359,816.706657409668,True
weighted_round_robin,6,106,node-a,164646.6053685063,115.0052547454834,True
weighted_round_robin,6,106,node-b,124538.9646184089,100.4934310913086,True
weighted_round_robin,6,106,node-c,135443.40756442936,128.91030311584473,True
weighted_round_robin,6,106,node-a,97331.14204116553,83.39524269104004,True
weighted_round_robin,6,106,node-b,170930.06804315015,131.1492919921875,True
weighted_round_robin,6,106,node-a,49408.30945494119,56.752920150756836,True
weighted_round_robin,6,106,node-c,186309.72029980514,243.1621551513672,True
weighted_round_robin,6,106,node-a,91796.83496277184,84.25545692443848,True
weighted_round_robin,6,106,node-b,96607.40038652677,86.08746528625488,True
weighted_round_robin,6,106,node-a,62256.12579463813,66.64538383483887,True
weighted_round_robin,6,106,node-b,46882.32639467636,58.9141845703125,True
weighted_round_robin,6,106,node-c,83952.02919382775,121.30379676818848,True
weighted_round_robin,6,106,node-a,150756.17485471864,114.07876014709473,True
weighted_round_robin,6,106,node-b,122443.11872815076,96.83656692504883,True
weighted_round_robin,6,106,node-a,162246.197404376,140.92302322387695,True
weighted_round_robin,6,106,node-c,94274.02929943084,79.89048957824707,True
weighted_round_robin,6,106,node-a,117085.84212555391,113.0075454711914,True
weighted_round_robin,6,106,node-b,98204.2637652214,76.16758346557617,True
weighted_round_robin,6,106,node-a,61740.88102976633,52.453041076660156,True
weighted_round_robin,6,106,node-c,100532.5545415991,145.73168754577637,True
weighted_round_robin,6,106,node-b,84065.9764771953,65.01007080078125,True
weighted_round_robin,6,106,node-a,156052.20233893214,269.28043365478516,True
weighted_round_robin,6,106,node-a,94804.48975256048,117.49958992004395,True
weighted_round_robin,6,106,node-b,103085.74321838486,95.96729278564453,True
weighted_round_robin,6,106,node-c,137488.65359215118,190.0618076324463,True
weighted_round_robin,6,106,node-a,166338.7305007308,280.7786464691162,True
weighted_round_robin,6,106,node-b,99204.88887778028,83.34922790527344,True
weighted_round_robin,6,106,node-a,98358.6640994629,84.9313735961914,True
weighted_round_robin,6,106,node-c,114370.15262029812,111.88721656799316,True
weighted_round_robin,6,106,node-a,174225.63788839747,153.9289951324463,True
weighted_round_robin,6,106,node-b,66229.56026890999,74.83434677124023,True
weighted_round_robin,6,106,node-a,60876.64037681794,97.49484062194824,True
weighted_round_robin,6,106,node-b,445688.10906793474,521.64626121521,True
weighted_round_robin,6,106,node-c,97993.83273416641,72.75605201721191,True
weighted_round_robin,6,106,node-a,110788.21990275338,87.40448951721191,True
weighted_round_robin,6,106,node-b,37550.17609646608,144.9728012084961,True
weighted_round_robin,6,106,node-a,84226.77430226612,70.2369213104248,True
weighted_round_robin,6,106,node-c,97984.61269635533,129.38666343688965,True
weighted_round_robin,6,106,node-a,78155.18488855165,64.5589828491211,True
weighted_round_robin,6,106,node-b,84619.4107655587,81.05134963989258,True
weighted_round_robin,6,106,node-a,95753.70064133282,75.13189315795898,True
weighted_round_robin,6,106,node-c,122543.54867224468,121.08159065246582,True
weighted_round_robin,6,106,node-b,165736.93192545243,165.70115089416504,True
weighted_round_robin,6,106,node-a,56480.777965792295,65.13833999633789,True
weighted_round_robin,6,106,node-a,55565.68385725341,60.46104431152344,True
weighted_round_robin,6,106,node-b,136491.62117439022,119.11320686340332,True
weighted_round_robin,6,106,node-c,113935.85910970213,135.0867748260498,True
weighted_round_robin,6,106,node-a,68416.22461118625,56.94699287414551,True
weighted_round_robin,6,106,node-b,52462.157817167026,48.04277420043945,True
weighted_round_robin,6,106,node-a,70472.91550992327,62.58225440979004,True
weighted_round_robin,6,106,node-c,104268.82839452059,131.64162635803223,True
weighted_round_robin,6,106,node-a,140970.90738420445,122.98178672790527,True
weighted_round_robin,6,106,node-b,171601.80475283376,159.87038612365723,True
weighted_round_robin,6,106,node-a,149498.21534736673,159.4069004058838,True
weighted_round_robin,6,106,node-b,63242.29645486075,90.30675888061523,True
weighted_round_robin,6,106,node-c,248824.2418593275,354.3121814727783,True
weighted_round_robin,6,106,node-a,146694.55292286136,118.60466003417969,True
weighted_round_robin,6,106,node-b,98411.07641413715,88.98663520812988,True
weighted_round_robin,6,106,node-a,96131.9003899598,77.82363891601562,True
weighted_round_robin,6,106,node-c,164252.95635931788,551.3195991516113,True
weighted_round_robin,6,106,node-a,84642.9849089419,72.99327850341797,True
weighted_round_robin,6,106,node-b,88845.52523199293,76.29895210266113,True
weighted_round_robin,6,106,node-a,109627.95369059763,97.51772880554199,True
weighted_round_robin,6,106,node-c,212030.70806660972,857.102632522583,True
weighted_round_robin,6,106,node-b,51305.072132303525,58.473825454711914,True
weighted_round_robin,6,106,node-a,170254.32776939322,164.36028480529785,True
weighted_round_robin,6,106,node-a,37146.35855993881,97.5041389465332,True
weighted_round_robin,6,106,node-b,66130.65494290572,63.27390670776367,True
weighted_round_robin,6,106,node-c,112319.7147469542,521.6970443725586,True
weighted_round_robin,6,106,node-a,168213.8493344421,173.0673313140869,True
weighted_round_robin,6,106,node-b,54454.318179716465,49.9265193939209,True
weighted_round_robin,6,106,node-a,167216.3980849787,169.86680030822754,True
weighted_round_robin,6,106,node-c,186832.33143326602,462.6626968383789,True
weighted_round_robin,6,106,node-a,82737.62755678105,66.84637069702148,True
weighted_round_robin,6,106,node-b,89416.27937042128,76.5841007232666,True
weighted_round_robin,6,106,node-a,94243.87460826193,82.76486396789551,True
weighted_round_robin,6,106,node-b,40246.44341274584,51.43857002258301,True
weighted_round_robin,6,106,node-c,349643.0816103518,946.5858936309814,True
weighted_round_robin,6,106,node-a,134171.62358218388,144.20270919799805,True
weighted_round_robin,6,106,node-b,54267.13284348392,63.930511474609375,True
weighted_round_robin,6,106,node-a,138638.42771817505,223.39701652526855,True
weighted_round_robin,6,106,node-c,131750.50969658754,518.120288848877,True
weighted_round_robin,6,106,node-a,95955.68446106,148.2410430908203,True
weighted_round_robin,6,106,node-b,112468.10610294937,90.50989151000977,True
weighted_round_robin,6,106,node-a,167873.36980928344,190.65022468566895,True
weighted_round_robin,6,106,node-c,82579.66171596134,582.8912258148193,True
weighted_round_robin,6,106,node-b,65378.28516232794,46.746015548706055,True
weighted_round_robin,6,106,node-a,250365.86233080324,307.37972259521484,True
weighted_round_robin,6,106,node-a,128457.05944597116,225.78930854797363,True
weighted_round_robin,6,106,node-b,86127.77692327509,76.51734352111816,True
weighted_round_robin,6,106,node-c,236697.15488899962,1050.419569015503,True
weighted_round_robin,6,106,node-a,34750.42599334814,194.7021484375,True
weighted_round_robin,6,106,node-b,60788.646499843,63.88092041015625,True
weighted_round_robin,6,106,node-a,144863.1759026678,273.6244201660156,True
weighted_round_robin,6,106,node-c,117092.65792899436,835.6506824493408,True
weighted_round_robin,6,106,node-a,121962.22320745555,115.96155166625977,True
weighted_round_robin,6,106,node-b,80136.91151133495,70.79768180847168,True
weighted_round_robin,6,106,node-a,76088.52523092188,51.9251823425293,True
weighted_round_robin,6,106,node-b,79772.94936302362,73.8823413848877,True
weighted_round_robin,6,106,node-c,87299.88356236977,489.0637397766113,True
weighted_round_robin,6,106,node-a,146364.9394605387,109.93671417236328,True
weighted_round_robin,6,106,node-b,173407.7334373489,136.83414459228516,True
weighted_round_robin,6,106,node-a,139733.20056687054,101.78852081298828,True
weighted_round_robin,6,106,node-c,210211.32706876058,585.3691101074219,True
weighted_round_robin,6,106,node-a,44949.193096587034,49.25799369812012,True
weighted_round_robin,6,106,node-b,97436.1290387513,70.05882263183594,True
weighted_round_robin,6,106,node-a,61931.63329362327,55.233001708984375,True
weighted_round_robin,6,106,node-c,251425.7304661192,284.93380546569824,True
weighted_round_robin,6,106,node-b,92599.21497887417,75.98066329956055,True
weighted_round_robin,6,106,node-a,141665.24122455358,92.29612350463867,True
weighted_round_robin,6,106,node-a,116025.88446895225,93.43409538269043,True
weighted_round_robin,6,106,node-b,71705.8346506811,74.51200485229492,True
weighted_round_robin,6,106,node-c,66485.64033631423,57.88445472717285,True
weighted_round_robin,6,106,node-a,134391.96451578793,109.10964012145996,True
weighted_round_robin,6,106,node-b,151768.25596466137,143.3861255645752,True
weighted_round_robin,6,106,node-a,82635.23315574102,77.78573036193848,True
weighted_round_robin,6,106,node-c,252945.84957213572,355.1292419433594,True
weighted_round_robin,6,106,node-a,108420.80937149738,126.68013572692871,True
weighted_round_robin,6,106,node-b,160442.45940212705,269.3040370941162,True
weighted_round_robin,6,106,node-a,124922.82230378885,143.93901824951172,True
weighted_round_robin,6,106,node-b,170122.8692083417,270.39265632629395,True
weighted_round_robin,6,106,node-c,49334.57169067328,187.11256980895996,True
weighted_round_robin,6,106,node-a,219599.97824950077,360.8560562133789,True
weighted_round_robin,6,106,node-b,159133.43732853467,169.03328895568848,True
weighted_round_robin,6,106,node-a,156890.75050616977,250.9903907775879,True
weighted_round_robin,6,106,node-c,197648.6296284341,257.04097747802734,True
weighted_round_robin,6,106,node-a,144274.27586551028,331.47335052490234,True
weighted_round_robin,6,106,node-b,50984.910392525235,86.3029956817627,True
weighted_round_robin,6,106,node-a,79358.80546632722,269.95134353637695,True
weighted_round_robin,6,106,node-c,59015.19563882019,59.273719787597656,True
weighted_round_robin,6,106,node-b,79473.01497279038,74.58901405334473,True
weighted_round_robin,6,106,node-a,138206.4574601617,146.87108993530273,True
weighted_round_robin,6,106,node-a,215753.8217985356,302.84667015075684,True
weighted_round_robin,6,106,node-b,49945.22787565117,58.00008773803711,True
weighted_round_robin,6,106,node-c,57125.80559508994,50.65560340881348,True
weighted_round_robin,6,106,node-a,102589.91595331079,168.13945770263672,True
weighted_round_robin,6,106,node-b,131590.18914412704,95.44062614440918,True
weighted_round_robin,6,106,node-a,114768.97768782388,139.4212245941162,True
weighted_round_robin,6,106,node-c,76265.64405252365,85.21151542663574,True
weighted_round_robin,6,106,node-a,123670.38715064559,156.5573215484619,True
weighted_round_robin,6,106,node-b,119871.33256565464,80.23929595947266,True
weighted_round_robin,6,106,node-a,69400.94476437534,67.98195838928223,True
weighted_round_robin,6,106,node-b,188731.0880391905,175.40740966796875,True
weighted_round_robin,6,106,node-c,48276.25677089037,54.769277572631836,True
weighted_round_robin,6,106,node-a,102060.49887608831,90.41905403137207,True
weighted_round_robin,6,106,node-b,100083.966443949,84.55395698547363,True
weighted_round_robin,6,106,node-a,123404.16827210435,172.13940620422363,True
weighted_round_robin,6,106,node-c,165357.71709580187,185.82820892333984,True
weighted_round_robin,6,106,node-a,79594.88262936099,144.14095878601074,True
weighted_round_robin,6,106,node-b,96531.84166107359,85.88862419128418,True
ml_argmin_baseline,6,106,node-a,164646.6053685063,299.8354434967041,True
ml_argmin_baseline,6,106,node-a,124538.9646184089,202.27766036987305,True
ml_argmin_baseline,6,106,node-a,135443.40756442936,287.16588020324707,True
ml_argmin_baseline,6,106,node-a,97331.14204116553,77.0871639251709,True
ml_argmin_baseline,6,106,node-a,170930.06804315015,174.21698570251465,True
ml_argmin_baseline,6,106,node-a,49408.30945494119,98.60825538635254,True
ml_argmin_baseline,6,106,node-b,186309.72029980514,223.2186794281006,True
ml_argmin_baseline,6,106,node-b,91796.83496277184,159.07979011535645,True
ml_argmin_baseline,6,106,node-a,96607.40038652677,132.53068923950195,True
ml_argmin_baseline,6,106,node-a,62256.12579463813,117.49625205993652,True
ml_argmin_baseline,6,106,node-a,46882.32639467636,90.8510684967041,True
ml_argmin_baseline,6,106,node-a,83952.02919382775,130.91135025024414,True
ml_argmin_baseline,6,106,node-a,150756.17485471864,116.60981178283691,True
ml_argmin_baseline,6,106,node-b,122443.11872815076,192.7967071533203,True
ml_argmin_baseline,6,106,node-b,162246.197404376,273.1761932373047,True
ml_argmin_baseline,6,106,node-a,94274.02929943084,105.28969764709473,True
ml_argmin_baseline,6,106,node-a,117085.84212555391,153.77044677734375,True
ml_argmin_baseline,6,106,node-a,98204.2637652214,105.50665855407715,True
ml_argmin_baseline,6,106,node-c,61740.88102976633,61.67411804199219,True
ml_argmin_baseline,6,106,node-a,100532.5545415991,86.80510520935059,True
ml_argmin_baseline,6,106,node-a,84065.9764771953,76.34425163269043,True
ml_argmin_baseline,6,106,node-b,156052.20233893214,296.9021797180176,True
ml_argmin_baseline,6,106,node-b,94804.48975256048,222.28145599365234,True
ml_argmin_baseline,6,106,node-b,103085.74321838486,573.3137130737305,True
ml_argmin_baseline,6,106,node-b,137488.65359215118,625.9863376617432,True
ml_argmin_baseline,6,106,node-b,166338.7305007308,611.7160320281982,True
ml_argmin_baseline,6,106,node-a,99204.88887778028,76.35951042175293,True
ml_argmin_baseline,6,106,node-a,98358.6640994629,89.99490737915039,True
ml_argmin_baseline,6,106,node-a,114370.15262029812,139.30869102478027,True
ml_argmin_baseline,6,106,node-a,174225.63788839747,293.4701442718506,True
ml_argmin_baseline,6,106,node-a,66229.56026890999,169.96264457702637,True
ml_argmin_baseline,6,106,node-a,60876.64037681794,168.92051696777344,True
ml_argmin_baseline,6,106,node-b,445688.10906793474,553.8730621337891,True
ml_argmin_baseline,6,106,node-a,97993.83273416641,107.9709529876709,True
ml_argmin_baseline,6,106,node-a,110788.21990275338,120.36776542663574,True
ml_argmin_baseline,6,106,node-a,37550.17609646608,44.09623146057129,True
ml_argmin_baseline,6,106,node-a,84226.77430226612,65.72866439819336,True
ml_argmin_baseline,6,106,node-a,97984.61269635533,81.83908462524414,True
ml_argmin_baseline,6,106,node-a,78155.18488855165,73.95744323730469,True
ml_argmin_baseline,6,106,node-a,84619.4107655587,145.17521858215332,True
ml_argmin_baseline,6,106,node-a,95753.70064133282,172.1944808959961,True
ml_argmin_baseline,6,106,node-b,122543.54867224468,86.69471740722656,True
ml_argmin_baseline,6,106,node-a,165736.93192545243,207.7655792236328,True
ml_argmin_baseline,6,106,node-b,56480.777965792295,50.92310905456543,True
ml_argmin_baseline,6,106,node-a,55565.68385725341,42.3893928527832,True
ml_argmin_baseline,6,106,node-a,136491.62117439022,218.99771690368652,True
ml_argmin_baseline,6,106,node-a,113935.85910970213,204.16712760925293,True
ml_argmin_baseline,6,106,node-a,68416.22461118625,282.52315521240234,True
ml_argmin_baseline,6,106,node-a,52462.157817167026,236.82570457458496,True
ml_argmin_baseline,6,106,node-a,70472.91550992327,189.61548805236816,True
ml_argmin_baseline,6,106,node-a,104268.82839452059,224.578857421875,True
ml_argmin_baseline,6,106,node-b,140970.90738420445,164.6859645843506,True
ml_argmin_baseline,6,106,node-a,171601.80475283376,222.02563285827637,True
ml_argmin_baseline,6,106,node-b,149498.21534736673,282.4053764343262,True
ml_argmin_baseline,6,106,node-b,63242.29645486075,186.01322174072266,True
ml_argmin_baseline,6,106,node-a,248824.2418593275,236.68813705444336,True
ml_argmin_baseline,6,106,node-b,146694.55292286136,368.4511184692383,True
ml_argmin_baseline,6,106,node-b,98411.07641413715,293.17235946655273,True
ml_argmin_baseline,6,106,node-a,96131.9003899598,92.39554405212402,True
ml_argmin_baseline,6,106,node-a,164252.95635931788,210.8464241027832,True
ml_argmin_baseline,6,106,node-a,84642.9849089419,221.5738296508789,True
ml_argmin_baseline,6,106,node-a,88845.52523199293,234.96079444885254,True
ml_argmin_baseline,6,106,node-a,109627.95369059763,217.94724464416504,True
ml_argmin_baseline,6,106,node-a,212030.70806660972,311.5403652191162,True
ml_argmin_baseline,6,106,node-c,51305.072132303525,59.64994430541992,True
ml_argmin_baseline,6,106,node-a,170254.32776939322,242.17581748962402,True
ml_argmin_baseline,6,106,node-b,37146.35855993881,47.058820724487305,True
ml_argmin_baseline,6,106,node-b,66130.65494290572,113.90542984008789,True
ml_argmin_baseline,6,106,node-b,112319.7147469542,176.6037940979004,True
ml_argmin_baseline,6,106,node-a,168213.8493344421,151.70550346374512,True
ml_argmin_baseline,6,106,node-c,54454.318179716465,58.56728553771973,True
ml_argmin_baseline,6,106,node-a,167216.3980849787,183.60376358032227,True
ml_argmin_baseline,6,106,node-a,186832.33143326602,166.764497756958,True
ml_argmin_baseline,6,106,node-b,82737.62755678105,95.05295753479004,True
ml_argmin_baseline,6,106,node-b,89416.27937042128,159.68084335327148,True
ml_argmin_baseline,6,106,node-a,94243.87460826193,81.79855346679688,True
ml_argmin_baseline,6,106,node-a,40246.44341274584,40.59910774230957,True
ml_argmin_baseline,6,106,node-a,349643.0816103518,648.5841274261475,True
ml_argmin_baseline,6,106,node-a,134171.62358218388,433.6380958557129,True
ml_argmin_baseline,6,106,node-a,54267.13284348392,146.1160182952881,True
ml_argmin_baseline,6,106,node-a,138638.42771817505,583.8260650634766,True
ml_argmin_baseline,6,106,node-a,131750.50969658754,339.4579887390137,True
ml_argmin_baseline,6,106,node-b,95955.68446106,91.59731864929199,True
ml_argmin_baseline,6,106,node-b,112468.10610294937,163.25783729553223,True
ml_argmin_baseline,6,106,node-a,167873.36980928344,665.4999256134033,True
ml_argmin_baseline,6,106,node-c,82579.66171596134,80.9183120727539,True
ml_argmin_baseline,6,106,node-c,65378.28516232794,133.62741470336914,True
ml_argmin_baseline,6,106,node-a,250365.86233080324,775.8674621582031,True
ml_argmin_baseline,6,106,node-a,128457.05944597116,760.9710693359375,True
ml_argmin_baseline,6,106,node-c,86127.77692327509,293.74074935913086,True
ml_argmin_baseline,6,106,node-a,236697.15488899962,807.9845905303955,True
ml_argmin_baseline,6,106,node-c,34750.42599334814,269.84596252441406,True
ml_argmin_baseline,6,106,node-c,60788.646499843,294.374942779541,True
ml_argmin_baseline,6,106,node-a,144863.1759026678,737.818717956543,True
ml_argmin_baseline,6,106,node-b,117092.65792899436,186.78617477416992,True
ml_argmin_baseline,6,106,node-b,121962.22320745555,236.12141609191895,True
ml_argmin_baseline,6,106,node-b,80136.91151133495,369.29917335510254,True
ml_argmin_baseline,6,106,node-b,76088.52523092188,360.6705665588379,True
ml_argmin_baseline,6,106,node-b,79772.94936302362,315.5999183654785,True
ml_argmin_baseline,6,106,node-b,87299.88356236977,441.727876663208,True
ml_argmin_baseline,6,106,node-b,146364.9394605387,469.0699577331543,True
ml_argmin_baseline,6,106,node-a,173407.7334373489,316.2388801574707,True
ml_argmin_baseline,6,106,node-b,139733.20056687054,329.3459415435791,True
ml_argmin_baseline,6,106,node-a,210211.32706876058,264.6472454071045,True
ml_argmin_baseline,6,106,node-a,44949.193096587034,49.62778091430664,True
ml_argmin_baseline,6,106,node-b,97436.1290387513,80.55472373962402,True
ml_argmin_baseline,6,106,node-a,61931.63329362327,64.21232223510742,True
ml_argmin_baseline,6,106,node-a,251425.7304661192,342.8313732147217,True
ml_argmin_baseline,6,106,node-a,92599.21497887417,160.22014617919922,True
ml_argmin_baseline,6,106,node-a,141665.24122455358,291.04018211364746,True
ml_argmin_baseline,6,106,node-b,116025.88446895225,138.29708099365234,True
ml_argmin_baseline,6,106,node-b,71705.8346506811,65.30618667602539,True
ml_argmin_baseline,6,106,node-b,66485.64033631423,82.26394653320312,True
ml_argmin_baseline,6,106,node-a,134391.96451578793,137.24803924560547,True
ml_argmin_baseline,6,106,node-a,151768.25596466137,162.96935081481934,True
ml_argmin_baseline,6,106,node-a,82635.23315574102,116.20283126831055,True
ml_argmin_baseline,6,106,node-b,252945.84957213572,255.81908226013184,True
ml_argmin_baseline,6,106,node-a,108420.80937149738,135.21051406860352,True
ml_argmin_baseline,6,106,node-a,160442.45940212705,357.7561378479004,True
ml_argmin_baseline,6,106,node-a,124922.82230378885,260.9391212463379,True
ml_argmin_baseline,6,106,node-a,170122.8692083417,488.15417289733887,True
ml_argmin_baseline,6,106,node-a,49334.57169067328,288.29288482666016,True
ml_argmin_baseline,6,106,node-a,219599.97824950077,640.8860683441162,True
ml_argmin_baseline,6,106,node-a,159133.43732853467,408.8318347930908,True
ml_argmin_baseline,6,106,node-a,156890.75050616977,563.9097690582275,True
ml_argmin_baseline,6,106,node-a,197648.6296284341,626.4646053314209,True
ml_argmin_baseline,6,106,node-b,144274.27586551028,226.5636920928955,True
ml_argmin_baseline,6,106,node-b,50984.910392525235,107.34105110168457,True
ml_argmin_baseline,6,106,node-b,79358.80546632722,216.9957160949707,True
ml_argmin_baseline,6,106,node-b,59015.19563882019,68.06206703186035,True
ml_argmin_baseline,6,106,node-b,79473.01497279038,87.70465850830078,True
ml_argmin_baseline,6,106,node-b,138206.4574601617,318.88532638549805,True
ml_argmin_baseline,6,106,node-b,215753.8217985356,363.6822700500488,True
ml_argmin_baseline,6,106,node-a,49945.22787565117,54.20494079589844,True
ml_argmin_baseline,6,106,node-a,57125.80559508994,65.04487991333008,True
ml_argmin_baseline,6,106,node-a,102589.91595331079,91.29214286804199,True
ml_argmin_baseline,6,106,node-a,131590.18914412704,130.1419734954834,True
ml_argmin_baseline,6,106,node-a,114768.97768782388,120.11289596557617,True
ml_argmin_baseline,6,106,node-c,76265.64405252365,91.27497673034668,True
ml_argmin_baseline,6,106,node-b,123670.38715064559,196.0458755493164,True
ml_argmin_baseline,6,106,node-b,119871.33256565464,196.14815711975098,True
ml_argmin_baseline,6,106,node-b,69400.94476437534,367.86389350891113,True
ml_argmin_baseline,6,106,node-b,188731.0880391905,549.5197772979736,True
ml_argmin_baseline,6,106,node-b,48276.25677089037,392.7576541900635,True
ml_argmin_baseline,6,106,node-a,102060.49887608831,202.8818130493164,True
ml_argmin_baseline,6,106,node-a,100083.966443949,135.27393341064453,True
ml_argmin_baseline,6,106,node-a,123404.16827210435,291.78452491760254,True
ml_argmin_baseline,6,106,node-a,165357.71709580187,328.17769050598145,True
ml_argmin_baseline,6,106,node-c,79594.88262936099,65.29903411865234,True
ml_argmin_baseline,6,106,node-a,96531.84166107359,250.74338912963867,True
ml_softmax_propuesto,6,106,node-b,164646.6053685063,284.29603576660156,True
ml_softmax_propuesto,6,106,node-a,124538.9646184089,101.71651840209961,True
ml_softmax_propuesto,6,106,node-b,135443.40756442936,275.0093936920166,True
ml_softmax_propuesto,6,106,node-c,97331.14204116553,85.47687530517578,True
ml_softmax_propuesto,6,106,node-a,170930.06804315015,172.79601097106934,True
ml_softmax_propuesto,6,106,node-a,49408.30945494119,106.73809051513672,True
ml_softmax_propuesto,6,106,node-a,186309.72029980514,213.10186386108398,True
ml_softmax_propuesto,6,106,node-b,91796.83496277184,100.13556480407715,True
ml_softmax_propuesto,6,106,node-b,96607.40038652677,220.0334072113037,True
ml_softmax_propuesto,6,106,node-b,62256.12579463813,173.5827922821045,True
ml_softmax_propuesto,6,106,node-c,46882.32639467636,45.27163505554199,True
ml_softmax_propuesto,6,106,node-a,83952.02919382775,73.58527183532715,True
ml_softmax_propuesto,6,106,node-b,150756.17485471864,123.17395210266113,True
ml_softmax_propuesto,6,106,node-c,122443.11872815076,140.60139656066895,True
ml_softmax_propuesto,6,106,node-b,162246.197404376,214.53070640563965,True
ml_softmax_propuesto,6,106,node-a,94274.02929943084,118.72196197509766,True
ml_softmax_propuesto,6,106,node-a,117085.84212555391,186.62667274475098,True
ml_softmax_propuesto,6,106,node-a,98204.2637652214,111.82212829589844,True
ml_softmax_propuesto,6,106,node-c,61740.88102976633,56.94174766540527,True
ml_softmax_propuesto,6,106,node-b,100532.5545415991,82.02338218688965,True
ml_softmax_propuesto,6,106,node-b,84065.9764771953,82.28349685668945,True
ml_softmax_propuesto,6,106,node-a,156052.20233893214,189.41426277160645,True
ml_softmax_propuesto,6,106,node-a,94804.48975256048,320.514440536499,True
ml_softmax_propuesto,6,106,node-c,103085.74321838486,77.46624946594238,True
ml_softmax_propuesto,6,106,node-b,137488.65359215118,141.3259506225586,True
ml_softmax_propuesto,6,106,node-a,166338.7305007308,301.1336326599121,True
ml_softmax_propuesto,6,106,node-a,99204.88887778028,249.7701644897461,True
ml_softmax_propuesto,6,106,node-b,98358.6640994629,183.65025520324707,True
ml_softmax_propuesto,6,106,node-b,114370.15262029812,242.42734909057617,True
ml_softmax_propuesto,6,106,node-b,174225.63788839747,440.155029296875,True
ml_softmax_propuesto,6,106,node-b,66229.56026890999,266.7872905731201,True
ml_softmax_propuesto,6,106,node-c,60876.64037681794,73.05049896240234,True
ml_softmax_propuesto,6,106,node-a,445688.10906793474,316.74885749816895,True
ml_softmax_propuesto,6,106,node-b,97993.83273416641,323.06528091430664,True
ml_softmax_propuesto,6,106,node-b,110788.21990275338,305.47070503234863,True
ml_softmax_propuesto,6,106,node-c,37550.17609646608,33.386945724487305,True
ml_softmax_propuesto,6,106,node-b,84226.77430226612,195.4176425933838,True
ml_softmax_propuesto,6,106,node-c,97984.61269635533,98.56843948364258,True
ml_softmax_propuesto,6,106,node-b,78155.18488855165,52.086830139160156,True
ml_softmax_propuesto,6,106,node-a,84619.4107655587,79.24365997314453,True
ml_softmax_propuesto,6,106,node-c,95753.70064133282,135.0843906402588,True
ml_softmax_propuesto,6,106,node-a,122543.54867224468,130.6474208831787,True
ml_softmax_propuesto,6,106,node-b,165736.93192545243,162.95361518859863,True
ml_softmax_propuesto,6,106,node-c,56480.777965792295,58.11429023742676,True
ml_softmax_propuesto,6,106,node-a,55565.68385725341,40.58265686035156,True
ml_softmax_propuesto,6,106,node-b,136491.62117439022,281.8870544433594,True
ml_softmax_propuesto,6,106,node-b,113935.85910970213,265.70653915405273,True
ml_softmax_propuesto,6,106,node-b,68416.22461118625,318.62378120422363,True
ml_softmax_propuesto,6,106,node-b,52462.157817167026,272.841215133667,True
ml_softmax_propuesto,6,106,node-a,70472.91550992327,80.5196762084961,True
ml_softmax_propuesto,6,106,node-c,104268.82839452059,89.86639976501465,True
ml_softmax_propuesto,6,106,node-a,140970.90738420445,141.67189598083496,True
ml_softmax_propuesto,6,106,node-b,171601.80475283376,342.944860458374,True
ml_softmax_propuesto,6,106,node-a,149498.21534736673,163.32340240478516,True
ml_softmax_propuesto,6,106,node-c,63242.29645486075,109.73644256591797,True
ml_softmax_propuesto,6,106,node-b,248824.2418593275,523.0262279510498,True
ml_softmax_propuesto,6,106,node-b,146694.55292286136,411.5417003631592,True
ml_softmax_propuesto,6,106,node-c,98411.07641413715,74.93042945861816,True
ml_softmax_propuesto,6,106,node-a,96131.9003899598,65.60587882995605,True
ml_softmax_propuesto,6,106,node-a,164252.95635931788,225.69584846496582,True
ml_softmax_propuesto,6,106,node-a,84642.9849089419,171.80228233337402,True
ml_softmax_propuesto,6,106,node-a,88845.52523199293,189.54920768737793,True
ml_softmax_propuesto,6,106,node-c,109627.95369059763,179.4734001159668,True
ml_softmax_propuesto,6,106,node-c,212030.70806660972,509.08732414245605,True
ml_softmax_propuesto,6,106,node-c,51305.072132303525,217.3919677734375,True
ml_softmax_propuesto,6,106,node-a,170254.32776939322,131.4859390258789,True
ml_softmax_propuesto,6,106,node-b,37146.35855993881,43.04814338684082,True
ml_softmax_propuesto,6,106,node-b,66130.65494290572,97.22590446472168,True
ml_softmax_propuesto,6,106,node-b,112319.7147469542,163.5894775390625,True
ml_softmax_propuesto,6,106,node-a,168213.8493344421,170.379638671875,True
ml_softmax_propuesto,6,106,node-b,54454.318179716465,57.695627212524414,True
ml_softmax_propuesto,6,106,node-a,167216.3980849787,175.72903633117676,True
ml_softmax_propuesto,6,106,node-b,186832.33143326602,272.3214626312256,True
ml_softmax_propuesto,6,106,node-b,82737.62755678105,166.63718223571777,True
ml_softmax_propuesto,6,106,node-a,89416.27937042128,73.08459281921387,True
ml_softmax_propuesto,6,106,node-a,94243.87460826193,89.91098403930664,True
ml_softmax_propuesto,6,106,node-a,40246.44341274584,36.09657287597656,True
ml_softmax_propuesto,6,106,node-c,349643.0816103518,791.3377285003662,True
ml_softmax_propuesto,6,106,node-b,134171.62358218388,173.83670806884766,True
ml_softmax_propuesto,6,106,node-c,54267.13284348392,174.4227409362793,True
ml_softmax_propuesto,6,106,node-b,138638.42771817505,239.2120361328125,True
ml_softmax_propuesto,6,106,node-a,131750.50969658754,109.35091972351074,True
ml_softmax_propuesto,6,106,node-b,95955.68446106,424.70455169677734,True
ml_softmax_propuesto,6,106,node-b,112468.10610294937,685.2138042449951,True
ml_softmax_propuesto,6,106,node-b,167873.36980928344,843.5666561126709,True
ml_softmax_propuesto,6,106,node-a,82579.66171596134,81.80689811706543,True
ml_softmax_propuesto,6,106,node-a,65378.28516232794,89.55931663513184,True
ml_softmax_propuesto,6,106,node-b,250365.86233080324,880.6264400482178,True
ml_softmax_propuesto,6,106,node-b,128457.05944597116,517.1141624450684,True
ml_softmax_propuesto,6,106,node-a,86127.77692327509,242.86818504333496,True
ml_softmax_propuesto,6,106,node-a,236697.15488899962,351.33862495422363,True
ml_softmax_propuesto,6,106,node-b,34750.42599334814,248.38519096374512,True
ml_softmax_propuesto,6,106,node-a,60788.646499843,216.36629104614258,True
ml_softmax_propuesto,6,106,node-b,144863.1759026678,923.9187240600586,True
ml_softmax_propuesto,6,106,node-b,117092.65792899436,616.7328357696533,True
ml_softmax_propuesto,6,106,node-b,121962.22320745555,805.628776550293,True
ml_softmax_propuesto,6,106,node-a,80136.91151133495,78.05800437927246,True
ml_softmax_propuesto,6,106,node-a,76088.52523092188,67.4436092376709,True
ml_softmax_propuesto,6,106,node-a,79772.94936302362,89.62059020996094,True
ml_softmax_propuesto,6,106,node-a,87299.88356236977,85.52742004394531,True
ml_softmax_propuesto,6,106,node-a,146364.9394605387,115.88311195373535,True
ml_softmax_propuesto,6,106,node-a,173407.7334373489,223.0362892150879,True
ml_softmax_propuesto,6,106,node-b,139733.20056687054,366.08242988586426,True
ml_softmax_propuesto,6,106,node-a,210211.32706876058,205.8854103088379,True
ml_softmax_propuesto,6,106,node-a,44949.193096587034,56.09297752380371,True
ml_softmax_propuesto,6,106,node-a,97436.1290387513,67.01517105102539,True
ml_softmax_propuesto,6,106,node-c,61931.63329362327,60.45675277709961,True
ml_softmax_propuesto,6,106,node-a,251425.7304661192,236.47499084472656,True
ml_softmax_propuesto,6,106,node-b,92599.21497887417,85.17599105834961,True
ml_softmax_propuesto,6,106,node-a,141665.24122455358,192.26646423339844,True
ml_softmax_propuesto,6,106,node-a,116025.88446895225,175.51469802856445,True
ml_softmax_propuesto,6,106,node-a,71705.8346506811,58.827877044677734,True
ml_softmax_propuesto,6,106,node-b,66485.64033631423,69.86117362976074,True
ml_softmax_propuesto,6,106,node-a,134391.96451578793,107.61189460754395,True
ml_softmax_propuesto,6,106,node-a,151768.25596466137,142.55571365356445,True
ml_softmax_propuesto,6,106,node-c,82635.23315574102,125.00905990600586,True
ml_softmax_propuesto,6,106,node-a,252945.84957213572,261.80267333984375,True
ml_softmax_propuesto,6,106,node-a,108420.80937149738,226.76777839660645,True
ml_softmax_propuesto,6,106,node-b,160442.45940212705,247.85161018371582,True
ml_softmax_propuesto,6,106,node-a,124922.82230378885,298.6948490142822,True
ml_softmax_propuesto,6,106,node-a,170122.8692083417,327.5604248046875,True
ml_softmax_propuesto,6,106,node-c,49334.57169067328,46.494483947753906,True
ml_softmax_propuesto,6,106,node-a,219599.97824950077,434.6930980682373,True
ml_softmax_propuesto,6,106,node-a,159133.43732853467,320.0953006744385,True
ml_softmax_propuesto,6,106,node-a,156890.75050616977,425.0771999359131,True
ml_softmax_propuesto,6,106,node-b,197648.6296284341,170.26066780090332,True
ml_softmax_propuesto,6,106,node-a,144274.27586551028,478.1913757324219,True
ml_softmax_propuesto,6,106,node-a,50984.910392525235,433.1800937652588,True
ml_softmax_propuesto,6,106,node-a,79358.80546632722,491.4360046386719,True
ml_softmax_propuesto,6,106,node-b,59015.19563882019,64.90421295166016,True
ml_softmax_propuesto,6,106,node-c,79473.01497279038,113.53063583374023,True
ml_softmax_propuesto,6,106,node-a,138206.4574601617,213.134765625,True
ml_softmax_propuesto,6,106,node-a,215753.8217985356,266.65639877319336,True
ml_softmax_propuesto,6,106,node-c,49945.22787565117,56.452274322509766,True
ml_softmax_propuesto,6,106,node-c,57125.80559508994,120.60904502868652,True
ml_softmax_propuesto,6,106,node-b,102589.91595331079,82.90576934814453,True
ml_softmax_propuesto,6,106,node-a,131590.18914412704,91.89462661743164,True
ml_softmax_propuesto,6,106,node-b,114768.97768782388,102.12588310241699,True
ml_softmax_propuesto,6,106,node-a,76265.64405252365,62.64328956604004,True
ml_softmax_propuesto,6,106,node-c,123670.38715064559,441.38574600219727,True
ml_softmax_propuesto,6,106,node-c,119871.33256565464,447.12233543395996,True
ml_softmax_propuesto,6,106,node-b,69400.94476437534,61.98263168334961,True
ml_softmax_propuesto,6,106,node-c,188731.0880391905,539.1356945037842,True
ml_softmax_propuesto,6,106,node-a,48276.25677089037,51.873207092285156,True
ml_softmax_propuesto,6,106,node-a,102060.49887608831,142.58313179016113,True
ml_softmax_propuesto,6,106,node-a,100083.966443949,166.36252403259277,True
ml_softmax_propuesto,6,106,node-a,123404.16827210435,228.61576080322266,True
ml_softmax_propuesto,6,106,node-a,165357.71709580187,294.1088676452637,True
ml_softmax_propuesto,6,106,node-a,79594.88262936099,321.3682174682617,True
ml_softmax_propuesto,6,106,node-a,96531.84166107359,345.7639217376709,True
round_robin,7,107,node-a,128037.88929377675,100.8448600769043,True
round_robin,7,107,node-b,41210.45759204286,40.08793830871582,True
round_robin,7,107,node-c,103587.09389819662,200.3185749053955,True
round_robin,7,107,node-a,257766.65408880336,257.42554664611816,True
round_robin,7,107,node-b,49937.77493425927,51.97739601135254,True
round_robin,7,107,node-c,142896.3959857144,800.1554012298584,True
round_robin,7,107,node-a,78767.22762359159,145.7808017730713,True
round_robin,7,107,node-b,234202.78383424232,223.88172149658203,True
round_robin,7,107,node-c,84831.95306090191,327.49223709106445,True
round_robin,7,107,node-a,78167.45173597496,116.12868309020996,True
round_robin,7,107,node-b,248616.21354246984,355.7312488555908,True
round_robin,7,107,node-c,204744.11289237032,872.4288940429688,True
round_robin,7,107,node-a,89645.79242138563,113.78622055053711,True
round_robin,7,107,node-b,39065.55951491,102.76389122009277,True
round_robin,7,107,node-c,46126.7170615879,315.69933891296387,True
round_robin,7,107,node-a,134524.82287458234,115.5846118927002,True
round_robin,7,107,node-b,135959.7601032131,139.84179496765137,True
round_robin,7,107,node-c,51746.942185413915,454.09703254699707,True
round_robin,7,107,node-a,201922.62518921852,138.87786865234375,True
round_robin,7,107,node-b,140709.0322182041,108.71362686157227,True
round_robin,7,107,node-c,82016.17989453513,181.49709701538086,True
round_robin,7,107,node-a,99817.64114347615,66.0715103149414,True
round_robin,7,107,node-b,117807.12515302762,130.66887855529785,True
round_robin,7,107,node-c,79415.88142514428,151.1697769165039,True
round_robin,7,107,node-a,152354.99039575056,117.25950241088867,True
round_robin,7,107,node-b,98006.64675868947,66.00475311279297,True
round_robin,7,107,node-c,98633.53454527543,96.6944694519043,True
round_robin,7,107,node-a,171443.90706557213,122.09200859069824,True
round_robin,7,107,node-b,134830.9393562295,95.6120491027832,True
round_robin,7,107,node-c,50044.13459726399,60.137271881103516,True
round_robin,7,107,node-a,107144.8181802925,99.3351936340332,True
round_robin,7,107,node-b,62084.294144210406,70.6489086151123,True
round_robin,7,107,node-c,116446.96604038768,119.41051483154297,True
round_robin,7,107,node-a,133679.10668148793,136.5954875946045,True
round_robin,7,107,node-b,52974.73169305346,48.895835876464844,True
round_robin,7,107,node-c,175574.7924391519,281.5287113189697,True
round_robin,7,107,node-a,267621.3494404666,260.1022720336914,True
round_robin,7,107,node-b,130212.19937289032,128.21030616760254,True
round_robin,7,107,node-c,59886.09768841531,215.46459197998047,True
round_robin,7,107,node-a,98404.43245024068,160.37750244140625,True
round_robin,7,107,node-b,124476.65139808868,106.67562484741211,True
round_robin,7,107,node-c,136836.50162472302,609.1053485870361,True
round_robin,7,107,node-a,141648.99358003918,186.13028526306152,True
round_robin,7,107,node-b,74012.37169957247,103.81960868835449,True
round_robin,7,107,node-c,82912.87953338251,665.1279926300049,True
round_robin,7,107,node-a,155887.9541095181,201.6620635986328,True
round_robin,7,107,node-b,484832.5877459594,925.1995086669922,True
round_robin,7,107,node-c,124129.38339445202,534.0263843536377,True
round_robin,7,107,node-a,107192.5738706163,149.70159530639648,True
round_robin,7,107,node-b,147757.9142420564,484.67063903808594,True
round_robin,7,107,node-c,257008.51220959966,944.2622661590576,True
round_robin,7,107,node-a,112683.13884215125,89.50257301330566,True
round_robin,7,107,node-b,29648.52144684902,140.82789421081543,True
round_robin,7,107,node-c,82307.56763755574,716.4862155914307,True
round_robin,7,107,node-a,75143.36700890666,67.32964515686035,True
round_robin,7,107,node-b,62484.6495154164,169.73876953125,True
round_robin,7,107,node-c,52942.48539291229,311.0823631286621,True
round_robin,7,107,node-a,65070.67014675259,59.386491775512695,True
round_robin,7,107,node-b,383611.29577763623,616.8184280395508,True
round_robin,7,107,node-c,153429.38447018526,1192.8231716156006,True
round_robin,7,107,node-a,118964.14338072734,108.10732841491699,True
round_robin,7,107,node-b,54615.87446901983,143.693208694458,True
round_robin,7,107,node-c,84945.92335391145,901.7961025238037,True
round_robin,7,107,node-a,126607.15156035204,97.7640151977539,True
round_robin,7,107,node-b,96026.46115885598,273.81396293640137,True
round_robin,7,107,node-c,95653.78806749744,746.6788291931152,True
round_robin,7,107,node-a,242342.5746669615,184.79394912719727,True
round_robin,7,107,node-b,212528.7840224956,515.9931182861328,True
round_robin,7,107,node-c,137840.1765416773,923.3889579772949,True
round_robin,7,107,node-a,46767.53924456344,59.23771858215332,True
round_robin,7,107,node-b,110122.23755104792,375.26559829711914,True
round_robin,7,107,node-c,58729.44405566547,541.6827201843262,True
round_robin,7,107,node-a,72056.34437721761,72.74937629699707,True
round_robin,7,107,node-b,95048.02938019199,282.31215476989746,True
round_robin,7,107,node-c,122446.62887308476,683.8915348052979,True
round_robin,7,107,node-a,171396.67063883308,130.26785850524902,True
round_robin,7,107,node-b,30758.612112408686,53.2228946685791,True
round_robin,7,107,node-c,147803.65120517323,1182.5439929962158,True
round_robin,7,107,node-a,75735.63180647878,66.23339653015137,True
round_robin,7,107,node-b,100541.0204729783,77.29673385620117,True
round_robin,7,107,node-c,64394.7553834139,543.1511402130127,True
round_robin,7,107,node-a,228538.82892293288,171.95796966552734,True
round_robin,7,107,node-b,102269.11258496063,85.05773544311523,True
round_robin,7,107,node-c,156974.0629524506,1387.1307373046875,True
round_robin,7,107,node-a,67785.10956360116,69.48065757751465,True
round_robin,7,107,node-b,171839.4437469903,113.94572257995605,True
round_robin,7,107,node-c,113762.22453710569,1074.2816925048828,True
round_robin,7,107,node-a,67346.93458019296,60.46724319458008,True
round_robin,7,107,node-b,93024.35276984925,82.78894424438477,True
round_robin,7,107,node-c,75055.06351882985,673.5241413116455,True
round_robin,7,107,node-a,67654.02643833196,69.64397430419922,True
round_robin,7,107,node-b,204213.38417039742,155.96556663513184,True
round_robin,7,107,node-c,117147.14923968444,1435.8482360839844,True
round_robin,7,107,node-a,82213.75847606252,82.28564262390137,True
round_robin,7,107,node-b,45323.3785694941,37.476539611816406,True
round_robin,7,107,node-c,169113.64882386228,1459.1515064239502,True
round_robin,7,107,node-a,97017.0816700236,79.07485961914062,True
round_robin,7,107,node-b,84423.00277190101,71.75016403198242,True
round_robin,7,107,node-c,65625.16223082073,948.0736255645752,True
round_robin,7,107,node-a,215485.48002405162,180.79137802124023,True
round_robin,7,107,node-b,181567.49575874032,203.3693790435791,True
round_robin,7,107,node-c,82705.63994563563,1019.4885730743408,True
round_robin,7,107,node-a,76366.46777294397,104.97117042541504,True
round_robin,7,107,node-b,80743.9357467122,127.78806686401367,True
round_robin,7,107,node-c,91700.29144209658,1022.8686332702637,True
round_robin,7,107,node-a,97632.7008743367,66.81203842163086,True
round_robin,7,107,node-b,47854.49394822502,44.96598243713379,True
round_robin,7,107,node-c,69570.24748506416,894.6943283081055,True
round_robin,7,107,node-a,98177.13429356537,81.53986930847168,True
round_robin,7,107,node-b,168980.22966969307,152.0829200744629,True
round_robin,7,107,node-c,131528.49371519842,1777.0419120788574,True
round_robin,7,107,node-a,107053.19479238158,93.56999397277832,True
round_robin,7,107,node-b,65287.30343696593,58.43234062194824,True
round_robin,7,107,node-c,119822.61655831066,1448.2932090759277,True
round_robin,7,107,node-a,150175.27656539754,116.69373512268066,True
round_robin,7,107,node-b,160630.88755107837,203.74608039855957,True
round_robin,7,107,node-c,193403.34481809524,2350.9693145751953,True
round_robin,7,107,node-a,85076.81682181018,57.69991874694824,True
round_robin,7,107,node-b,73442.8896291813,176.98979377746582,True
round_robin,7,107,node-c,171782.43957243027,1731.2757968902588,True
round_robin,7,107,node-a,78649.96502152034,68.59660148620605,True
round_robin,7,107,node-b,135325.09859838575,130.8743953704834,True
round_robin,7,107,node-c,101807.04990947575,1140.7818794250488,True
round_robin,7,107,node-a,46443.25041263009,44.07358169555664,True
round_robin,7,107,node-b,100371.78640217475,146.2688446044922,True
round_robin,7,107,node-c,88818.59291427702,1095.6361293792725,True
round_robin,7,107,node-a,82594.83981176837,72.20840454101562,True
round_robin,7,107,node-b,78042.1686193297,68.85051727294922,True
round_robin,7,107,node-c,50720.14906723089,1035.8974933624268,True
round_robin,7,107,node-a,73172.1386173931,70.84131240844727,True
round_robin,7,107,node-b,75247.9240236209,68.36414337158203,True
round_robin,7,107,node-c,160128.4545075699,1327.1074295043945,True
round_robin,7,107,node-a,85295.83671883531,70.56498527526855,True
round_robin,7,107,node-b,109563.29713626555,88.27996253967285,True
round_robin,7,107,node-c,228044.83823845765,2030.9100151062012,True
round_robin,7,107,node-a,37413.55249620737,48.623085021972656,True
round_robin,7,107,node-b,167692.4094437938,274.5950222015381,True
round_robin,7,107,node-c,109365.74974604299,1303.133249282837,True
round_robin,7,107,node-a,80913.70159810409,76.61247253417969,True
round_robin,7,107,node-b,52846.65867691132,176.81884765625,True
round_robin,7,107,node-c,171371.93587417935,1502.3212432861328,True
round_robin,7,107,node-a,118600.91524885777,99.4267463684082,True
round_robin,7,107,node-b,83629.74091148158,144.96493339538574,True
round_robin,7,107,node-c,57620.911213916625,1023.0488777160645,True
round_robin,7,107,node-a,172277.53053948254,111.74416542053223,True
round_robin,7,107,node-b,226174.47772304056,204.47707176208496,True
round_robin,7,107,node-c,65060.48582045155,1445.1277256011963,True
round_robin,7,107,node-a,100724.49862550572,86.58385276794434,True
round_robin,7,107,node-b,124134.36467166746,115.6306266784668,True
round_robin,7,107,node-c,163464.3670796421,1486.5658283233643,True
weighted_round_robin,7,107,node-a,128037.88929377675,98.68669509887695,True
weighted_round_robin,7,107,node-b,41210.45759204286,50.44984817504883,True
weighted_round_robin,7,107,node-c,103587.09389819662,112.77151107788086,True
weighted_round_robin,7,107,node-a,257766.65408880336,374.2711544036865,True
weighted_round_robin,7,107,node-b,49937.77493425927,52.6738166809082,True
weighted_round_robin,7,107,node-a,142896.3959857144,251.23906135559082,True
weighted_round_robin,7,107,node-c,78767.22762359159,101.46927833557129,True
weighted_round_robin,7,107,node-a,234202.78383424232,552.4880886077881,True
weighted_round_robin,7,107,node-b,84831.95306090191,120.57852745056152,True
weighted_round_robin,7,107,node-a,78167.45173597496,324.56135749816895,True
weighted_round_robin,7,107,node-b,248616.21354246984,327.8980255126953,True
weighted_round_robin,7,107,node-c,204744.11289237032,320.8439350128174,True
weighted_round_robin,7,107,node-a,89645.79242138563,368.8323497772217,True
weighted_round_robin,7,107,node-b,39065.55951491,126.1134147644043,True
weighted_round_robin,7,107,node-a,46126.7170615879,157.2854518890381,True
weighted_round_robin,7,107,node-c,134524.82287458234,334.7649574279785,True
weighted_round_robin,7,107,node-a,135959.7601032131,158.09345245361328,True
weighted_round_robin,7,107,node-b,51746.942185413915,53.861141204833984,True
weighted_round_robin,7,107,node-a,201922.62518921852,142.3928737640381,True
weighted_round_robin,7,107,node-c,140709.0322182041,147.08518981933594,True
weighted_round_robin,7,107,node-b,82016.17989453513,67.50988960266113,True
weighted_round_robin,7,107,node-a,99817.64114347615,79.15520668029785,True
weighted_round_robin,7,107,node-a,117807.12515302762,96.6179370880127,True
weighted_round_robin,7,107,node-b,79415.88142514428,74.88465309143066,True
weighted_round_robin,7,107,node-c,152354.99039575056,159.76381301879883,True
weighted_round_robin,7,107,node-a,98006.64675868947,83.18948745727539,True
weighted_round_robin,7,107,node-b,98633.53454527543,75.8054256439209,True
weighted_round_robin,7,107,node-a,171443.90706557213,162.04333305358887,True
weighted_round_robin,7,107,node-c,134830.9393562295,178.15160751342773,True
weighted_round_robin,7,107,node-a,50044.13459726399,99.69115257263184,True
weighted_round_robin,7,107,node-b,107144.8181802925,136.1215114593506,True
weighted_round_robin,7,107,node-a,62084.294144210406,58.85767936706543,True
weighted_round_robin,7,107,node-b,116446.96604038768,193.1445598602295,True
weighted_round_robin,7,107,node-c,133679.10668148793,209.07020568847656,True
weighted_round_robin,7,107,node-a,52974.73169305346,52.83832550048828,True
weighted_round_robin,7,107,node-b,175574.7924391519,183.81500244140625,True
weighted_round_robin,7,107,node-a,267621.3494404666,265.0146484375,True
weighted_round_robin,7,107,node-c,130212.19937289032,185.25123596191406,True
weighted_round_robin,7,107,node-a,59886.09768841531,103.71971130371094,True
weighted_round_robin,7,107,node-b,98404.43245024068,150.67505836486816,True
weighted_round_robin,7,107,node-a,124476.65139808868,128.16786766052246,True
weighted_round_robin,7,107,node-c,136836.50162472302,230.76963424682617,True
weighted_round_robin,7,107,node-b,141648.99358003918,238.96098136901855,True
weighted_round_robin,7,107,node-a,74012.37169957247,105.52620887756348,True
weighted_round_robin,7,107,node-a,82912.87953338251,130.89990615844727,True
weighted_round_robin,7,107,node-b,155887.9541095181,361.88292503356934,True
weighted_round_robin,7,107,node-c,484832.5877459594,1664.7322177886963,True
weighted_round_robin,7,107,node-a,124129.38339445202,206.40134811401367,True
weighted_round_robin,7,107,node-b,107192.5738706163,254.9276351928711,True
weighted_round_robin,7,107,node-a,147757.9142420564,170.75419425964355,True
weighted_round_robin,7,107,node-c,257008.51220959966,1273.0438709259033,True
weighted_round_robin,7,107,node-a,112683.13884215125,85.03890037536621,True
weighted_round_robin,7,107,node-b,29648.52144684902,25.049924850463867,True
weighted_round_robin,7,107,node-a,82307.56763755574,68.46833229064941,True
weighted_round_robin,7,107,node-b,75143.36700890666,63.863515853881836,True
weighted_round_robin,7,107,node-c,62484.6495154164,376.79314613342285,True
weighted_round_robin,7,107,node-a,52942.48539291229,54.79025840759277,True
weighted_round_robin,7,107,node-b,65070.67014675259,57.041168212890625,True
weighted_round_robin,7,107,node-a,383611.29577763623,415.4322147369385,True
weighted_round_robin,7,107,node-c,153429.38447018526,1382.5206756591797,True
weighted_round_robin,7,107,node-a,118964.14338072734,184.42916870117188,True
weighted_round_robin,7,107,node-b,54615.87446901983,55.840492248535156,True
weighted_round_robin,7,107,node-a,84945.92335391145,228.17707061767578,True
weighted_round_robin,7,107,node-c,126607.15156035204,1046.7784404754639,True
weighted_round_robin,7,107,node-b,96026.46115885598,83.82821083068848,True
weighted_round_robin,7,107,node-a,95653.78806749744,148.03290367126465,True
weighted_round_robin,7,107,node-a,242342.5746669615,360.28575897216797,True
weighted_round_robin,7,107,node-b,212528.7840224956,171.30374908447266,True
weighted_round_robin,7,107,node-c,137840.1765416773,1037.4600887298584,True
weighted_round_robin,7,107,node-a,46767.53924456344,100.82197189331055,True
weighted_round_robin,7,107,node-b,110122.23755104792,132.22289085388184,True
weighted_round_robin,7,107,node-a,58729.44405566547,102.96344757080078,True
weighted_round_robin,7,107,node-c,72056.34437721761,811.0418319702148,True
weighted_round_robin,7,107,node-a,95048.02938019199,82.21292495727539,True
weighted_round_robin,7,107,node-b,122446.62887308476,102.62465476989746,True
weighted_round_robin,7,107,node-a,171396.67063883308,128.0357837677002,True
weighted_round_robin,7,107,node-b,30758.612112408686,37.668704986572266,True
weighted_round_robin,7,107,node-c,147803.65120517323,903.1174182891846,True
weighted_round_robin,7,107,node-a,75735.63180647878,62.49237060546875,True
weighted_round_robin,7,107,node-b,100541.0204729783,86.59672737121582,True
weighted_round_robin,7,107,node-a,64394.7553834139,57.98602104187012,True
weighted_round_robin,7,107,node-c,228538.82892293288,1325.5062103271484,True
weighted_round_robin,7,107,node-a,102269.11258496063,81.48550987243652,True
weighted_round_robin,7,107,node-b,156974.0629524506,120.28694152832031,True
weighted_round_robin,7,107,node-a,67785.10956360116,61.154842376708984,True
weighted_round_robin,7,107,node-c,171839.4437469903,1121.1016178131104,True
weighted_round_robin,7,107,node-b,113762.22453710569,94.2544937133789,True
weighted_round_robin,7,107,node-a,67346.93458019296,60.17756462097168,True
weighted_round_robin,7,107,node-a,93024.35276984925,76.42745971679688,True
weighted_round_robin,7,107,node-b,75055.06351882985,78.4614086151123,True
weighted_round_robin,7,107,node-c,67654.02643833196,636.9750499725342,True
weighted_round_robin,7,107,node-a,204213.38417039742,189.3458366394043,True
weighted_round_robin,7,107,node-b,117147.14923968444,95.44754028320312,True
weighted_round_robin,7,107,node-a,82213.75847606252,137.20941543579102,True
weighted_round_robin,7,107,node-c,45323.3785694941,581.2282562255859,True
weighted_round_robin,7,107,node-a,169113.64882386228,214.21217918395996,True
weighted_round_robin,7,107,node-b,97017.0816700236,71.40874862670898,True
weighted_round_robin,7,107,node-a,84423.00277190101,142.1825885772705,True
weighted_round_robin,7,107,node-b,65625.16223082073,58.897972106933594,True
weighted_round_robin,7,107,node-c,215485.48002405162,1027.8840065002441,True
weighted_round_robin,7,107,node-a,181567.49575874032,159.32035446166992,True
weighted_round_robin,7,107,node-b,82705.63994563563,59.66067314147949,True
weighted_round_robin,7,107,node-a,76366.46777294397,130.36727905273438,True
weighted_round_robin,7,107,node-c,80743.9357467122,563.6193752288818,True
weighted_round_robin,7,107,node-a,91700.29144209658,100.34608840942383,True
weighted_round_robin,7,107,node-b,97632.7008743367,70.59168815612793,True
weighted_round_robin,7,107,node-a,47854.49394822502,47.835350036621094,True
weighted_round_robin,7,107,node-c,69570.24748506416,639.378547668457,True
weighted_round_robin,7,107,node-b,98177.13429356537,87.9063606262207,True
weighted_round_robin,7,107,node-a,168980.22966969307,110.29672622680664,True
weighted_round_robin,7,107,node-a,131528.49371519842,105.26847839355469,True
weighted_round_robin,7,107,node-b,107053.19479238158,90.10887145996094,True
weighted_round_robin,7,107,node-c,65287.30343696593,339.51711654663086,True
weighted_round_robin,7,107,node-a,119822.61655831066,101.32098197937012,True
weighted_round_robin,7,107,node-b,150175.27656539754,113.66081237792969,True
weighted_round_robin,7,107,node-a,160630.88755107837,219.32625770568848,True
weighted_round_robin,7,107,node-c,193403.34481809524,375.35905838012695,True
weighted_round_robin,7,107,node-a,85076.81682181018,196.29406929016113,True
weighted_round_robin,7,107,node-b,73442.8896291813,68.0854320526123,True
weighted_round_robin,7,107,node-a,171782.43957243027,291.74041748046875,True
weighted_round_robin,7,107,node-b,78649.96502152034,71.34342193603516,True
weighted_round_robin,7,107,node-c,135325.09859838575,444.1192150115967,True
weighted_round_robin,7,107,node-a,101807.04990947575,147.15886116027832,True
weighted_round_robin,7,107,node-b,46443.25041263009,51.36561393737793,True
weighted_round_robin,7,107,node-a,100371.78640217475,142.3947811126709,True
weighted_round_robin,7,107,node-c,88818.59291427702,316.27798080444336,True
weighted_round_robin,7,107,node-a,82594.83981176837,72.83282279968262,True
weighted_round_robin,7,107,node-b,78042.1686193297,54.10599708557129,True
weighted_round_robin,7,107,node-a,50720.14906723089,45.88794708251953,True
weighted_round_robin,7,107,node-c,73172.1386173931,64.30482864379883,True
weighted_round_robin,7,107,node-b,75247.9240236209,69.11468505859375,True
weighted_round_robin,7,107,node-a,160128.4545075699,178.0235767364502,True
weighted_round_robin,7,107,node-a,85295.83671883531,133.6078643798828,True
weighted_round_robin,7,107,node-b,109563.29713626555,86.25125885009766,True
weighted_round_robin,7,107,node-c,228044.83823845765,320.36685943603516,True
weighted_round_robin,7,107,node-a,37413.55249620737,39.52622413635254,True
weighted_round_robin,7,107,node-b,167692.4094437938,160.71319580078125,True
weighted_round_robin,7,107,node-a,109365.74974604299,80.64937591552734,True
weighted_round_robin,7,107,node-c,80913.70159810409,157.00721740722656,True
weighted_round_robin,7,107,node-a,52846.65867691132,51.053762435913086,True
weighted_round_robin,7,107,node-b,171371.93587417935,215.24286270141602,True
weighted_round_robin,7,107,node-a,118600.91524885777,94.24185752868652,True
weighted_round_robin,7,107,node-b,83629.74091148158,161.54932975769043,True
weighted_round_robin,7,107,node-c,57620.911213916625,126.71542167663574,True
weighted_round_robin,7,107,node-a,172277.53053948254,187.6213550567627,True
weighted_round_robin,7,107,node-b,226174.47772304056,225.42309761047363,True
weighted_round_robin,7,107,node-a,65060.48582045155,117.35820770263672,True
weighted_round_robin,7,107,node-c,100724.49862550572,149.85966682434082,True
weighted_round_robin,7,107,node-a,124134.36467166746,105.27944564819336,True
weighted_round_robin,7,107,node-b,163464.3670796421,123.94285202026367,True
ml_argmin_baseline,7,107,node-a,128037.88929377675,101.44472122192383,True
ml_argmin_baseline,7,107,node-b,41210.45759204286,43.55907440185547,True
ml_argmin_baseline,7,107,node-a,103587.09389819662,71.39182090759277,True
ml_argmin_baseline,7,107,node-a,257766.65408880336,489.74132537841797,True
ml_argmin_baseline,7,107,node-a,49937.77493425927,124.65047836303711,True
ml_argmin_baseline,7,107,node-a,142896.3959857144,554.2483329772949,True
ml_argmin_baseline,7,107,node-a,78767.22762359159,206.30645751953125,True
ml_argmin_baseline,7,107,node-a,234202.78383424232,665.363073348999,True
ml_argmin_baseline,7,107,node-b,84831.95306090191,105.0100326538086,True
ml_argmin_baseline,7,107,node-b,78167.45173597496,170.8540916442871,True
ml_argmin_baseline,7,107,node-a,248616.21354246984,679.5856952667236,True
ml_argmin_baseline,7,107,node-a,204744.11289237032,952.052116394043,True
ml_argmin_baseline,7,107,node-b,89645.79242138563,249.7539520263672,True
ml_argmin_baseline,7,107,node-b,39065.55951491,200.775146484375,True
ml_argmin_baseline,7,107,node-b,46126.7170615879,151.5500545501709,True
ml_argmin_baseline,7,107,node-b,134524.82287458234,276.80492401123047,True
ml_argmin_baseline,7,107,node-a,135959.7601032131,287.32800483703613,True
ml_argmin_baseline,7,107,node-c,51746.942185413915,52.25396156311035,True
ml_argmin_baseline,7,107,node-a,201922.62518921852,465.50464630126953,True
ml_argmin_baseline,7,107,node-a,140709.0322182041,383.2857608795166,True
ml_argmin_baseline,7,107,node-b,82016.17989453513,78.57227325439453,True
ml_argmin_baseline,7,107,node-b,99817.64114347615,208.30154418945312,True
ml_argmin_baseline,7,107,node-b,117807.12515302762,360.03661155700684,True
ml_argmin_baseline,7,107,node-b,79415.88142514428,323.3642578125,True
ml_argmin_baseline,7,107,node-b,152354.99039575056,435.4097843170166,True
ml_argmin_baseline,7,107,node-c,98006.64675868947,299.24917221069336,True
ml_argmin_baseline,7,107,node-c,98633.53454527543,293.7483787536621,True
ml_argmin_baseline,7,107,node-a,171443.90706557213,152.2207260131836,True
ml_argmin_baseline,7,107,node-a,134830.9393562295,154.9527645111084,True
ml_argmin_baseline,7,107,node-b,50044.13459726399,47.92904853820801,True
ml_argmin_baseline,7,107,node-b,107144.8181802925,150.70223808288574,True
ml_argmin_baseline,7,107,node-b,62084.294144210406,118.4544563293457,True
ml_argmin_baseline,7,107,node-a,116446.96604038768,148.53405952453613,True
ml_argmin_baseline,7,107,node-a,133679.10668148793,180.80592155456543,True
ml_argmin_baseline,7,107,node-b,52974.73169305346,58.49623680114746,True
ml_argmin_baseline,7,107,node-b,175574.7924391519,168.17951202392578,True
ml_argmin_baseline,7,107,node-a,267621.3494404666,312.6692771911621,True
ml_argmin_baseline,7,107,node-a,130212.19937289032,327.33774185180664,True
ml_argmin_baseline,7,107,node-a,59886.09768841531,158.14781188964844,True
ml_argmin_baseline,7,107,node-a,98404.43245024068,363.49987983703613,True
ml_argmin_baseline,7,107,node-a,124476.65139808868,347.3553657531738,True
ml_argmin_baseline,7,107,node-a,136836.50162472302,386.2433433532715,True
ml_argmin_baseline,7,107,node-b,141648.99358003918,189.0885829925537,True
ml_argmin_baseline,7,107,node-b,74012.37169957247,169.5079803466797,True
ml_argmin_baseline,7,107,node-b,82912.87953338251,262.0100975036621,True
ml_argmin_baseline,7,107,node-b,155887.9541095181,691.1640167236328,True
ml_argmin_baseline,7,107,node-b,484832.5877459594,2522.0963954925537,True
ml_argmin_baseline,7,107,node-b,124129.38339445202,1242.2196865081787,True
ml_argmin_baseline,7,107,node-b,107192.5738706163,969.9897766113281,True
ml_argmin_baseline,7,107,node-b,147757.9142420564,1029.780387878418,True
ml_argmin_baseline,7,107,node-b,257008.51220959966,1643.0909633636475,True
ml_argmin_baseline,7,107,node-b,112683.13884215125,1268.1362628936768,True
ml_argmin_baseline,7,107,node-b,29648.52144684902,602.1304130554199,True
ml_argmin_baseline,7,107,node-b,82307.56763755574,1140.0349140167236,True
ml_argmin_baseline,7,107,node-b,75143.36700890666,1338.7513160705566,True
ml_argmin_baseline,7,107,node-c,62484.6495154164,67.85058975219727,True
ml_argmin_baseline,7,107,node-c,52942.48539291229,90.95430374145508,True
ml_argmin_baseline,7,107,node-c,65070.67014675259,143.99313926696777,True
ml_argmin_baseline,7,107,node-b,383611.29577763623,1930.999517440796,True
ml_argmin_baseline,7,107,node-a,153429.38447018526,208.09340476989746,True
ml_argmin_baseline,7,107,node-a,118964.14338072734,206.3143253326416,True
ml_argmin_baseline,7,107,node-c,54615.87446901983,53.852081298828125,True
ml_argmin_baseline,7,107,node-a,84945.92335391145,249.32098388671875,True
ml_argmin_baseline,7,107,node-a,126607.15156035204,229.5212745666504,True
ml_argmin_baseline,7,107,node-a,96026.46115885598,263.8216018676758,True
ml_argmin_baseline,7,107,node-a,95653.78806749744,289.08395767211914,True
ml_argmin_baseline,7,107,node-b,242342.5746669615,1272.8867530822754,True
ml_argmin_baseline,7,107,node-b,212528.7840224956,1217.6382541656494,True
ml_argmin_baseline,7,107,node-a,137840.1765416773,258.6820125579834,True
ml_argmin_baseline,7,107,node-c,46767.53924456344,34.68608856201172,True
ml_argmin_baseline,7,107,node-a,110122.23755104792,164.58630561828613,True
ml_argmin_baseline,7,107,node-c,58729.44405566547,143.6913013458252,True
ml_argmin_baseline,7,107,node-c,72056.34437721761,233.84976387023926,True
ml_argmin_baseline,7,107,node-c,95048.02938019199,250.25129318237305,True
ml_argmin_baseline,7,107,node-a,122446.62887308476,122.00403213500977,True
ml_argmin_baseline,7,107,node-a,171396.67063883308,163.23614120483398,True
ml_argmin_baseline,7,107,node-c,30758.612112408686,73.88687133789062,True
ml_argmin_baseline,7,107,node-a,147803.65120517323,116.40143394470215,True
ml_argmin_baseline,7,107,node-c,75735.63180647878,73.13990592956543,True
ml_argmin_baseline,7,107,node-c,100541.0204729783,296.04101181030273,True
ml_argmin_baseline,7,107,node-c,64394.7553834139,333.18042755126953,True
ml_argmin_baseline,7,107,node-a,228538.82892293288,243.59655380249023,True
ml_argmin_baseline,7,107,node-c,102269.11258496063,766.4031982421875,True
ml_argmin_baseline,7,107,node-a,156974.0629524506,163.58590126037598,True
ml_argmin_baseline,7,107,node-c,67785.10956360116,447.9970932006836,True
ml_argmin_baseline,7,107,node-a,171839.4437469903,139.24193382263184,True
ml_argmin_baseline,7,107,node-c,113762.22453710569,904.949426651001,True
ml_argmin_baseline,7,107,node-c,67346.93458019296,622.3800182342529,True
ml_argmin_baseline,7,107,node-c,93024.35276984925,821.0537433624268,True
ml_argmin_baseline,7,107,node-c,75055.06351882985,1169.081687927246,True
ml_argmin_baseline,7,107,node-c,67654.02643833196,942.2125816345215,True
ml_argmin_baseline,7,107,node-a,204213.38417039742,167.8903102874756,True
ml_argmin_baseline,7,107,node-c,117147.14923968444,1132.1995258331299,True
ml_argmin_baseline,7,107,node-c,82213.75847606252,1057.5358867645264,True
ml_argmin_baseline,7,107,node-a,45323.3785694941,37.14466094970703,True
ml_argmin_baseline,7,107,node-a,169113.64882386228,221.0562229156494,True
ml_argmin_baseline,7,107,node-a,97017.0816700236,164.31736946105957,True
ml_argmin_baseline,7,107,node-a,84423.00277190101,232.73324966430664,True
ml_argmin_baseline,7,107,node-b,65625.16223082073,66.84064865112305,True
ml_argmin_baseline,7,107,node-a,215485.48002405162,371.0305690765381,True
ml_argmin_baseline,7,107,node-a,181567.49575874032,338.9277458190918,True
ml_argmin_baseline,7,107,node-a,82705.63994563563,358.74438285827637,True
ml_argmin_baseline,7,107,node-a,76366.46777294397,457.9164981842041,True
ml_argmin_baseline,7,107,node-a,80743.9357467122,319.99993324279785,True
ml_argmin_baseline,7,107,node-a,91700.29144209658,468.77336502075195,True
ml_argmin_baseline,7,107,node-a,97632.7008743367,294.71445083618164,True
ml_argmin_baseline,7,107,node-b,47854.49394822502,55.77969551086426,True
ml_argmin_baseline,7,107,node-a,69570.24748506416,264.4491195678711,True
ml_argmin_baseline,7,107,node-a,98177.13429356537,337.36681938171387,True
ml_argmin_baseline,7,107,node-a,168980.22966969307,444.655179977417,True
ml_argmin_baseline,7,107,node-a,131528.49371519842,547.961950302124,True
ml_argmin_baseline,7,107,node-a,107053.19479238158,531.9936275482178,True
ml_argmin_baseline,7,107,node-b,65287.30343696593,68.1912899017334,True
ml_argmin_baseline,7,107,node-a,119822.61655831066,486.1886501312256,True
ml_argmin_baseline,7,107,node-a,150175.27656539754,428.5292625427246,True
ml_argmin_baseline,7,107,node-b,160630.88755107837,193.73798370361328,True
ml_argmin_baseline,7,107,node-c,193403.34481809524,777.2388458251953,True
ml_argmin_baseline,7,107,node-c,85076.81682181018,485.8531951904297,True
ml_argmin_baseline,7,107,node-c,73442.8896291813,475.1911163330078,True
ml_argmin_baseline,7,107,node-c,171782.43957243027,944.3802833557129,True
ml_argmin_baseline,7,107,node-c,78649.96502152034,741.7142391204834,True
ml_argmin_baseline,7,107,node-b,135325.09859838575,130.39088249206543,True
ml_argmin_baseline,7,107,node-c,101807.04990947575,922.7302074432373,True
ml_argmin_baseline,7,107,node-c,46443.25041263009,802.6206493377686,True
ml_argmin_baseline,7,107,node-c,100371.78640217475,1377.417802810669,True
ml_argmin_baseline,7,107,node-c,88818.59291427702,1327.2712230682373,True
ml_argmin_baseline,7,107,node-c,82594.83981176837,1341.0959243774414,True
ml_argmin_baseline,7,107,node-c,78042.1686193297,1222.9464054107666,True
ml_argmin_baseline,7,107,node-c,50720.14906723089,881.4218044281006,True
ml_argmin_baseline,7,107,node-a,73172.1386173931,68.46332550048828,True
ml_argmin_baseline,7,107,node-a,75247.9240236209,94.71011161804199,True
ml_argmin_baseline,7,107,node-a,160128.4545075699,158.19644927978516,True
ml_argmin_baseline,7,107,node-a,85295.83671883531,137.1903419494629,True
ml_argmin_baseline,7,107,node-a,109563.29713626555,254.3637752532959,True
ml_argmin_baseline,7,107,node-a,228044.83823845765,435.84394454956055,True
ml_argmin_baseline,7,107,node-a,37413.55249620737,210.27278900146484,True
ml_argmin_baseline,7,107,node-a,167692.4094437938,531.5849781036377,True
ml_argmin_baseline,7,107,node-a,109365.74974604299,360.201358795166,True
ml_argmin_baseline,7,107,node-a,80913.70159810409,230.0581932067871,True
ml_argmin_baseline,7,107,node-a,52846.65867691132,505.52988052368164,True
ml_argmin_baseline,7,107,node-a,171371.93587417935,613.2311820983887,True
ml_argmin_baseline,7,107,node-a,118600.91524885777,626.1003017425537,True
ml_argmin_baseline,7,107,node-a,83629.74091148158,537.9281044006348,True
ml_argmin_baseline,7,107,node-a,57620.911213916625,552.0119667053223,True
ml_argmin_baseline,7,107,node-a,172277.53053948254,796.4169979095459,True
ml_argmin_baseline,7,107,node-a,226174.47772304056,1035.1710319519043,True
ml_argmin_baseline,7,107,node-a,65060.48582045155,682.1348667144775,True
ml_argmin_baseline,7,107,node-a,100724.49862550572,645.7295417785645,True
ml_argmin_baseline,7,107,node-a,124134.36467166746,814.5260810852051,True
ml_argmin_baseline,7,107,node-a,163464.3670796421,831.2270641326904,True
ml_softmax_propuesto,7,107,node-a,128037.88929377675,99.7779369354248,True
ml_softmax_propuesto,7,107,node-c,41210.45759204286,54.755449295043945,True
ml_softmax_propuesto,7,107,node-a,103587.09389819662,88.89150619506836,True
ml_softmax_propuesto,7,107,node-c,257766.65408880336,601.1867523193359,True
ml_softmax_propuesto,7,107,node-c,49937.77493425927,191.06316566467285,True
ml_softmax_propuesto,7,107,node-b,142896.3959857144,152.26006507873535,True
ml_softmax_propuesto,7,107,node-c,78767.22762359159,453.77564430236816,True
ml_softmax_propuesto,7,107,node-a,234202.78383424232,165.93098640441895,True
ml_softmax_propuesto,7,107,node-a,84831.95306090191,147.26018905639648,True
ml_softmax_propuesto,7,107,node-a,78167.45173597496,239.6869659423828,True
ml_softmax_propuesto,7,107,node-a,248616.21354246984,610.1284027099609,True
ml_softmax_propuesto,7,107,node-a,204744.11289237032,627.6400089263916,True
ml_softmax_propuesto,7,107,node-b,89645.79242138563,86.90404891967773,True
ml_softmax_propuesto,7,107,node-a,39065.55951491,231.86731338500977,True
ml_softmax_propuesto,7,107,node-a,46126.7170615879,163.8340950012207,True
ml_softmax_propuesto,7,107,node-b,134524.82287458234,176.28121376037598,True
ml_softmax_propuesto,7,107,node-a,135959.7601032131,381.77990913391113,True
ml_softmax_propuesto,7,107,node-a,51746.942185413915,183.84742736816406,True
ml_softmax_propuesto,7,107,node-a,201922.62518921852,250.8096694946289,True
ml_softmax_propuesto,7,107,node-c,140709.0322182041,169.88492012023926,True
ml_softmax_propuesto,7,107,node-c,82016.17989453513,70.9223747253418,True
ml_softmax_propuesto,7,107,node-a,99817.64114347615,92.36359596252441,True
ml_softmax_propuesto,7,107,node-a,117807.12515302762,110.81290245056152,True
ml_softmax_propuesto,7,107,node-c,79415.88142514428,106.94622993469238,True
ml_softmax_propuesto,7,107,node-b,152354.99039575056,120.39804458618164,True
ml_softmax_propuesto,7,107,node-a,98006.64675868947,72.54695892333984,True
ml_softmax_propuesto,7,107,node-c,98633.53454527543,92.1623706817627,True
ml_softmax_propuesto,7,107,node-b,171443.90706557213,200.6375789642334,True
ml_softmax_propuesto,7,107,node-b,134830.9393562295,275.4952907562256,True
ml_softmax_propuesto,7,107,node-b,50044.13459726399,185.07027626037598,True
ml_softmax_propuesto,7,107,node-c,107144.8181802925,193.12214851379395,True
ml_softmax_propuesto,7,107,node-a,62084.294144210406,90.96240997314453,True
ml_softmax_propuesto,7,107,node-a,116446.96604038768,142.01760292053223,True
ml_softmax_propuesto,7,107,node-c,133679.10668148793,269.31047439575195,True
ml_softmax_propuesto,7,107,node-a,52974.73169305346,55.76348304748535,True
ml_softmax_propuesto,7,107,node-b,175574.7924391519,159.8200798034668,True
ml_softmax_propuesto,7,107,node-a,267621.3494404666,453.3886909484863,True
ml_softmax_propuesto,7,107,node-a,130212.19937289032,223.18339347839355,True
ml_softmax_propuesto,7,107,node-a,59886.09768841531,159.8193645477295,True
ml_softmax_propuesto,7,107,node-a,98404.43245024068,262.8653049468994,True
ml_softmax_propuesto,7,107,node-c,124476.65139808868,259.6299648284912,True
ml_softmax_propuesto,7,107,node-b,136836.50162472302,168.74289512634277,True
ml_softmax_propuesto,7,107,node-a,141648.99358003918,231.70757293701172,True
ml_softmax_propuesto,7,107,node-b,74012.37169957247,234.50040817260742,True
ml_softmax_propuesto,7,107,node-c,82912.87953338251,236.18817329406738,True
ml_softmax_propuesto,7,107,node-b,155887.9541095181,436.2506866455078,True
ml_softmax_propuesto,7,107,node-c,484832.5877459594,1409.2991352081299,True
ml_softmax_propuesto,7,107,node-b,124129.38339445202,401.63445472717285,True
ml_softmax_propuesto,7,107,node-c,107192.5738706163,341.14575386047363,True
ml_softmax_propuesto,7,107,node-c,147757.9142420564,910.1426601409912,True
ml_softmax_propuesto,7,107,node-a,257008.51220959966,353.23309898376465,True
ml_softmax_propuesto,7,107,node-a,112683.13884215125,199.0046501159668,True
ml_softmax_propuesto,7,107,node-b,29648.52144684902,66.64896011352539,True
ml_softmax_propuesto,7,107,node-a,82307.56763755574,232.44333267211914,True
ml_softmax_propuesto,7,107,node-a,75143.36700890666,186.09094619750977,True
ml_softmax_propuesto,7,107,node-b,62484.6495154164,54.78334426879883,True
ml_softmax_propuesto,7,107,node-a,52942.48539291229,50.58097839355469,True
ml_softmax_propuesto,7,107,node-b,65070.67014675259,64.66150283813477,True
ml_softmax_propuesto,7,107,node-a,383611.29577763623,306.8125247955322,True
ml_softmax_propuesto,7,107,node-b,153429.38447018526,236.25898361206055,True
ml_softmax_propuesto,7,107,node-b,118964.14338072734,236.38248443603516,True
ml_softmax_propuesto,7,107,node-a,54615.87446901983,113.25335502624512,True
ml_softmax_propuesto,7,107,node-b,84945.92335391145,248.03686141967773,True
ml_softmax_propuesto,7,107,node-b,126607.15156035204,294.2347526550293,True
ml_softmax_propuesto,7,107,node-a,96026.46115885598,115.84877967834473,True
ml_softmax_propuesto,7,107,node-a,95653.78806749744,152.3418426513672,True
ml_softmax_propuesto,7,107,node-a,242342.5746669615,345.3695774078369,True
ml_softmax_propuesto,7,107,node-a,212528.7840224956,413.47217559814453,True
ml_softmax_propuesto,7,107,node-a,137840.1765416773,462.0704650878906,True
ml_softmax_propuesto,7,107,node-a,46767.53924456344,261.7509365081787,True
ml_softmax_propuesto,7,107,node-a,110122.23755104792,556.8125247955322,True
ml_softmax_propuesto,7,107,node-a,58729.44405566547,377.3376941680908,True
ml_softmax_propuesto,7,107,node-a,72056.34437721761,488.22522163391113,True
ml_softmax_propuesto,7,107,node-a,95048.02938019199,395.5042362213135,True
ml_softmax_propuesto,7,107,node-b,122446.62887308476,167.41681098937988,True
ml_softmax_propuesto,7,107,node-b,171396.67063883308,251.05047225952148,True
ml_softmax_propuesto,7,107,node-b,30758.612112408686,105.69977760314941,True
ml_softmax_propuesto,7,107,node-a,147803.65120517323,162.05096244812012,True
ml_softmax_propuesto,7,107,node-b,75735.63180647878,69.0009593963623,True
ml_softmax_propuesto,7,107,node-b,100541.0204729783,94.01273727416992,True
ml_softmax_propuesto,7,107,node-c,64394.7553834139,109.29179191589355,True
ml_softmax_propuesto,7,107,node-c,228538.82892293288,646.5473175048828,True
ml_softmax_propuesto,7,107,node-a,102269.11258496063,82.78441429138184,True
ml_softmax_propuesto,7,107,node-a,156974.0629524506,152.34947204589844,True
ml_softmax_propuesto,7,107,node-a,67785.10956360116,113.74378204345703,True
ml_softmax_propuesto,7,107,node-b,171839.4437469903,188.26651573181152,True
ml_softmax_propuesto,7,107,node-a,113762.22453710569,97.3210334777832,True
ml_softmax_propuesto,7,107,node-b,67346.93458019296,152.83942222595215,True
ml_softmax_propuesto,7,107,node-a,93024.35276984925,95.30448913574219,True
ml_softmax_propuesto,7,107,node-a,75055.06351882985,96.76837921142578,True
ml_softmax_propuesto,7,107,node-a,67654.02643833196,91.04037284851074,True
ml_softmax_propuesto,7,107,node-b,204213.38417039742,195.465087890625,True
ml_softmax_propuesto,7,107,node-a,117147.14923968444,149.66940879821777,True
ml_softmax_propuesto,7,107,node-a,82213.75847606252,143.5873508453369,True
ml_softmax_propuesto,7,107,node-a,45323.3785694941,273.4644412994385,True
ml_softmax_propuesto,7,107,node-a,169113.64882386228,279.70194816589355,True
ml_softmax_propuesto,7,107,node-a,97017.0816700236,217.17381477355957,True
ml_softmax_propuesto,7,107,node-c,84423.00277190101,72.03125953674316,True
ml_softmax_propuesto,7,107,node-a,65625.16223082073,161.7295742034912,True
ml_softmax_propuesto,7,107,node-a,215485.48002405162,292.90008544921875,True
ml_softmax_propuesto,7,107,node-b,181567.49575874032,248.08740615844727,True
ml_softmax_propuesto,7,107,node-c,82705.63994563563,97.83148765563965,True
ml_softmax_propuesto,7,107,node-c,76366.46777294397,184.9820613861084,True
ml_softmax_propuesto,7,107,node-a,80743.9357467122,127.66289710998535,True
ml_softmax_propuesto,7,107,node-c,91700.29144209658,279.0179252624512,True
ml_softmax_propuesto,7,107,node-a,97632.7008743367,109.49945449829102,True
ml_softmax_propuesto,7,107,node-a,47854.49394822502,45.90964317321777,True
ml_softmax_propuesto,7,107,node-a,69570.24748506416,167.35291481018066,True
ml_softmax_propuesto,7,107,node-a,98177.13429356537,159.7616672515869,True
ml_softmax_propuesto,7,107,node-a,168980.22966969307,164.36362266540527,True
ml_softmax_propuesto,7,107,node-c,131528.49371519842,240.3848171234131,True
ml_softmax_propuesto,7,107,node-b,107053.19479238158,100.2492904663086,True
ml_softmax_propuesto,7,107,node-c,65287.30343696593,273.8909721374512,True
ml_softmax_propuesto,7,107,node-b,119822.61655831066,138.72218132019043,True
ml_softmax_propuesto,7,107,node-a,150175.27656539754,126.78742408752441,True
ml_softmax_propuesto,7,107,node-a,160630.88755107837,269.212007522583,True
ml_softmax_propuesto,7,107,node-a,193403.34481809524,251.63936614990234,True
ml_softmax_propuesto,7,107,node-a,85076.81682181018,362.15758323669434,True
ml_softmax_propuesto,7,107,node-a,73442.8896291813,415.5316352844238,True
ml_softmax_propuesto,7,107,node-a,171782.43957243027,778.0134677886963,True
ml_softmax_propuesto,7,107,node-a,78649.96502152034,582.0708274841309,True
ml_softmax_propuesto,7,107,node-a,135325.09859838575,628.7992000579834,True
ml_softmax_propuesto,7,107,node-b,101807.04990947575,70.1758861541748,True
ml_softmax_propuesto,7,107,node-c,46443.25041263009,55.85670471191406,True
ml_softmax_propuesto,7,107,node-a,100371.78640217475,497.6003170013428,True
ml_softmax_propuesto,7,107,node-a,88818.59291427702,298.7840175628662,True
ml_softmax_propuesto,7,107,node-a,82594.83981176837,460.9708786010742,True
ml_softmax_propuesto,7,107,node-a,78042.1686193297,357.6626777648926,True
ml_softmax_propuesto,7,107,node-c,50720.14906723089,53.62415313720703,True
ml_softmax_propuesto,7,107,node-c,73172.1386173931,136.5373134613037,True
ml_softmax_propuesto,7,107,node-c,75247.9240236209,203.51648330688477,True
ml_softmax_propuesto,7,107,node-a,160128.4545075699,176.04780197143555,True
ml_softmax_propuesto,7,107,node-a,85295.83671883531,127.01702117919922,True
ml_softmax_propuesto,7,107,node-c,109563.29713626555,195.81913948059082,True
ml_softmax_propuesto,7,107,node-b,228044.83823845765,184.9675178527832,True
ml_softmax_propuesto,7,107,node-a,37413.55249620737,40.96722602844238,True
ml_softmax_propuesto,7,107,node-a,167692.4094437938,117.77520179748535,True
ml_softmax_propuesto,7,107,node-c,109365.74974604299,164.8249626159668,True
ml_softmax_propuesto,7,107,node-b,80913.70159810409,79.22124862670898,True
ml_softmax_propuesto,7,107,node-a,52846.65867691132,66.18261337280273,True
ml_softmax_propuesto,7,107,node-a,171371.93587417935,212.86273002624512,True
ml_softmax_propuesto,7,107,node-a,118600.91524885777,328.2299041748047,True
ml_softmax_propuesto,7,107,node-a,83629.74091148158,478.1758785247803,True
ml_softmax_propuesto,7,107,node-a,57620.911213916625,353.32703590393066,True
ml_softmax_propuesto,7,107,node-a,172277.53053948254,557.6279163360596,True
ml_softmax_propuesto,7,107,node-a,226174.47772304056,592.5564765930176,True
ml_softmax_propuesto,7,107,node-c,65060.48582045155,72.65567779541016,True
ml_softmax_propuesto,7,107,node-b,100724.49862550572,83.4646224975586,True
ml_softmax_propuesto,7,107,node-a,124134.36467166746,371.4115619659424,True
ml_softmax_propuesto,7,107,node-a,163464.3670796421,437.7753734588623,True
round_robin,8,108,node-a,457099.2014548493,353.2905578613281,True
round_robin,8,108,node-b,108654.87753162398,73.6856460571289,True
round_robin,8,108,node-c,289791.9765234266,750.8080005645752,True
round_robin,8,108,node-a,58491.78241892933,112.02359199523926,True
round_robin,8,108,node-b,148711.92387020378,176.924467086792,True
round_robin,8,108,node-c,182781.47618737305,611.6387844085693,True
round_robin,8,108,node-a,40765.938630947334,38.76471519470215,True
round_robin,8,108,node-b,93916.37948441067,83.44650268554688,True
round_robin,8,108,node-c,150015.97055655616,1151.7982482910156,True
round_robin,8,108,node-a,371940.50343381986,375.232458114624,True
round_robin,8,108,node-b,89170.66852261039,61.51151657104492,True
round_robin,8,108,node-c,169047.03733644204,966.8064117431641,True
round_robin,8,108,node-a,78861.40500630125,163.4213924407959,True
round_robin,8,108,node-b,176371.50131112844,149.02305603027344,True
round_robin,8,108,node-c,375274.1723928852,2213.0091190338135,True
round_robin,8,108,node-a,228573.06230808384,269.3912982940674,True
round_robin,8,108,node-b,49115.19340850369,98.45709800720215,True
round_robin,8,108,node-c,58302.77538142349,333.4801197052002,True
round_robin,8,108,node-a,49607.385904351424,57.46006965637207,True
round_robin,8,108,node-b,83732.93656317041,78.38273048400879,True
round_robin,8,108,node-c,52119.57771917049,434.4022274017334,True
round_robin,8,108,node-a,314241.0282184244,221.47798538208008,True
round_robin,8,108,node-b,121247.3193408987,101.26829147338867,True
round_robin,8,108,node-c,366687.5870134119,1930.4091930389404,True
round_robin,8,108,node-a,110513.47320200872,88.84596824645996,True
round_robin,8,108,node-b,120550.78423545838,79.91194725036621,True
round_robin,8,108,node-c,103736.08716295141,686.5005493164062,True
round_robin,8,108,node-a,131550.2679346154,153.212308883667,True
round_robin,8,108,node-b,141719.61649807086,215.29531478881836,True
round_robin,8,108,node-c,133348.5223868581,1720.2837467193604,True
round_robin,8,108,node-a,81906.7400655071,126.74880027770996,True
round_robin,8,108,node-b,61457.183823510306,178.76625061035156,True
round_robin,8,108,node-c,120438.19503011576,1678.3030033111572,True
round_robin,8,108,node-a,180567.44586457082,204.8327922821045,True
round_robin,8,108,node-b,151214.51554839307,123.02398681640625,True
round_robin,8,108,node-c,63778.28281801792,966.153621673584,True
round_robin,8,108,node-a,186729.0309727463,144.87290382385254,True
round_robin,8,108,node-b,88685.46915554702,77.80218124389648,True
round_robin,8,108,node-c,45161.31486765836,972.0549583435059,True
round_robin,8,108,node-a,110661.20268964091,90.77644348144531,True
round_robin,8,108,node-b,51817.24909582136,49.848079681396484,True
round_robin,8,108,node-c,209936.5413960211,2136.8062496185303,True
round_robin,8,108,node-a,122448.5637753649,96.58241271972656,True
round_robin,8,108,node-b,71074.79361663973,60.81390380859375,True
round_robin,8,108,node-c,82617.22428839382,1213.6681079864502,True
round_robin,8,108,node-a,107137.58449906345,85.62183380126953,True
round_robin,8,108,node-b,84550.60316419441,80.42621612548828,True
round_robin,8,108,node-c,71254.6563944238,1200.5600929260254,True
round_robin,8,108,node-a,296412.225795533,239.78853225708008,True
round_robin,8,108,node-b,86222.51240214321,125.06818771362305,True
round_robin,8,108,node-c,79779.47607442508,1428.2000064849854,True
round_robin,8,108,node-a,39198.714083200706,85.24060249328613,True
round_robin,8,108,node-b,144564.0814591931,205.81769943237305,True
round_robin,8,108,node-c,133581.7341017173,1258.5773468017578,True
round_robin,8,108,node-a,152968.1559013407,142.37546920776367,True
round_robin,8,108,node-b,68496.79074991058,160.96973419189453,True
round_robin,8,108,node-c,237016.5503856457,2265.9285068511963,True
round_robin,8,108,node-a,65606.55940269509,85.56175231933594,True
round_robin,8,108,node-b,63185.0172820562,66.92695617675781,True
round_robin,8,108,node-c,102993.71761032214,1919.7118282318115,True
round_robin,8,108,node-a,100473.50460378027,85.56866645812988,True
round_robin,8,108,node-b,160991.695703332,146.38209342956543,True
round_robin,8,108,node-c,429616.8247150419,2725.9082794189453,True
round_robin,8,108,node-a,129124.58038226372,94.36774253845215,True
round_robin,8,108,node-b,250135.84131726628,331.4249515533447,True
round_robin,8,108,node-c,170087.96284450608,1646.0227966308594,True
round_robin,8,108,node-a,83506.02963453183,80.38091659545898,True
round_robin,8,108,node-b,48829.259411521074,164.31427001953125,True
round_robin,8,108,node-c,100883.50879011954,1635.8857154846191,True
round_robin,8,108,node-a,59084.452188815434,55.750131607055664,True
round_robin,8,108,node-b,71203.9552204561,70.92952728271484,True
round_robin,8,108,node-c,122647.09640316865,1844.0818786621094,True
round_robin,8,108,node-a,85121.12383554054,81.74014091491699,True
round_robin,8,108,node-b,169447.2287795018,194.51189041137695,True
round_robin,8,108,node-c,38497.36443083221,1376.4593601226807,True
round_robin,8,108,node-a,56943.0763673379,56.12325668334961,True
round_robin,8,108,node-b,416500.46034667763,610.4254722595215,True
round_robin,8,108,node-c,171272.03813522912,2211.4784717559814,True
round_robin,8,108,node-a,125950.84774226099,87.43953704833984,True
round_robin,8,108,node-b,154732.2779935793,520.2376842498779,True
round_robin,8,108,node-c,53878.65615673885,1635.7181072235107,True
round_robin,8,108,node-a,57972.454264712505,62.163352966308594,True
round_robin,8,108,node-b,166347.03400688752,517.139196395874,True
round_robin,8,108,node-c,36007.282969133434,1515.249490737915,True
round_robin,8,108,node-a,140038.91175395864,108.31785202026367,True
round_robin,8,108,node-b,33674.53947726516,204.62512969970703,True
round_robin,8,108,node-c,206892.17907641837,2434.89408493042,True
round_robin,8,108,node-a,136711.69432850752,105.53359985351562,True
round_robin,8,108,node-b,94856.11316877595,235.2919578552246,True
round_robin,8,108,node-c,128403.5942748186,2261.4550590515137,True
round_robin,8,108,node-a,121010.2453885044,88.98639678955078,True
round_robin,8,108,node-b,64262.19424089425,93.31750869750977,True
round_robin,8,108,node-c,51577.83726316009,2113.607883453369,True
round_robin,8,108,node-a,90454.74111403074,87.56828308105469,True
round_robin,8,108,node-b,134198.45795970148,109.09867286682129,True
round_robin,8,108,node-c,62556.356445099176,1685.6164932250977,True
round_robin,8,108,node-a,112852.37305782043,97.08499908447266,True
round_robin,8,108,node-b,279221.91884390777,218.37091445922852,True
round_robin,8,108,node-c,97952.77955116522,2130.3811073303223,True
round_robin,8,108,node-a,96328.05660296867,78.98569107055664,True
round_robin,8,108,node-b,44966.39684225347,82.93604850769043,True
round_robin,8,108,node-c,225108.4130207902,2318.002223968506,True
round_robin,8,108,node-a,95174.25155741673,84.42449569702148,True
round_robin,8,108,node-b,85696.80698145994,82.23080635070801,True
round_robin,8,108,node-c,55749.7968278244,1590.559959411621,True
round_robin,8,108,node-a,184328.35023834748,142.0443058013916,True
round_robin,8,108,node-b,106819.71300316021,93.3084487915039,True
round_robin,8,108,node-c,128414.78762296072,1547.450304031372,True
round_robin,8,108,node-a,92085.36056945905,78.40132713317871,True
round_robin,8,108,node-b,58196.65662369866,64.26620483398438,True
round_robin,8,108,node-c,121510.80960347608,1659.278392791748,True
round_robin,8,108,node-a,130209.63960673034,107.17940330505371,True
round_robin,8,108,node-b,70466.43039647795,62.484025955200195,True
round_robin,8,108,node-c,69314.93370246966,1360.0335121154785,True
round_robin,8,108,node-a,98918.50849934232,78.14478874206543,True
round_robin,8,108,node-b,84000.24059265679,72.07560539245605,True
round_robin,8,108,node-c,225015.24680944433,1917.829990386963,True
round_robin,8,108,node-a,321166.56302175927,222.5484848022461,True
round_robin,8,108,node-b,87177.47815176305,77.4688720703125,True
round_robin,8,108,node-c,72187.31664951879,1315.8116340637207,True
round_robin,8,108,node-a,177454.57875848268,130.20014762878418,True
round_robin,8,108,node-b,131111.70194797026,99.29752349853516,True
round_robin,8,108,node-c,112276.79929337883,1012.4914646148682,True
round_robin,8,108,node-a,102945.04375469704,82.69858360290527,True
round_robin,8,108,node-b,165502.8550092585,120.67008018493652,True
round_robin,8,108,node-c,123109.52544404389,1353.2965183258057,True
round_robin,8,108,node-a,124482.01988118509,82.69858360290527,True
round_robin,8,108,node-b,149806.17297158448,131.72292709350586,True
round_robin,8,108,node-c,28538.290476068854,660.3918075561523,True
round_robin,8,108,node-a,117797.33229911086,99.58148002624512,True
round_robin,8,108,node-b,116719.77385836827,142.472505569458,True
round_robin,8,108,node-c,97979.9921927423,972.419023513794,True
round_robin,8,108,node-a,75886.57481121478,69.52071189880371,True
round_robin,8,108,node-b,44099.728848434475,34.249067306518555,True
round_robin,8,108,node-c,34666.814443458774,841.9928550720215,True
round_robin,8,108,node-a,87923.95020982322,86.56144142150879,True
round_robin,8,108,node-b,45421.47466296108,70.46675682067871,True
round_robin,8,108,node-c,217942.95615772562,1996.760368347168,True
round_robin,8,108,node-a,139368.64974403995,107.74993896484375,True
round_robin,8,108,node-b,94837.40244523503,80.78169822692871,True
round_robin,8,108,node-c,183096.7813346713,1851.2485027313232,True
round_robin,8,108,node-a,125790.32785438266,99.81846809387207,True
round_robin,8,108,node-b,92400.86375182439,72.32046127319336,True
round_robin,8,108,node-c,228169.79775980578,1436.0909461975098,True
round_robin,8,108,node-a,127039.94084362629,100.23140907287598,True
round_robin,8,108,node-b,116569.2702039958,100.56090354919434,True
round_robin,8,108,node-c,146172.86977471836,992.8896427154541,True
round_robin,8,108,node-a,140945.51573488946,108.00290107727051,True
round_robin,8,108,node-b,155766.94325708927,156.97932243347168,True
round_robin,8,108,node-c,90977.6642734762,1272.7820873260498,True
weighted_round_robin,8,108,node-a,457099.2014548493,430.65762519836426,True
weighted_round_robin,8,108,node-b,108654.87753162398,119.2173957824707,True
weighted_round_robin,8,108,node-c,289791.9765234266,425.61841011047363,True
weighted_round_robin,8,108,node-a,58491.78241892933,156.4655303955078,True
weighted_round_robin,8,108,node-b,148711.92387020378,167.7393913269043,True
weighted_round_robin,8,108,node-a,182781.47618737305,301.49054527282715,True
weighted_round_robin,8,108,node-c,40765.938630947334,184.59486961364746,True
weighted_round_robin,8,108,node-a,93916.37948441067,77.4388313293457,True
weighted_round_robin,8,108,node-b,150015.97055655616,105.38983345031738,True
weighted_round_robin,8,108,node-a,371940.50343381986,377.8865337371826,True
weighted_round_robin,8,108,node-b,89170.66852261039,73.27032089233398,True
weighted_round_robin,8,108,node-c,169047.03733644204,407.29641914367676,True
weighted_round_robin,8,108,node-a,78861.40500630125,333.53209495544434,True
weighted_round_robin,8,108,node-b,176371.50131112844,170.68862915039062,True
weighted_round_robin,8,108,node-a,375274.1723928852,443.6633586883545,True
weighted_round_robin,8,108,node-c,228573.06230808384,566.0922527313232,True
weighted_round_robin,8,108,node-a,49115.19340850369,189.36753273010254,True
weighted_round_robin,8,108,node-b,58302.77538142349,49.76654052734375,True
weighted_round_robin,8,108,node-a,49607.385904351424,76.79271697998047,True
weighted_round_robin,8,108,node-c,83732.93656317041,219.51723098754883,True
weighted_round_robin,8,108,node-b,52119.57771917049,37.41645812988281,True
weighted_round_robin,8,108,node-a,314241.0282184244,383.79883766174316,True
weighted_round_robin,8,108,node-a,121247.3193408987,264.9531364440918,True
weighted_round_robin,8,108,node-b,366687.5870134119,638.897180557251,True
weighted_round_robin,8,108,node-c,110513.47320200872,92.78464317321777,True
weighted_round_robin,8,108,node-a,120550.78423545838,361.79065704345703,True
weighted_round_robin,8,108,node-b,103736.08716295141,251.04141235351562,True
weighted_round_robin,8,108,node-a,131550.2679346154,359.774112701416,True
weighted_round_robin,8,108,node-c,141719.61649807086,291.84770584106445,True
weighted_round_robin,8,108,node-a,133348.5223868581,314.35370445251465,True
weighted_round_robin,8,108,node-b,81906.7400655071,354.5548915863037,True
weighted_round_robin,8,108,node-a,61457.183823510306,293.0128574371338,True
weighted_round_robin,8,108,node-b,120438.19503011576,422.6877689361572,True
weighted_round_robin,8,108,node-c,180567.44586457082,398.3726501464844,True
weighted_round_robin,8,108,node-a,151214.51554839307,111.83929443359375,True
weighted_round_robin,8,108,node-b,63778.28281801792,54.72159385681152,True
weighted_round_robin,8,108,node-a,186729.0309727463,199.26142692565918,True
weighted_round_robin,8,108,node-c,88685.46915554702,72.6468563079834,True
weighted_round_robin,8,108,node-a,45161.31486765836,81.53510093688965,True
weighted_round_robin,8,108,node-b,110661.20268964091,92.97776222229004,True
weighted_round_robin,8,108,node-a,51817.24909582136,68.10307502746582,True
weighted_round_robin,8,108,node-c,209936.5413960211,267.2691345214844,True
weighted_round_robin,8,108,node-b,122448.5637753649,105.77797889709473,True
weighted_round_robin,8,108,node-a,71074.79361663973,98.10853004455566,True
weighted_round_robin,8,108,node-a,82617.22428839382,120.147705078125,True
weighted_round_robin,8,108,node-b,107137.58449906345,89.32828903198242,True
weighted_round_robin,8,108,node-c,84550.60316419441,94.13695335388184,True
weighted_round_robin,8,108,node-a,71254.6563944238,66.65802001953125,True
weighted_round_robin,8,108,node-b,296412.225795533,307.4958324432373,True
weighted_round_robin,8,108,node-a,86222.51240214321,100.94928741455078,True
weighted_round_robin,8,108,node-c,79779.47607442508,76.2948989868164,True
weighted_round_robin,8,108,node-a,39198.714083200706,70.02878189086914,True
weighted_round_robin,8,108,node-b,144564.0814591931,344.3021774291992,True
weighted_round_robin,8,108,node-a,133581.7341017173,124.56750869750977,True
weighted_round_robin,8,108,node-b,152968.1559013407,503.3907890319824,True
weighted_round_robin,8,108,node-c,68496.79074991058,67.26694107055664,True
weighted_round_robin,8,108,node-a,237016.5503856457,266.10851287841797,True
weighted_round_robin,8,108,node-b,65606.55940269509,288.35487365722656,True
weighted_round_robin,8,108,node-a,63185.0172820562,111.81068420410156,True
weighted_round_robin,8,108,node-c,102993.71761032214,84.76471900939941,True
weighted_round_robin,8,108,node-a,100473.50460378027,106.1410903930664,True
weighted_round_robin,8,108,node-b,160991.695703332,436.23971939086914,True
weighted_round_robin,8,108,node-a,429616.8247150419,445.16444206237793,True
weighted_round_robin,8,108,node-c,129124.58038226372,147.52578735351562,True
weighted_round_robin,8,108,node-b,250135.84131726628,495.0118064880371,True
weighted_round_robin,8,108,node-a,170087.96284450608,356.10485076904297,True
weighted_round_robin,8,108,node-a,83506.02963453183,241.6520118713379,True
weighted_round_robin,8,108,node-b,48829.259411521074,170.77875137329102,True
weighted_round_robin,8,108,node-c,100883.50879011954,101.19509696960449,True
weighted_round_robin,8,108,node-a,59084.452188815434,82.42249488830566,True
weighted_round_robin,8,108,node-b,71203.9552204561,62.5605583190918,True
weighted_round_robin,8,108,node-a,122647.09640316865,89.49708938598633,True
weighted_round_robin,8,108,node-c,85121.12383554054,104.40683364868164,True
weighted_round_robin,8,108,node-a,169447.2287795018,169.4967746734619,True
weighted_round_robin,8,108,node-b,38497.36443083221,49.71122741699219,True
weighted_round_robin,8,108,node-a,56943.0763673379,99.78032112121582,True
weighted_round_robin,8,108,node-b,416500.46034667763,385.3752613067627,True
weighted_round_robin,8,108,node-c,171272.03813522912,247.62415885925293,True
weighted_round_robin,8,108,node-a,125950.84774226099,98.9680290222168,True
weighted_round_robin,8,108,node-b,154732.2779935793,261.7659568786621,True
weighted_round_robin,8,108,node-a,53878.65615673885,56.404829025268555,True
weighted_round_robin,8,108,node-c,57972.454264712505,62.302350997924805,True
weighted_round_robin,8,108,node-a,166347.03400688752,125.67496299743652,True
weighted_round_robin,8,108,node-b,36007.282969133434,75.18458366394043,True
weighted_round_robin,8,108,node-a,140038.91175395864,114.2277717590332,True
weighted_round_robin,8,108,node-c,33674.53947726516,43.40553283691406,True
weighted_round_robin,8,108,node-b,206892.17907641837,183.17413330078125,True
weighted_round_robin,8,108,node-a,136711.69432850752,172.8522777557373,True
weighted_round_robin,8,108,node-a,94856.11316877595,156.29887580871582,True
weighted_round_robin,8,108,node-b,128403.5942748186,109.98201370239258,True
weighted_round_robin,8,108,node-c,121010.2453885044,96.68660163879395,True
weighted_round_robin,8,108,node-a,64262.19424089425,56.64205551147461,True
weighted_round_robin,8,108,node-b,51577.83726316009,47.568321228027344,True
weighted_round_robin,8,108,node-a,90454.74111403074,79.07652854919434,True
weighted_round_robin,8,108,node-c,134198.45795970148,118.68071556091309,True
weighted_round_robin,8,108,node-a,62556.356445099176,58.777570724487305,True
weighted_round_robin,8,108,node-b,112852.37305782043,88.31310272216797,True
weighted_round_robin,8,108,node-a,279221.91884390777,198.89569282531738,True
weighted_round_robin,8,108,node-b,97952.77955116522,79.36620712280273,True
weighted_round_robin,8,108,node-c,96328.05660296867,141.463041305542,True
weighted_round_robin,8,108,node-a,44966.39684225347,36.901235580444336,True
weighted_round_robin,8,108,node-b,225108.4130207902,176.8202781677246,True
weighted_round_robin,8,108,node-a,95174.25155741673,74.12028312683105,True
weighted_round_robin,8,108,node-c,85696.80698145994,72.49617576599121,True
weighted_round_robin,8,108,node-a,55749.7968278244,58.78734588623047,True
weighted_round_robin,8,108,node-b,184328.35023834748,151.74341201782227,True
weighted_round_robin,8,108,node-a,106819.71300316021,81.65931701660156,True
weighted_round_robin,8,108,node-c,128414.78762296072,137.01581954956055,True
weighted_round_robin,8,108,node-b,92085.36056945905,72.96061515808105,True
weighted_round_robin,8,108,node-a,58196.65662369866,59.48019027709961,True
weighted_round_robin,8,108,node-a,121510.80960347608,93.03402900695801,True
weighted_round_robin,8,108,node-b,130209.63960673034,96.84205055236816,True
weighted_round_robin,8,108,node-c,70466.43039647795,64.73612785339355,True
weighted_round_robin,8,108,node-a,69314.93370246966,65.76037406921387,True
weighted_round_robin,8,108,node-b,98918.50849934232,65.24968147277832,True
weighted_round_robin,8,108,node-a,84000.24059265679,66.57028198242188,True
weighted_round_robin,8,108,node-c,225015.24680944433,267.8534984588623,True
weighted_round_robin,8,108,node-a,321166.56302175927,251.47366523742676,True
weighted_round_robin,8,108,node-b,87177.47815176305,74.86891746520996,True
weighted_round_robin,8,108,node-a,72187.31664951879,112.40410804748535,True
weighted_round_robin,8,108,node-b,177454.57875848268,160.50195693969727,True
weighted_round_robin,8,108,node-c,131111.70194797026,153.7792682647705,True
weighted_round_robin,8,108,node-a,112276.79929337883,87.99624443054199,True
weighted_round_robin,8,108,node-b,102945.04375469704,78.43494415283203,True
weighted_round_robin,8,108,node-a,165502.8550092585,127.41708755493164,True
weighted_round_robin,8,108,node-c,123109.52544404389,137.4497413635254,True
weighted_round_robin,8,108,node-a,124482.01988118509,97.62954711914062,True
weighted_round_robin,8,108,node-b,149806.17297158448,150.97999572753906,True
weighted_round_robin,8,108,node-a,28538.290476068854,36.26608848571777,True
weighted_round_robin,8,108,node-c,117797.33229911086,102.03886032104492,True
weighted_round_robin,8,108,node-b,116719.77385836827,162.52517700195312,True
weighted_round_robin,8,108,node-a,97979.9921927423,96.62222862243652,True
weighted_round_robin,8,108,node-a,75886.57481121478,93.64104270935059,True
weighted_round_robin,8,108,node-b,44099.728848434475,34.37185287475586,True
weighted_round_robin,8,108,node-c,34666.814443458774,41.05806350708008,True
weighted_round_robin,8,108,node-a,87923.95020982322,75.1643180847168,True
weighted_round_robin,8,108,node-b,45421.47466296108,45.5784797668457,True
weighted_round_robin,8,108,node-a,217942.95615772562,200.66428184509277,True
weighted_round_robin,8,108,node-c,139368.64974403995,125.22125244140625,True
weighted_round_robin,8,108,node-a,94837.40244523503,125.50497055053711,True
weighted_round_robin,8,108,node-b,183096.7813346713,130.02753257751465,True
weighted_round_robin,8,108,node-a,125790.32785438266,99.10821914672852,True
weighted_round_robin,8,108,node-b,92400.86375182439,90.38496017456055,True
weighted_round_robin,8,108,node-c,228169.79775980578,593.8217639923096,True
weighted_round_robin,8,108,node-a,127039.94084362629,103.71637344360352,True
weighted_round_robin,8,108,node-b,116569.2702039958,94.13981437683105,True
weighted_round_robin,8,108,node-a,146172.86977471836,112.88833618164062,True
weighted_round_robin,8,108,node-c,140945.51573488946,463.7742042541504,True
weighted_round_robin,8,108,node-a,155766.94325708927,119.05479431152344,True
weighted_round_robin,8,108,node-b,90977.6642734762,86.46917343139648,True
ml_argmin_baseline,8,108,node-a,457099.2014548493,650.7136821746826,True
ml_argmin_baseline,8,108,node-b,108654.87753162398,132.33661651611328,True
ml_argmin_baseline,8,108,node-a,289791.9765234266,557.9962730407715,True
ml_argmin_baseline,8,108,node-b,58491.78241892933,119.90976333618164,True
ml_argmin_baseline,8,108,node-b,148711.92387020378,239.78281021118164,True
ml_argmin_baseline,8,108,node-a,182781.47618737305,493.15428733825684,True
ml_argmin_baseline,8,108,node-b,40765.938630947334,74.0199089050293,True
ml_argmin_baseline,8,108,node-a,93916.37948441067,106.45556449890137,True
ml_argmin_baseline,8,108,node-b,150015.97055655616,103.39999198913574,True
ml_argmin_baseline,8,108,node-a,371940.50343381986,399.9307155609131,True
ml_argmin_baseline,8,108,node-a,89170.66852261039,183.66456031799316,True
ml_argmin_baseline,8,108,node-a,169047.03733644204,750.9582042694092,True
ml_argmin_baseline,8,108,node-a,78861.40500630125,596.8341827392578,True
ml_argmin_baseline,8,108,node-a,176371.50131112844,577.869176864624,True
ml_argmin_baseline,8,108,node-a,375274.1723928852,1222.9254245758057,True
ml_argmin_baseline,8,108,node-a,228573.06230808384,732.8915596008301,True
ml_argmin_baseline,8,108,node-a,49115.19340850369,618.1440353393555,True
ml_argmin_baseline,8,108,node-b,58302.77538142349,75.20484924316406,True
ml_argmin_baseline,8,108,node-b,49607.385904351424,80.79934120178223,True
ml_argmin_baseline,8,108,node-b,83732.93656317041,142.40622520446777,True
ml_argmin_baseline,8,108,node-b,52119.57771917049,108.57081413269043,True
ml_argmin_baseline,8,108,node-a,314241.0282184244,632.7877044677734,True
ml_argmin_baseline,8,108,node-b,121247.3193408987,114.93945121765137,True
ml_argmin_baseline,8,108,node-a,366687.5870134119,774.9369144439697,True
ml_argmin_baseline,8,108,node-b,110513.47320200872,96.19450569152832,True
ml_argmin_baseline,8,108,node-b,120550.78423545838,528.6974906921387,True
ml_argmin_baseline,8,108,node-b,103736.08716295141,527.216911315918,True
ml_argmin_baseline,8,108,node-b,131550.2679346154,816.9662952423096,True
ml_argmin_baseline,8,108,node-b,141719.61649807086,797.9068756103516,True
ml_argmin_baseline,8,108,node-b,133348.5223868581,884.0024471282959,True
ml_argmin_baseline,8,108,node-b,81906.7400655071,757.5986385345459,True
ml_argmin_baseline,8,108,node-b,61457.183823510306,872.9450702667236,True
ml_argmin_baseline,8,108,node-b,120438.19503011576,1418.3681011199951,True
ml_argmin_baseline,8,108,node-a,180567.44586457082,446.67601585388184,True
ml_argmin_baseline,8,108,node-b,151214.51554839307,1135.216236114502,True
ml_argmin_baseline,8,108,node-b,63778.28281801792,623.6937046051025,True
ml_argmin_baseline,8,108,node-a,186729.0309727463,133.8024139404297,True
ml_argmin_baseline,8,108,node-b,88685.46915554702,862.1957302093506,True
ml_argmin_baseline,8,108,node-b,45161.31486765836,738.1041049957275,True
ml_argmin_baseline,8,108,node-b,110661.20268964091,712.1913433074951,True
ml_argmin_baseline,8,108,node-b,51817.24909582136,697.8600025177002,True
ml_argmin_baseline,8,108,node-a,209936.5413960211,248.6708164215088,True
ml_argmin_baseline,8,108,node-a,122448.5637753649,172.76597023010254,True
ml_argmin_baseline,8,108,node-c,71074.79361663973,250.55289268493652,True
ml_argmin_baseline,8,108,node-c,82617.22428839382,334.8429203033447,True
ml_argmin_baseline,8,108,node-a,107137.58449906345,84.61928367614746,True
ml_argmin_baseline,8,108,node-c,84550.60316419441,423.40588569641113,True
ml_argmin_baseline,8,108,node-c,71254.6563944238,384.2473030090332,True
ml_argmin_baseline,8,108,node-b,296412.225795533,343.1048393249512,True
ml_argmin_baseline,8,108,node-a,86222.51240214321,97.68557548522949,True
ml_argmin_baseline,8,108,node-a,79779.47607442508,191.77579879760742,True
ml_argmin_baseline,8,108,node-a,39198.714083200706,116.62149429321289,True
ml_argmin_baseline,8,108,node-a,144564.0814591931,257.4150562286377,True
ml_argmin_baseline,8,108,node-a,133581.7341017173,290.6231880187988,True
ml_argmin_baseline,8,108,node-b,152968.1559013407,291.8210029602051,True
ml_argmin_baseline,8,108,node-b,68496.79074991058,172.7912425994873,True
ml_argmin_baseline,8,108,node-a,237016.5503856457,367.7341938018799,True
ml_argmin_baseline,8,108,node-c,65606.55940269509,61.107635498046875,True
ml_argmin_baseline,8,108,node-c,63185.0172820562,58.36176872253418,True
ml_argmin_baseline,8,108,node-c,102993.71761032214,87.22043037414551,True
ml_argmin_baseline,8,108,node-b,100473.50460378027,136.0609531402588,True
ml_argmin_baseline,8,108,node-b,160991.695703332,307.4920177459717,True
ml_argmin_baseline,8,108,node-b,429616.8247150419,910.3779792785645,True
ml_argmin_baseline,8,108,node-b,129124.58038226372,629.9841403961182,True
ml_argmin_baseline,8,108,node-a,250135.84131726628,201.2350559234619,True
ml_argmin_baseline,8,108,node-a,170087.96284450608,184.10754203796387,True
ml_argmin_baseline,8,108,node-b,83506.02963453183,596.3141918182373,True
ml_argmin_baseline,8,108,node-b,48829.259411521074,548.1183528900146,True
ml_argmin_baseline,8,108,node-c,100883.50879011954,97.49960899353027,True
ml_argmin_baseline,8,108,node-c,59084.452188815434,106.63366317749023,True
ml_argmin_baseline,8,108,node-c,71203.9552204561,55.917978286743164,True
ml_argmin_baseline,8,108,node-c,122647.09640316865,197.3285675048828,True
ml_argmin_baseline,8,108,node-c,85121.12383554054,92.6356315612793,True
ml_argmin_baseline,8,108,node-a,169447.2287795018,158.90026092529297,True
ml_argmin_baseline,8,108,node-c,38497.36443083221,162.6722812652588,True
ml_argmin_baseline,8,108,node-c,56943.0763673379,196.16460800170898,True
ml_argmin_baseline,8,108,node-a,416500.46034667763,338.7637138366699,True
ml_argmin_baseline,8,108,node-b,171272.03813522912,249.09043312072754,True
ml_argmin_baseline,8,108,node-b,125950.84774226099,269.0620422363281,True
ml_argmin_baseline,8,108,node-b,154732.2779935793,284.41333770751953,True
ml_argmin_baseline,8,108,node-b,53878.65615673885,203.48691940307617,True
ml_argmin_baseline,8,108,node-c,57972.454264712505,40.238142013549805,True
ml_argmin_baseline,8,108,node-c,166347.03400688752,493.1483268737793,True
ml_argmin_baseline,8,108,node-c,36007.282969133434,253.85713577270508,True
ml_argmin_baseline,8,108,node-a,140038.91175395864,94.18582916259766,True
ml_argmin_baseline,8,108,node-c,33674.53947726516,209.45096015930176,True
ml_argmin_baseline,8,108,node-a,206892.17907641837,155.40122985839844,True
ml_argmin_baseline,8,108,node-a,136711.69432850752,210.79587936401367,True
ml_argmin_baseline,8,108,node-a,94856.11316877595,194.0293312072754,True
ml_argmin_baseline,8,108,node-a,128403.5942748186,394.8795795440674,True
ml_argmin_baseline,8,108,node-a,121010.2453885044,359.39717292785645,True
ml_argmin_baseline,8,108,node-a,64262.19424089425,174.00765419006348,True
ml_argmin_baseline,8,108,node-a,51577.83726316009,228.71828079223633,True
ml_argmin_baseline,8,108,node-c,90454.74111403074,71.89083099365234,True
ml_argmin_baseline,8,108,node-c,134198.45795970148,518.324613571167,True
ml_argmin_baseline,8,108,node-c,62556.356445099176,344.6075916290283,True
ml_argmin_baseline,8,108,node-c,112852.37305782043,496.4864253997803,True
ml_argmin_baseline,8,108,node-a,279221.91884390777,195.05023956298828,True
ml_argmin_baseline,8,108,node-c,97952.77955116522,497.8501796722412,True
ml_argmin_baseline,8,108,node-c,96328.05660296867,555.3483963012695,True
ml_argmin_baseline,8,108,node-b,44966.39684225347,33.8747501373291,True
ml_argmin_baseline,8,108,node-a,225108.4130207902,157.00078010559082,True
ml_argmin_baseline,8,108,node-b,95174.25155741673,107.92040824890137,True
ml_argmin_baseline,8,108,node-b,85696.80698145994,91.36438369750977,True
ml_argmin_baseline,8,108,node-b,55749.7968278244,52.7193546295166,True
ml_argmin_baseline,8,108,node-a,184328.35023834748,137.46166229248047,True
ml_argmin_baseline,8,108,node-c,106819.71300316021,84.4118595123291,True
ml_argmin_baseline,8,108,node-c,128414.78762296072,227.72622108459473,True
ml_argmin_baseline,8,108,node-c,92085.36056945905,528.2247066497803,True
ml_argmin_baseline,8,108,node-c,58196.65662369866,517.9855823516846,True
ml_argmin_baseline,8,108,node-c,121510.80960347608,547.7066040039062,True
ml_argmin_baseline,8,108,node-a,130209.63960673034,97.78904914855957,True
ml_argmin_baseline,8,108,node-b,70466.43039647795,81.08663558959961,True
ml_argmin_baseline,8,108,node-b,69314.93370246966,165.17233848571777,True
ml_argmin_baseline,8,108,node-b,98918.50849934232,164.12067413330078,True
ml_argmin_baseline,8,108,node-b,84000.24059265679,162.79959678649902,True
ml_argmin_baseline,8,108,node-a,225015.24680944433,295.22204399108887,True
ml_argmin_baseline,8,108,node-a,321166.56302175927,394.3476676940918,True
ml_argmin_baseline,8,108,node-c,87177.47815176305,101.70936584472656,True
ml_argmin_baseline,8,108,node-b,72187.31664951879,69.84305381774902,True
ml_argmin_baseline,8,108,node-b,177454.57875848268,236.54842376708984,True
ml_argmin_baseline,8,108,node-b,131111.70194797026,260.3123188018799,True
ml_argmin_baseline,8,108,node-a,112276.79929337883,90.0261402130127,True
ml_argmin_baseline,8,108,node-c,102945.04375469704,93.51015090942383,True
ml_argmin_baseline,8,108,node-c,165502.8550092585,297.44625091552734,True
ml_argmin_baseline,8,108,node-a,123109.52544404389,104.73346710205078,True
ml_argmin_baseline,8,108,node-b,124482.01988118509,119.58909034729004,True
ml_argmin_baseline,8,108,node-b,149806.17297158448,229.15339469909668,True
ml_argmin_baseline,8,108,node-b,28538.290476068854,142.86184310913086,True
ml_argmin_baseline,8,108,node-a,117797.33229911086,118.69645118713379,True
ml_argmin_baseline,8,108,node-a,116719.77385836827,157.38773345947266,True
ml_argmin_baseline,8,108,node-c,97979.9921927423,142.43531227111816,True
ml_argmin_baseline,8,108,node-c,75886.57481121478,180.18221855163574,True
ml_argmin_baseline,8,108,node-c,44099.728848434475,193.0563449859619,True
ml_argmin_baseline,8,108,node-c,34666.814443458774,194.30279731750488,True
ml_argmin_baseline,8,108,node-b,87923.95020982322,109.99631881713867,True
ml_argmin_baseline,8,108,node-b,45421.47466296108,86.4865779876709,True
ml_argmin_baseline,8,108,node-a,217942.95615772562,160.75873374938965,True
ml_argmin_baseline,8,108,node-c,139368.64974403995,220.3667163848877,True
ml_argmin_baseline,8,108,node-c,94837.40244523503,361.6514205932617,True
ml_argmin_baseline,8,108,node-c,183096.7813346713,914.7055149078369,True
ml_argmin_baseline,8,108,node-c,125790.32785438266,726.5951633453369,True
ml_argmin_baseline,8,108,node-c,92400.86375182439,638.7283802032471,True
ml_argmin_baseline,8,108,node-b,228169.79775980578,361.21153831481934,True
ml_argmin_baseline,8,108,node-b,127039.94084362629,314.7118091583252,True
ml_argmin_baseline,8,108,node-a,116569.2702039958,188.0486011505127,True
ml_argmin_baseline,8,108,node-a,146172.86977471836,220.02339363098145,True
ml_argmin_baseline,8,108,node-a,140945.51573488946,373.80242347717285,True
ml_argmin_baseline,8,108,node-a,155766.94325708927,358.4401607513428,True
ml_argmin_baseline,8,108,node-a,90977.6642734762,303.38311195373535,True
ml_softmax_propuesto,8,108,node-a,457099.2014548493,628.7879943847656,True
ml_softmax_propuesto,8,108,node-c,108654.87753162398,226.02367401123047,True
ml_softmax_propuesto,8,108,node-a,289791.9765234266,527.275562286377,True
ml_softmax_propuesto,8,108,node-c,58491.78241892933,196.88868522644043,True
ml_softmax_propuesto,8,108,node-a,148711.92387020378,355.9558391571045,True
ml_softmax_propuesto,8,108,node-b,182781.47618737305,169.51370239257812,True
ml_softmax_propuesto,8,108,node-c,40765.938630947334,60.93573570251465,True
ml_softmax_propuesto,8,108,node-c,93916.37948441067,81.3899040222168,True
ml_softmax_propuesto,8,108,node-b,150015.97055655616,178.208589553833,True
ml_softmax_propuesto,8,108,node-b,371940.50343381986,550.4672527313232,True
ml_softmax_propuesto,8,108,node-c,89170.66852261039,166.75043106079102,True
ml_softmax_propuesto,8,108,node-c,169047.03733644204,698.4908580780029,True
ml_softmax_propuesto,8,108,node-c,78861.40500630125,672.4066734313965,True
ml_softmax_propuesto,8,108,node-a,176371.50131112844,235.16583442687988,True
ml_softmax_propuesto,8,108,node-a,375274.1723928852,631.9315433502197,True
ml_softmax_propuesto,8,108,node-a,228573.06230808384,738.3480072021484,True
ml_softmax_propuesto,8,108,node-a,49115.19340850369,300.2171516418457,True
ml_softmax_propuesto,8,108,node-a,58302.77538142349,245.42784690856934,True
ml_softmax_propuesto,8,108,node-a,49607.385904351424,178.53522300720215,True
ml_softmax_propuesto,8,108,node-a,83732.93656317041,296.1461544036865,True
ml_softmax_propuesto,8,108,node-b,52119.57771917049,37.12821006774902,True
ml_softmax_propuesto,8,108,node-b,314241.0282184244,415.47513008117676,True
ml_softmax_propuesto,8,108,node-b,121247.3193408987,335.00194549560547,True
ml_softmax_propuesto,8,108,node-a,366687.5870134119,332.69429206848145,True
ml_softmax_propuesto,8,108,node-c,110513.47320200872,190.81425666809082,True
ml_softmax_propuesto,8,108,node-c,120550.78423545838,763.2668018341064,True
ml_softmax_propuesto,8,108,node-c,103736.08716295141,611.6123199462891,True
ml_softmax_propuesto,8,108,node-a,131550.2679346154,291.51463508605957,True
ml_softmax_propuesto,8,108,node-b,141719.61649807086,201.7078399658203,True
ml_softmax_propuesto,8,108,node-a,133348.5223868581,328.39226722717285,True
ml_softmax_propuesto,8,108,node-c,81906.7400655071,467.5862789154053,True
ml_softmax_propuesto,8,108,node-c,61457.183823510306,657.2799682617188,True
ml_softmax_propuesto,8,108,node-c,120438.19503011576,822.5336074829102,True
ml_softmax_propuesto,8,108,node-a,180567.44586457082,312.4580383300781,True
ml_softmax_propuesto,8,108,node-a,151214.51554839307,112.41531372070312,True
ml_softmax_propuesto,8,108,node-b,63778.28281801792,59.75079536437988,True
ml_softmax_propuesto,8,108,node-a,186729.0309727463,253.5383701324463,True
ml_softmax_propuesto,8,108,node-a,88685.46915554702,174.91555213928223,True
ml_softmax_propuesto,8,108,node-a,45161.31486765836,197.09324836730957,True
ml_softmax_propuesto,8,108,node-a,110661.20268964091,277.07529067993164,True
ml_softmax_propuesto,8,108,node-b,51817.24909582136,54.219722747802734,True
ml_softmax_propuesto,8,108,node-a,209936.5413960211,306.102991104126,True
ml_softmax_propuesto,8,108,node-c,122448.5637753649,115.05627632141113,True
ml_softmax_propuesto,8,108,node-b,71074.79361663973,68.38274002075195,True
ml_softmax_propuesto,8,108,node-b,82617.22428839382,138.7033462524414,True
ml_softmax_propuesto,8,108,node-b,107137.58449906345,224.8680591583252,True
ml_softmax_propuesto,8,108,node-c,84550.60316419441,88.6695384979248,True
ml_softmax_propuesto,8,108,node-b,71254.6563944238,157.74869918823242,True
ml_softmax_propuesto,8,108,node-a,296412.225795533,230.55171966552734,True
ml_softmax_propuesto,8,108,node-c,86222.51240214321,100.1729965209961,True
ml_softmax_propuesto,8,108,node-b,79779.47607442508,89.88690376281738,True
ml_softmax_propuesto,8,108,node-b,39198.714083200706,97.02801704406738,True
ml_softmax_propuesto,8,108,node-b,144564.0814591931,229.5393943786621,True
ml_softmax_propuesto,8,108,node-a,133581.7341017173,212.2213840484619,True
ml_softmax_propuesto,8,108,node-a,152968.1559013407,186.19418144226074,True
ml_softmax_propuesto,8,108,node-a,68496.79074991058,227.1411418914795,True
ml_softmax_propuesto,8,108,node-a,237016.5503856457,529.4098854064941,True
ml_softmax_propuesto,8,108,node-c,65606.55940269509,48.123836517333984,True
ml_softmax_propuesto,8,108,node-a,63185.0172820562,164.15953636169434,True
ml_softmax_propuesto,8,108,node-b,102993.71761032214,147.7494239807129,True
ml_softmax_propuesto,8,108,node-b,100473.50460378027,222.70846366882324,True
ml_softmax_propuesto,8,108,node-a,160991.695703332,220.59893608093262,True
ml_softmax_propuesto,8,108,node-b,429616.8247150419,1152.6780128479004,True
ml_softmax_propuesto,8,108,node-b,129124.58038226372,543.6408519744873,True
ml_softmax_propuesto,8,108,node-b,250135.84131726628,877.4893283843994,True
ml_softmax_propuesto,8,108,node-a,170087.96284450608,125.50497055053711,True
ml_softmax_propuesto,8,108,node-b,83506.02963453183,507.86566734313965,True
ml_softmax_propuesto,8,108,node-b,48829.259411521074,579.0860652923584,True
ml_softmax_propuesto,8,108,node-c,100883.50879011954,96.55189514160156,True
ml_softmax_propuesto,8,108,node-c,59084.452188815434,104.34532165527344,True
ml_softmax_propuesto,8,108,node-a,71203.9552204561,63.71569633483887,True
ml_softmax_propuesto,8,108,node-a,122647.09640316865,93.79720687866211,True
ml_softmax_propuesto,8,108,node-a,85121.12383554054,120.6824779510498,True
ml_softmax_propuesto,8,108,node-a,169447.2287795018,206.12812042236328,True
ml_softmax_propuesto,8,108,node-b,38497.36443083221,127.44760513305664,True
ml_softmax_propuesto,8,108,node-a,56943.0763673379,186.07616424560547,True
ml_softmax_propuesto,8,108,node-a,416500.46034667763,539.3276214599609,True
ml_softmax_propuesto,8,108,node-c,171272.03813522912,241.00732803344727,True
ml_softmax_propuesto,8,108,node-a,125950.84774226099,281.130313873291,True
ml_softmax_propuesto,8,108,node-b,154732.2779935793,264.33372497558594,True
ml_softmax_propuesto,8,108,node-b,53878.65615673885,106.25696182250977,True
ml_softmax_propuesto,8,108,node-b,57972.454264712505,227.48184204101562,True
ml_softmax_propuesto,8,108,node-b,166347.03400688752,414.7932529449463,True
ml_softmax_propuesto,8,108,node-b,36007.282969133434,449.7652053833008,True
ml_softmax_propuesto,8,108,node-c,140038.91175395864,204.10680770874023,True
ml_softmax_propuesto,8,108,node-c,33674.53947726516,83.56118202209473,True
ml_softmax_propuesto,8,108,node-b,206892.17907641837,475.97789764404297,True
ml_softmax_propuesto,8,108,node-c,136711.69432850752,401.0443687438965,True
ml_softmax_propuesto,8,108,node-c,94856.11316877595,391.5095329284668,True
ml_softmax_propuesto,8,108,node-a,128403.5942748186,146.2852954864502,True
ml_softmax_propuesto,8,108,node-a,121010.2453885044,144.1059112548828,True
ml_softmax_propuesto,8,108,node-a,64262.19424089425,94.30265426635742,True
ml_softmax_propuesto,8,108,node-a,51577.83726316009,102.96320915222168,True
ml_softmax_propuesto,8,108,node-a,90454.74111403074,77.97002792358398,True
ml_softmax_propuesto,8,108,node-a,134198.45795970148,115.96322059631348,True
ml_softmax_propuesto,8,108,node-b,62556.356445099176,57.79218673706055,True
ml_softmax_propuesto,8,108,node-a,112852.37305782043,113.43145370483398,True
ml_softmax_propuesto,8,108,node-a,279221.91884390777,256.1943531036377,True
ml_softmax_propuesto,8,108,node-b,97952.77955116522,151.2761116027832,True
ml_softmax_propuesto,8,108,node-b,96328.05660296867,213.01722526550293,True
ml_softmax_propuesto,8,108,node-b,44966.39684225347,139.2672061920166,True
ml_softmax_propuesto,8,108,node-a,225108.4130207902,177.40726470947266,True
ml_softmax_propuesto,8,108,node-b,95174.25155741673,83.72044563293457,True
ml_softmax_propuesto,8,108,node-c,85696.80698145994,78.25613021850586,True
ml_softmax_propuesto,8,108,node-b,55749.7968278244,39.725303649902344,True
ml_softmax_propuesto,8,108,node-a,184328.35023834748,139.5280361175537,True
ml_softmax_propuesto,8,108,node-a,106819.71300316021,91.32599830627441,True
ml_softmax_propuesto,8,108,node-b,128414.78762296072,140.43283462524414,True
ml_softmax_propuesto,8,108,node-c,92085.36056945905,114.81547355651855,True
ml_softmax_propuesto,8,108,node-b,58196.65662369866,115.50164222717285,True
ml_softmax_propuesto,8,108,node-a,121510.80960347608,92.69189834594727,True
ml_softmax_propuesto,8,108,node-a,130209.63960673034,99.34210777282715,True
ml_softmax_propuesto,8,108,node-b,70466.43039647795,75.62088966369629,True
ml_softmax_propuesto,8,108,node-b,69314.93370246966,87.20588684082031,True
ml_softmax_propuesto,8,108,node-a,98918.50849934232,83.41670036315918,True
ml_softmax_propuesto,8,108,node-a,84000.24059265679,77.32176780700684,True
ml_softmax_propuesto,8,108,node-a,225015.24680944433,167.27423667907715,True
ml_softmax_propuesto,8,108,node-b,321166.56302175927,464.43843841552734,True
ml_softmax_propuesto,8,108,node-b,87177.47815176305,184.61275100708008,True
ml_softmax_propuesto,8,108,node-b,72187.31664951879,281.8949222564697,True
ml_softmax_propuesto,8,108,node-a,177454.57875848268,237.19525337219238,True
ml_softmax_propuesto,8,108,node-a,131111.70194797026,203.4132480621338,True
ml_softmax_propuesto,8,108,node-c,112276.79929337883,140.45095443725586,True
ml_softmax_propuesto,8,108,node-c,102945.04375469704,271.21973037719727,True
ml_softmax_propuesto,8,108,node-a,165502.8550092585,192.81649589538574,True
ml_softmax_propuesto,8,108,node-a,123109.52544404389,163.15555572509766,True
ml_softmax_propuesto,8,108,node-a,124482.01988118509,126.93166732788086,True
ml_softmax_propuesto,8,108,node-a,149806.17297158448,213.34600448608398,True
ml_softmax_propuesto,8,108,node-a,28538.290476068854,94.63381767272949,True
ml_softmax_propuesto,8,108,node-a,117797.33229911086,201.32994651794434,True
ml_softmax_propuesto,8,108,node-b,116719.77385836827,150.01678466796875,True
ml_softmax_propuesto,8,108,node-b,97979.9921927423,193.42827796936035,True
ml_softmax_propuesto,8,108,node-b,75886.57481121478,187.85643577575684,True
ml_softmax_propuesto,8,108,node-a,44099.728848434475,59.31282043457031,True
ml_softmax_propuesto,8,108,node-a,34666.814443458774,42.2053337097168,True
ml_softmax_propuesto,8,108,node-a,87923.95020982322,107.17058181762695,True
ml_softmax_propuesto,8,108,node-a,45421.47466296108,49.73793029785156,True
ml_softmax_propuesto,8,108,node-a,217942.95615772562,269.6385383605957,True
ml_softmax_propuesto,8,108,node-a,139368.64974403995,325.27947425842285,True
ml_softmax_propuesto,8,108,node-a,94837.40244523503,291.60308837890625,True
ml_softmax_propuesto,8,108,node-a,183096.7813346713,352.0987033843994,True
ml_softmax_propuesto,8,108,node-a,125790.32785438266,446.84672355651855,True
ml_softmax_propuesto,8,108,node-b,92400.86375182439,81.21156692504883,True
ml_softmax_propuesto,8,108,node-a,228169.79775980578,538.3017063140869,True
ml_softmax_propuesto,8,108,node-c,127039.94084362629,145.0650691986084,True
ml_softmax_propuesto,8,108,node-a,116569.2702039958,296.50115966796875,True
ml_softmax_propuesto,8,108,node-b,146172.86977471836,124.11832809448242,True
ml_softmax_propuesto,8,108,node-a,140945.51573488946,417.57750511169434,True
ml_softmax_propuesto,8,108,node-a,155766.94325708927,398.3154296875,True
ml_softmax_propuesto,8,108,node-c,90977.6642734762,108.15286636352539,True
round_robin,9,109,node-a,160623.3070976735,122.06363677978516,True
round_robin,9,109,node-b,185191.45631424914,166.2299633026123,True
round_robin,9,109,node-c,105941.97740535307,95.22247314453125,True
round_robin,9,109,node-a,56268.42006524555,52.026987075805664,True
round_robin,9,109,node-b,154113.88355504654,118.31951141357422,True
round_robin,9,109,node-c,128673.63047308617,167.5398349761963,True
round_robin,9,109,node-a,94159.11884544206,79.91623878479004,True
round_robin,9,109,node-b,103156.57038685791,85.67333221435547,True
round_robin,9,109,node-c,94613.09300585472,76.30634307861328,True
round_robin,9,109,node-a,123265.76789401069,98.02937507629395,True
round_robin,9,109,node-b,119178.49493307184,90.4238224029541,True
round_robin,9,109,node-c,68210.71834079271,49.03841018676758,True
round_robin,9,109,node-a,109446.2352676424,74.79119300842285,True
round_robin,9,109,node-b,76240.97588671077,65.4745101928711,True
round_robin,9,109,node-c,56959.29225465832,64.17012214660645,True
round_robin,9,109,node-a,101789.19142360169,68.99523735046387,True
round_robin,9,109,node-b,167009.15169842693,149.31464195251465,True
round_robin,9,109,node-c,126992.5607927004,155.23529052734375,True
round_robin,9,109,node-a,129646.48713731884,98.00553321838379,True
round_robin,9,109,node-b,214184.67459615998,186.49888038635254,True
round_robin,9,109,node-c,143670.82692979404,219.48575973510742,True
round_robin,9,109,node-a,113384.89265722812,91.50815010070801,True
round_robin,9,109,node-b,99988.80029871283,78.94420623779297,True
round_robin,9,109,node-c,221089.07121028163,275.00081062316895,True
round_robin,9,109,node-a,87217.52018851979,75.09350776672363,True
round_robin,9,109,node-b,88616.99686057042,74.53417778015137,True
round_robin,9,109,node-c,159351.36397019285,714.6997451782227,True
round_robin,9,109,node-a,176472.60076793472,203.0646800994873,True
round_robin,9,109,node-b,66325.72670058753,60.61553955078125,True
round_robin,9,109,node-c,153859.98100224158,669.142484664917,True
round_robin,9,109,node-a,107120.59080389357,168.18475723266602,True
round_robin,9,109,node-b,120471.99942969448,105.94296455383301,True
round_robin,9,109,node-c,96800.57990559765,501.71399116516113,True
round_robin,9,109,node-a,108706.1905876861,164.39414024353027,True
round_robin,9,109,node-b,213449.83994710344,237.10894584655762,True
round_robin,9,109,node-c,148796.24505947874,1076.4586925506592,True
round_robin,9,109,node-a,82316.2966022876,71.97928428649902,True
round_robin,9,109,node-b,94621.6855284113,243.1490421295166,True
round_robin,9,109,node-c,66570.20164249155,739.2537593841553,True
round_robin,9,109,node-a,43991.67031611003,32.094478607177734,True
round_robin,9,109,node-b,82353.40550565803,265.6586170196533,True
round_robin,9,109,node-c,163458.3672959885,1172.5172996520996,True
round_robin,9,109,node-a,148727.17862663345,110.33964157104492,True
round_robin,9,109,node-b,71278.58105617375,63.272714614868164,True
round_robin,9,109,node-c,338718.3060582721,2089.369535446167,True
round_robin,9,109,node-a,175773.17002175507,125.43654441833496,True
round_robin,9,109,node-b,81959.52819490744,65.70315361022949,True
round_robin,9,109,node-c,113929.80084236404,927.9570579528809,True
round_robin,9,109,node-a,117170.52195724857,91.14909172058105,True
round_robin,9,109,node-b,95841.77217053443,80.16824722290039,True
round_robin,9,109,node-c,230577.54453927398,1341.5288925170898,True
round_robin,9,109,node-a,255637.11033300182,171.21529579162598,True
round_robin,9,109,node-b,111273.77941724868,86.1215591430664,True
round_robin,9,109,node-c,140411.49496812935,1225.5761623382568,True
round_robin,9,109,node-a,135315.04714394305,131.99925422668457,True
round_robin,9,109,node-b,96652.92230669866,79.07652854919434,True
round_robin,9,109,node-c,63328.387035853004,556.535005569458,True
round_robin,9,109,node-a,59576.727835912694,57.799577713012695,True
round_robin,9,109,node-b,128001.59718506841,113.18254470825195,True
round_robin,9,109,node-c,118438.09421382067,930.2768707275391,True
round_robin,9,109,node-a,110771.2394872435,84.95378494262695,True
round_robin,9,109,node-b,115743.57624196506,150.54965019226074,True
round_robin,9,109,node-c,123254.60625773545,1448.8000869750977,True
round_robin,9,109,node-a,90780.13882478056,86.47465705871582,True
round_robin,9,109,node-b,46726.603807554624,55.91893196105957,True
round_robin,9,109,node-c,41980.61880796276,740.2889728546143,True
round_robin,9,109,node-a,178829.65849659612,126.39522552490234,True
round_robin,9,109,node-b,108346.1519171535,90.27361869812012,True
round_robin,9,109,node-c,55683.07252623489,625.9615421295166,True
round_robin,9,109,node-a,72201.95454769797,59.97610092163086,True
round_robin,9,109,node-b,129821.78051698294,127.99787521362305,True
round_robin,9,109,node-c,215935.29455416006,1482.0823669433594,True
round_robin,9,109,node-a,183577.33308421524,181.0448169708252,True
round_robin,9,109,node-b,127868.77283988013,114.28380012512207,True
round_robin,9,109,node-c,125405.31379711351,917.5305366516113,True
round_robin,9,109,node-a,61879.61581518104,101.01008415222168,True
round_robin,9,109,node-b,116415.97907705016,154.5727252960205,True
round_robin,9,109,node-c,79767.31925796384,1078.4852504730225,True
round_robin,9,109,node-a,108824.8983274158,87.47553825378418,True
round_robin,9,109,node-b,47650.128910301886,54.30412292480469,True
round_robin,9,109,node-c,128656.66188335637,1421.3922023773193,True
round_robin,9,109,node-a,80783.64675518057,69.69952583312988,True
round_robin,9,109,node-b,154972.61019453016,153.55634689331055,True
round_robin,9,109,node-c,48757.56430880163,1206.37845993042,True
round_robin,9,109,node-a,137763.84560483447,105.54862022399902,True
round_robin,9,109,node-b,109378.01874689547,85.57629585266113,True
round_robin,9,109,node-c,73538.00089347303,1110.6750965118408,True
round_robin,9,109,node-a,116866.74975263522,93.70589256286621,True
round_robin,9,109,node-b,68622.11490636169,59.46183204650879,True
round_robin,9,109,node-c,180567.46613802956,1213.0038738250732,True
round_robin,9,109,node-a,45410.1690746242,33.68330001831055,True
round_robin,9,109,node-b,343251.8741542953,300.6412982940674,True
round_robin,9,109,node-c,61937.82666022358,744.8832988739014,True
round_robin,9,109,node-a,46753.30717913605,45.064687728881836,True
round_robin,9,109,node-b,38258.24646603997,44.52824592590332,True
round_robin,9,109,node-c,119098.40563722733,632.0176124572754,True
round_robin,9,109,node-a,79941.76757199115,54.7635555267334,True
round_robin,9,109,node-b,57407.315626646465,57.46769905090332,True
round_robin,9,109,node-c,56856.801947037595,480.35192489624023,True
round_robin,9,109,node-a,46022.47189110712,45.5477237701416,True
round_robin,9,109,node-b,119735.54132444177,89.40625190734863,True
round_robin,9,109,node-c,111382.35104241568,382.5669288635254,True
round_robin,9,109,node-a,111446.6632357765,93.03784370422363,True
round_robin,9,109,node-b,44795.835460737464,48.98977279663086,True
round_robin,9,109,node-c,111794.12549585075,709.0988159179688,True
round_robin,9,109,node-a,69184.46281085053,57.99555778503418,True
round_robin,9,109,node-b,92701.76146515748,75.83999633789062,True
round_robin,9,109,node-c,62816.94381112149,386.3546848297119,True
round_robin,9,109,node-a,118284.55334064533,94.6648120880127,True
round_robin,9,109,node-b,169087.30887554388,233.82568359375,True
round_robin,9,109,node-c,91707.36553694017,559.8275661468506,True
round_robin,9,109,node-a,112830.50074636687,93.56164932250977,True
round_robin,9,109,node-b,94022.29442800058,192.37208366394043,True
round_robin,9,109,node-c,60008.33410601452,374.251127243042,True
round_robin,9,109,node-a,111628.03507746161,84.52630043029785,True
round_robin,9,109,node-b,63534.687929742184,126.37758255004883,True
round_robin,9,109,node-c,103405.01989983348,488.1727695465088,True
round_robin,9,109,node-a,138360.63807794813,101.85861587524414,True
round_robin,9,109,node-b,199654.03549688734,181.22005462646484,True
round_robin,9,109,node-c,66873.74057119827,195.44148445129395,True
round_robin,9,109,node-a,162647.6701057043,106.60195350646973,True
round_robin,9,109,node-b,231280.29286144304,184.62324142456055,True
round_robin,9,109,node-c,115083.82978329915,135.09225845336914,True
round_robin,9,109,node-a,121853.36783633078,92.70787239074707,True
round_robin,9,109,node-b,139266.69895053515,141.63899421691895,True
round_robin,9,109,node-c,139229.057426835,256.2754154205322,True
round_robin,9,109,node-a,97094.94366083656,83.42194557189941,True
round_robin,9,109,node-b,140094.02151818422,130.07211685180664,True
round_robin,9,109,node-c,28226.3934418339,38.58017921447754,True
round_robin,9,109,node-a,57333.93323404431,57.489871978759766,True
round_robin,9,109,node-b,98176.28806520092,99.20120239257812,True
round_robin,9,109,node-c,174422.2213334707,277.376651763916,True
round_robin,9,109,node-a,58612.14129501042,51.98931694030762,True
round_robin,9,109,node-b,56570.98097858549,49.88574981689453,True
round_robin,9,109,node-c,69338.16247416635,157.41634368896484,True
round_robin,9,109,node-a,141426.33583367284,107.14983940124512,True
round_robin,9,109,node-b,63167.46685285235,56.37764930725098,True
round_robin,9,109,node-c,141846.25845424188,152.3134708404541,True
round_robin,9,109,node-a,247837.16321428044,169.4803237915039,True
round_robin,9,109,node-b,120186.29553823727,96.17280960083008,True
round_robin,9,109,node-c,208924.2508448561,264.59693908691406,True
round_robin,9,109,node-a,166483.83296863764,132.39383697509766,True
round_robin,9,109,node-b,242262.61022298015,236.35625839233398,True
round_robin,9,109,node-c,84987.6270478429,131.88457489013672,True
round_robin,9,109,node-a,70944.56922026032,60.57906150817871,True
round_robin,9,109,node-b,170906.8473704851,180.18460273742676,True
round_robin,9,109,node-c,250219.14330566383,447.314977645874,True
round_robin,9,109,node-a,82635.15056887308,73.59457015991211,True
round_robin,9,109,node-b,154436.64485245832,199.27525520324707,True
round_robin,9,109,node-c,68906.05979561794,316.9238567352295,True
weighted_round_robin,9,109,node-a,160623.3070976735,103.20210456848145,True
weighted_round_robin,9,109,node-b,185191.45631424914,156.97669982910156,True
weighted_round_robin,9,109,node-c,105941.97740535307,143.11552047729492,True
weighted_round_robin,9,109,node-a,56268.42006524555,46.53334617614746,True
weighted_round_robin,9,109,node-b,154113.88355504654,140.87915420532227,True
weighted_round_robin,9,109,node-a,128673.63047308617,99.8680591583252,True
weighted_round_robin,9,109,node-c,94159.11884544206,130.03897666931152,True
weighted_round_robin,9,109,node-a,103156.57038685791,80.39188385009766,True
weighted_round_robin,9,109,node-b,94613.09300585472,113.5861873626709,True
weighted_round_robin,9,109,node-a,123265.76789401069,92.53144264221191,True
weighted_round_robin,9,109,node-b,119178.49493307184,150.6500244140625,True
weighted_round_robin,9,109,node-c,68210.71834079271,63.30132484436035,True
weighted_round_robin,9,109,node-a,109446.2352676424,85.64352989196777,True
weighted_round_robin,9,109,node-b,76240.97588671077,65.19222259521484,True
weighted_round_robin,9,109,node-a,56959.29225465832,64.17346000671387,True
weighted_round_robin,9,109,node-c,101789.19142360169,108.85810852050781,True
weighted_round_robin,9,109,node-a,167009.15169842693,222.43499755859375,True
weighted_round_robin,9,109,node-b,126992.5607927004,101.6685962677002,True
weighted_round_robin,9,109,node-a,129646.48713731884,204.77008819580078,True
weighted_round_robin,9,109,node-c,214184.67459615998,262.0577812194824,True
weighted_round_robin,9,109,node-b,143670.82692979404,112.88166046142578,True
weighted_round_robin,9,109,node-a,113384.89265722812,151.07440948486328,True
weighted_round_robin,9,109,node-a,99988.80029871283,163.35010528564453,True
weighted_round_robin,9,109,node-b,221089.07121028163,185.85729598999023,True
weighted_round_robin,9,109,node-c,87217.52018851979,105.42750358581543,True
weighted_round_robin,9,109,node-a,88616.99686057042,76.32279396057129,True
weighted_round_robin,9,109,node-b,159351.36397019285,112.76841163635254,True
weighted_round_robin,9,109,node-a,176472.60076793472,241.5292263031006,True
weighted_round_robin,9,109,node-c,66325.72670058753,61.08450889587402,True
weighted_round_robin,9,109,node-a,153859.98100224158,266.30473136901855,True
weighted_round_robin,9,109,node-b,107120.59080389357,93.48464012145996,True
weighted_round_robin,9,109,node-a,120471.99942969448,193.68672370910645,True
weighted_round_robin,9,109,node-b,96800.57990559765,86.56835556030273,True
weighted_round_robin,9,109,node-c,108706.1905876861,71.88534736633301,True
weighted_round_robin,9,109,node-a,213449.83994710344,236.8621826171875,True
weighted_round_robin,9,109,node-b,148796.24505947874,130.5537223815918,True
weighted_round_robin,9,109,node-a,82316.2966022876,148.19860458374023,True
weighted_round_robin,9,109,node-c,94621.6855284113,100.3580093383789,True
weighted_round_robin,9,109,node-a,66570.20164249155,210.99591255187988,True
weighted_round_robin,9,109,node-b,43991.67031611003,89.53094482421875,True
weighted_round_robin,9,109,node-a,82353.40550565803,202.32081413269043,True
weighted_round_robin,9,109,node-c,163458.3672959885,355.0090789794922,True
weighted_round_robin,9,109,node-b,148727.17862663345,115.15641212463379,True
weighted_round_robin,9,109,node-a,71278.58105617375,81.47692680358887,True
weighted_round_robin,9,109,node-a,338718.3060582721,350.7838249206543,True
weighted_round_robin,9,109,node-b,175773.17002175507,122.76911735534668,True
weighted_round_robin,9,109,node-c,81959.52819490744,70.9989070892334,True
weighted_round_robin,9,109,node-a,113929.80084236404,207.07941055297852,True
weighted_round_robin,9,109,node-b,117170.52195724857,95.30830383300781,True
weighted_round_robin,9,109,node-a,95841.77217053443,79.53190803527832,True
weighted_round_robin,9,109,node-c,230577.54453927398,297.62935638427734,True
weighted_round_robin,9,109,node-a,255637.11033300182,212.33487129211426,True
weighted_round_robin,9,109,node-b,111273.77941724868,75.0129222869873,True
weighted_round_robin,9,109,node-a,140411.49496812935,165.1144027709961,True
weighted_round_robin,9,109,node-b,135315.04714394305,146.70538902282715,True
weighted_round_robin,9,109,node-c,96652.92230669866,282.6516628265381,True
weighted_round_robin,9,109,node-a,63328.387035853004,61.365604400634766,True
weighted_round_robin,9,109,node-b,59576.727835912694,62.09611892700195,True
weighted_round_robin,9,109,node-a,128001.59718506841,230.01408576965332,True
weighted_round_robin,9,109,node-c,118438.09421382067,151.01146697998047,True
weighted_round_robin,9,109,node-a,110771.2394872435,249.4814395904541,True
weighted_round_robin,9,109,node-b,115743.57624196506,77.08096504211426,True
weighted_round_robin,9,109,node-a,123254.60625773545,206.07352256774902,True
weighted_round_robin,9,109,node-c,90780.13882478056,115.08941650390625,True
weighted_round_robin,9,109,node-b,46726.603807554624,53.01237106323242,True
weighted_round_robin,9,109,node-a,41980.61880796276,44.47817802429199,True
weighted_round_robin,9,109,node-a,178829.65849659612,127.24041938781738,True
weighted_round_robin,9,109,node-b,108346.1519171535,82.51333236694336,True
weighted_round_robin,9,109,node-c,55683.07252623489,50.191640853881836,True
weighted_round_robin,9,109,node-a,72201.95454769797,71.98405265808105,True
weighted_round_robin,9,109,node-b,129821.78051698294,119.95482444763184,True
weighted_round_robin,9,109,node-a,215935.29455416006,145.56074142456055,True
weighted_round_robin,9,109,node-c,183577.33308421524,189.0089511871338,True
weighted_round_robin,9,109,node-a,127868.77283988013,215.09027481079102,True
weighted_round_robin,9,109,node-b,125405.31379711351,124.99213218688965,True
weighted_round_robin,9,109,node-a,61879.61581518104,138.26632499694824,True
weighted_round_robin,9,109,node-b,116415.97907705016,180.96566200256348,True
weighted_round_robin,9,109,node-c,79767.31925796384,111.9232177734375,True
weighted_round_robin,9,109,node-a,108824.8983274158,84.46216583251953,True
weighted_round_robin,9,109,node-b,47650.128910301886,46.2641716003418,True
weighted_round_robin,9,109,node-a,128656.66188335637,97.78499603271484,True
weighted_round_robin,9,109,node-c,80783.64675518057,70.75953483581543,True
weighted_round_robin,9,109,node-a,154972.61019453016,135.21981239318848,True
weighted_round_robin,9,109,node-b,48757.56430880163,48.69794845581055,True
weighted_round_robin,9,109,node-a,137763.84560483447,124.13144111633301,True
weighted_round_robin,9,109,node-c,109378.01874689547,146.18849754333496,True
weighted_round_robin,9,109,node-b,73538.00089347303,64.35561180114746,True
weighted_round_robin,9,109,node-a,116866.74975263522,88.8369083404541,True
weighted_round_robin,9,109,node-a,68622.11490636169,66.58339500427246,True
weighted_round_robin,9,109,node-b,180567.46613802956,160.1862907409668,True
weighted_round_robin,9,109,node-c,45410.1690746242,34.296512603759766,True
weighted_round_robin,9,109,node-a,343251.8741542953,213.31262588500977,True
weighted_round_robin,9,109,node-b,61937.82666022358,55.059194564819336,True
weighted_round_robin,9,109,node-a,46753.30717913605,51.470279693603516,True
weighted_round_robin,9,109,node-c,38258.24646603997,38.939476013183594,True
weighted_round_robin,9,109,node-a,119098.40563722733,96.8782901763916,True
weighted_round_robin,9,109,node-b,79941.76757199115,70.5878734588623,True
weighted_round_robin,9,109,node-a,57407.315626646465,70.23143768310547,True
weighted_round_robin,9,109,node-b,56856.801947037595,63.27033042907715,True
weighted_round_robin,9,109,node-c,46022.47189110712,52.69765853881836,True
weighted_round_robin,9,109,node-a,119735.54132444177,81.32791519165039,True
weighted_round_robin,9,109,node-b,111382.35104241568,85.58058738708496,True
weighted_round_robin,9,109,node-a,111446.6632357765,90.59715270996094,True
weighted_round_robin,9,109,node-c,44795.835460737464,43.42985153198242,True
weighted_round_robin,9,109,node-a,111794.12549585075,87.89372444152832,True
weighted_round_robin,9,109,node-b,69184.46281085053,66.88070297241211,True
weighted_round_robin,9,109,node-a,92701.76146515748,89.91098403930664,True
weighted_round_robin,9,109,node-c,62816.94381112149,63.44771385192871,True
weighted_round_robin,9,109,node-b,118284.55334064533,113.83652687072754,True
weighted_round_robin,9,109,node-a,169087.30887554388,240.15307426452637,True
weighted_round_robin,9,109,node-a,91707.36553694017,162.80698776245117,True
weighted_round_robin,9,109,node-b,112830.50074636687,139.52326774597168,True
weighted_round_robin,9,109,node-c,94022.29442800058,126.77216529846191,True
weighted_round_robin,9,109,node-a,60008.33410601452,148.6039161682129,True
weighted_round_robin,9,109,node-b,111628.03507746161,131.26540184020996,True
weighted_round_robin,9,109,node-a,63534.687929742184,83.79244804382324,True
weighted_round_robin,9,109,node-c,103405.01989983348,129.05550003051758,True
weighted_round_robin,9,109,node-a,138360.63807794813,109.56501960754395,True
weighted_round_robin,9,109,node-b,199654.03549688734,215.99912643432617,True
weighted_round_robin,9,109,node-a,66873.74057119827,74.07617568969727,True
weighted_round_robin,9,109,node-b,162647.6701057043,211.35973930358887,True
weighted_round_robin,9,109,node-c,231280.29286144304,330.54351806640625,True
weighted_round_robin,9,109,node-a,115083.82978329915,121.00410461425781,True
weighted_round_robin,9,109,node-b,121853.36783633078,112.05697059631348,True
weighted_round_robin,9,109,node-a,139266.69895053515,133.7587833404541,True
weighted_round_robin,9,109,node-c,139229.057426835,298.82144927978516,True
weighted_round_robin,9,109,node-a,97094.94366083656,77.35586166381836,True
weighted_round_robin,9,109,node-b,140094.02151818422,117.58756637573242,True
weighted_round_robin,9,109,node-a,28226.3934418339,36.19718551635742,True
weighted_round_robin,9,109,node-c,57333.93323404431,49.66139793395996,True
weighted_round_robin,9,109,node-b,98176.28806520092,89.83516693115234,True
weighted_round_robin,9,109,node-a,174422.2213334707,133.29362869262695,True
weighted_round_robin,9,109,node-a,58612.14129501042,43.097496032714844,True
weighted_round_robin,9,109,node-b,56570.98097858549,63.5833740234375,True
weighted_round_robin,9,109,node-c,69338.16247416635,101.15504264831543,True
weighted_round_robin,9,109,node-a,141426.33583367284,127.50458717346191,True
weighted_round_robin,9,109,node-b,63167.46685285235,57.814836502075195,True
weighted_round_robin,9,109,node-a,141846.25845424188,141.8309211730957,True
weighted_round_robin,9,109,node-c,247837.16321428044,286.21840476989746,True
weighted_round_robin,9,109,node-a,120186.29553823727,89.71953392028809,True
weighted_round_robin,9,109,node-b,208924.2508448561,192.26455688476562,True
weighted_round_robin,9,109,node-a,166483.83296863764,132.89117813110352,True
weighted_round_robin,9,109,node-b,242262.61022298015,209.43307876586914,True
weighted_round_robin,9,109,node-c,84987.6270478429,78.63736152648926,True
weighted_round_robin,9,109,node-a,70944.56922026032,62.31951713562012,True
weighted_round_robin,9,109,node-b,170906.8473704851,137.9256248474121,True
weighted_round_robin,9,109,node-a,250219.14330566383,294.8925495147705,True
weighted_round_robin,9,109,node-c,82635.15056887308,71.58708572387695,True
weighted_round_robin,9,109,node-a,154436.64485245832,246.9649314880371,True
weighted_round_robin,9,109,node-b,68906.05979561794,68.02558898925781,True
ml_argmin_baseline,9,109,node-a,160623.3070976735,170.61090469360352,True
ml_argmin_baseline,9,109,node-a,185191.45631424914,202.76331901550293,True
ml_argmin_baseline,9,109,node-b,105941.97740535307,90.08169174194336,True
ml_argmin_baseline,9,109,node-c,56268.42006524555,50.70829391479492,True
ml_argmin_baseline,9,109,node-a,154113.88355504654,172.31059074401855,True
ml_argmin_baseline,9,109,node-a,128673.63047308617,239.3515110015869,True
ml_argmin_baseline,9,109,node-a,94159.11884544206,261.53111457824707,True
ml_argmin_baseline,9,109,node-b,103156.57038685791,87.2647762298584,True
ml_argmin_baseline,9,109,node-b,94613.09300585472,130.95998764038086,True
ml_argmin_baseline,9,109,node-b,123265.76789401069,251.31940841674805,True
ml_argmin_baseline,9,109,node-b,119178.49493307184,271.7585563659668,True
ml_argmin_baseline,9,109,node-a,68210.71834079271,66.0407543182373,True
ml_argmin_baseline,9,109,node-a,109446.2352676424,87.47434616088867,True
ml_argmin_baseline,9,109,node-a,76240.97588671077,131.19745254516602,True
ml_argmin_baseline,9,109,node-a,56959.29225465832,100.62932968139648,True
ml_argmin_baseline,9,109,node-b,101789.19142360169,113.38520050048828,True
ml_argmin_baseline,9,109,node-a,167009.15169842693,234.99393463134766,True
ml_argmin_baseline,9,109,node-a,126992.5607927004,263.0906105041504,True
ml_argmin_baseline,9,109,node-a,129646.48713731884,317.5182342529297,True
ml_argmin_baseline,9,109,node-a,214184.67459615998,271.93546295166016,True
ml_argmin_baseline,9,109,node-b,143670.82692979404,108.30116271972656,True
ml_argmin_baseline,9,109,node-a,113384.89265722812,126.33609771728516,True
ml_argmin_baseline,9,109,node-a,99988.80029871283,366.5645122528076,True
ml_argmin_baseline,9,109,node-a,221089.07121028163,376.3623237609863,True
ml_argmin_baseline,9,109,node-a,87217.52018851979,337.22472190856934,True
ml_argmin_baseline,9,109,node-a,88616.99686057042,218.2595729827881,True
ml_argmin_baseline,9,109,node-a,159351.36397019285,711.9741439819336,True
ml_argmin_baseline,9,109,node-a,176472.60076793472,406.3842296600342,True
ml_argmin_baseline,9,109,node-a,66325.72670058753,458.36472511291504,True
ml_argmin_baseline,9,109,node-a,153859.98100224158,672.9826927185059,True
ml_argmin_baseline,9,109,node-a,107120.59080389357,598.0725288391113,True
ml_argmin_baseline,9,109,node-b,120471.99942969448,203.17602157592773,True
ml_argmin_baseline,9,109,node-b,96800.57990559765,236.60683631896973,True
ml_argmin_baseline,9,109,node-b,108706.1905876861,335.7667922973633,True
ml_argmin_baseline,9,109,node-a,213449.83994710344,455.9502601623535,True
ml_argmin_baseline,9,109,node-b,148796.24505947874,452.20279693603516,True
ml_argmin_baseline,9,109,node-b,82316.2966022876,215.55304527282715,True
ml_argmin_baseline,9,109,node-b,94621.6855284113,469.0876007080078,True
ml_argmin_baseline,9,109,node-b,66570.20164249155,390.0613784790039,True
ml_argmin_baseline,9,109,node-b,43991.67031611003,375.80060958862305,True
ml_argmin_baseline,9,109,node-b,82353.40550565803,486.7281913757324,True
ml_argmin_baseline,9,109,node-a,163458.3672959885,408.13493728637695,True
ml_argmin_baseline,9,109,node-b,148727.17862663345,691.7216777801514,True
ml_argmin_baseline,9,109,node-b,71278.58105617375,305.3879737854004,True
ml_argmin_baseline,9,109,node-a,338718.3060582721,442.35825538635254,True
ml_argmin_baseline,9,109,node-a,175773.17002175507,352.0662784576416,True
ml_argmin_baseline,9,109,node-b,81959.52819490744,467.55266189575195,True
ml_argmin_baseline,9,109,node-b,113929.80084236404,484.21168327331543,True
ml_argmin_baseline,9,109,node-c,117170.52195724857,98.94180297851562,True
ml_argmin_baseline,9,109,node-c,95841.77217053443,152.11868286132812,True
ml_argmin_baseline,9,109,node-a,230577.54453927398,314.94808197021484,True
ml_argmin_baseline,9,109,node-a,255637.11033300182,346.21715545654297,True
ml_argmin_baseline,9,109,node-b,111273.77941724868,116.73188209533691,True
ml_argmin_baseline,9,109,node-b,140411.49496812935,270.11871337890625,True
ml_argmin_baseline,9,109,node-b,135315.04714394305,377.9454231262207,True
ml_argmin_baseline,9,109,node-b,96652.92230669866,407.5274467468262,True
ml_argmin_baseline,9,109,node-b,63328.387035853004,311.55943870544434,True
ml_argmin_baseline,9,109,node-a,59576.727835912694,55.275678634643555,True
ml_argmin_baseline,9,109,node-a,128001.59718506841,242.5227165222168,True
ml_argmin_baseline,9,109,node-a,118438.09421382067,236.78040504455566,True
ml_argmin_baseline,9,109,node-a,110771.2394872435,337.70227432250977,True
ml_argmin_baseline,9,109,node-a,115743.57624196506,342.8938388824463,True
ml_argmin_baseline,9,109,node-a,123254.60625773545,352.59175300598145,True
ml_argmin_baseline,9,109,node-b,90780.13882478056,141.79635047912598,True
ml_argmin_baseline,9,109,node-b,46726.603807554624,111.54294013977051,True
ml_argmin_baseline,9,109,node-b,41980.61880796276,111.4964485168457,True
ml_argmin_baseline,9,109,node-a,178829.65849659612,140.70892333984375,True
ml_argmin_baseline,9,109,node-b,108346.1519171535,128.204345703125,True
ml_argmin_baseline,9,109,node-b,55683.07252623489,163.29574584960938,True
ml_argmin_baseline,9,109,node-b,72201.95454769797,187.1621608734131,True
ml_argmin_baseline,9,109,node-b,129821.78051698294,272.11785316467285,True
ml_argmin_baseline,9,109,node-a,215935.29455416006,352.8897762298584,True
ml_argmin_baseline,9,109,node-a,183577.33308421524,299.56936836242676,True
ml_argmin_baseline,9,109,node-a,127868.77283988013,360.15963554382324,True
ml_argmin_baseline,9,109,node-a,125405.31379711351,485.5811595916748,True
ml_argmin_baseline,9,109,node-a,61879.61581518104,378.354549407959,True
ml_argmin_baseline,9,109,node-a,116415.97907705016,521.3069915771484,True
ml_argmin_baseline,9,109,node-a,79767.31925796384,306.9181442260742,True
ml_argmin_baseline,9,109,node-c,108824.8983274158,179.7783374786377,True
ml_argmin_baseline,9,109,node-c,47650.128910301886,155.33924102783203,True
ml_argmin_baseline,9,109,node-b,128656.66188335637,100.94738006591797,True
ml_argmin_baseline,9,109,node-b,80783.64675518057,116.44339561462402,True
ml_argmin_baseline,9,109,node-b,154972.61019453016,176.40423774719238,True
ml_argmin_baseline,9,109,node-b,48757.56430880163,250.90312957763672,True
ml_argmin_baseline,9,109,node-b,137763.84560483447,478.1937599182129,True
ml_argmin_baseline,9,109,node-b,109378.01874689547,389.33873176574707,True
ml_argmin_baseline,9,109,node-b,73538.00089347303,268.9206600189209,True
ml_argmin_baseline,9,109,node-a,116866.74975263522,82.46803283691406,True
ml_argmin_baseline,9,109,node-c,68622.11490636169,123.48651885986328,True
ml_argmin_baseline,9,109,node-b,180567.46613802956,401.80158615112305,True
ml_argmin_baseline,9,109,node-c,45410.1690746242,46.0660457611084,True
ml_argmin_baseline,9,109,node-b,343251.8741542953,374.6151924133301,True
ml_argmin_baseline,9,109,node-c,61937.82666022358,62.58654594421387,True
ml_argmin_baseline,9,109,node-c,46753.30717913605,104.62522506713867,True
ml_argmin_baseline,9,109,node-c,38258.24646603997,118.11685562133789,True
ml_argmin_baseline,9,109,node-c,119098.40563722733,503.8893222808838,True
ml_argmin_baseline,9,109,node-c,79941.76757199115,389.52159881591797,True
ml_argmin_baseline,9,109,node-c,57407.315626646465,559.4544410705566,True
ml_argmin_baseline,9,109,node-b,56856.801947037595,57.143211364746094,True
ml_argmin_baseline,9,109,node-b,46022.47189110712,60.62722206115723,True
ml_argmin_baseline,9,109,node-b,119735.54132444177,145.6141471862793,True
ml_argmin_baseline,9,109,node-b,111382.35104241568,337.2619152069092,True
ml_argmin_baseline,9,109,node-b,111446.6632357765,342.63086318969727,True
ml_argmin_baseline,9,109,node-b,44795.835460737464,198.3034610748291,True
ml_argmin_baseline,9,109,node-b,111794.12549585075,249.58515167236328,True
ml_argmin_baseline,9,109,node-a,69184.46281085053,66.1773681640625,True
ml_argmin_baseline,9,109,node-c,92701.76146515748,209.42306518554688,True
ml_argmin_baseline,9,109,node-c,62816.94381112149,254.06479835510254,True
ml_argmin_baseline,9,109,node-c,118284.55334064533,733.2055568695068,True
ml_argmin_baseline,9,109,node-a,169087.30887554388,132.99274444580078,True
ml_argmin_baseline,9,109,node-c,91707.36553694017,628.6032199859619,True
ml_argmin_baseline,9,109,node-c,112830.50074636687,663.0642414093018,True
ml_argmin_baseline,9,109,node-c,94022.29442800058,845.721960067749,True
ml_argmin_baseline,9,109,node-c,60008.33410601452,822.779655456543,True
ml_argmin_baseline,9,109,node-b,111628.03507746161,175.8434772491455,True
ml_argmin_baseline,9,109,node-b,63534.687929742184,134.74225997924805,True
ml_argmin_baseline,9,109,node-b,103405.01989983348,160.67838668823242,True
ml_argmin_baseline,9,109,node-b,138360.63807794813,198.60100746154785,True
ml_argmin_baseline,9,109,node-b,199654.03549688734,431.2248229980469,True
ml_argmin_baseline,9,109,node-b,66873.74057119827,323.8837718963623,True
ml_argmin_baseline,9,109,node-b,162647.6701057043,448.5180377960205,True
ml_argmin_baseline,9,109,node-b,231280.29286144304,788.4442806243896,True
ml_argmin_baseline,9,109,node-b,115083.82978329915,453.2361030578613,True
ml_argmin_baseline,9,109,node-b,121853.36783633078,616.0838603973389,True
ml_argmin_baseline,9,109,node-b,139266.69895053515,747.4191188812256,True
ml_argmin_baseline,9,109,node-b,139229.057426835,730.522632598877,True
ml_argmin_baseline,9,109,node-c,97094.94366083656,139.65606689453125,True
ml_argmin_baseline,9,109,node-c,140094.02151818422,205.5675983428955,True
ml_argmin_baseline,9,109,node-c,28226.3934418339,341.630220413208,True
ml_argmin_baseline,9,109,node-c,57333.93323404431,311.9537830352783,True
ml_argmin_baseline,9,109,node-c,98176.28806520092,375.78582763671875,True
ml_argmin_baseline,9,109,node-a,174422.2213334707,113.80219459533691,True
ml_argmin_baseline,9,109,node-c,58612.14129501042,414.201021194458,True
ml_argmin_baseline,9,109,node-c,56570.98097858549,299.64709281921387,True
ml_argmin_baseline,9,109,node-c,69338.16247416635,487.64729499816895,True
ml_argmin_baseline,9,109,node-a,141426.33583367284,173.78830909729004,True
ml_argmin_baseline,9,109,node-a,63167.46685285235,125.79035758972168,True
ml_argmin_baseline,9,109,node-a,141846.25845424188,195.64557075500488,True
ml_argmin_baseline,9,109,node-a,247837.16321428044,185.2397918701172,True
ml_argmin_baseline,9,109,node-b,120186.29553823727,92.52667427062988,True
ml_argmin_baseline,9,109,node-c,208924.2508448561,287.37854957580566,True
ml_argmin_baseline,9,109,node-a,166483.83296863764,208.97698402404785,True
ml_argmin_baseline,9,109,node-a,242262.61022298015,282.4554443359375,True
ml_argmin_baseline,9,109,node-b,84987.6270478429,90.67368507385254,True
ml_argmin_baseline,9,109,node-b,70944.56922026032,104.54654693603516,True
ml_argmin_baseline,9,109,node-a,170906.8473704851,162.1565818786621,True
ml_argmin_baseline,9,109,node-a,250219.14330566383,376.3091564178467,True
ml_argmin_baseline,9,109,node-c,82635.15056887308,69.79799270629883,True
ml_argmin_baseline,9,109,node-a,154436.64485245832,294.43836212158203,True
ml_argmin_baseline,9,109,node-c,68906.05979561794,94.35915946960449,True
ml_softmax_propuesto,9,109,node-a,160623.3070976735,129.03356552124023,True
ml_softmax_propuesto,9,109,node-b,185191.45631424914,173.42472076416016,True
ml_softmax_propuesto,9,109,node-a,105941.97740535307,107.17153549194336,True
ml_softmax_propuesto,9,109,node-a,56268.42006524555,93.57380867004395,True
ml_softmax_propuesto,9,109,node-a,154113.88355504654,129.42790985107422,True
ml_softmax_propuesto,9,109,node-b,128673.63047308617,95.36242485046387,True
ml_softmax_propuesto,9,109,node-c,94159.11884544206,152.36425399780273,True
ml_softmax_propuesto,9,109,node-a,103156.57038685791,85.0989818572998,True
ml_softmax_propuesto,9,109,node-c,94613.09300585472,66.00689888000488,True
ml_softmax_propuesto,9,109,node-c,123265.76789401069,217.88597106933594,True
ml_softmax_propuesto,9,109,node-b,119178.49493307184,96.68254852294922,True
ml_softmax_propuesto,9,109,node-b,68210.71834079271,75.32024383544922,True
ml_softmax_propuesto,9,109,node-c,109446.2352676424,110.1689338684082,True
ml_softmax_propuesto,9,109,node-b,76240.97588671077,133.86797904968262,True
ml_softmax_propuesto,9,109,node-b,56959.29225465832,124.17006492614746,True
ml_softmax_propuesto,9,109,node-b,101789.19142360169,161.81135177612305,True
ml_softmax_propuesto,9,109,node-c,167009.15169842693,455.32846450805664,True
ml_softmax_propuesto,9,109,node-c,126992.5607927004,445.11961936950684,True
ml_softmax_propuesto,9,109,node-a,129646.48713731884,100.76451301574707,True
ml_softmax_propuesto,9,109,node-a,214184.67459615998,149.8861312866211,True
ml_softmax_propuesto,9,109,node-a,143670.82692979404,108.89458656311035,True
ml_softmax_propuesto,9,109,node-c,113384.89265722812,97.40781784057617,True
ml_softmax_propuesto,9,109,node-b,99988.80029871283,68.07732582092285,True
ml_softmax_propuesto,9,109,node-c,221089.07121028163,553.2252788543701,True
ml_softmax_propuesto,9,109,node-a,87217.52018851979,71.85554504394531,True
ml_softmax_propuesto,9,109,node-a,88616.99686057042,86.42959594726562,True
ml_softmax_propuesto,9,109,node-c,159351.36397019285,522.2668647766113,True
ml_softmax_propuesto,9,109,node-a,176472.60076793472,228.7423610687256,True
ml_softmax_propuesto,9,109,node-b,66325.72670058753,78.63140106201172,True
ml_softmax_propuesto,9,109,node-b,153859.98100224158,234.7269058227539,True
ml_softmax_propuesto,9,109,node-a,107120.59080389357,165.6656265258789,True
ml_softmax_propuesto,9,109,node-a,120471.99942969448,265.9497261047363,True
ml_softmax_propuesto,9,109,node-a,96800.57990559765,218.38116645812988,True
ml_softmax_propuesto,9,109,node-a,108706.1905876861,284.61480140686035,True
ml_softmax_propuesto,9,109,node-a,213449.83994710344,248.4123706817627,True
ml_softmax_propuesto,9,109,node-b,148796.24505947874,355.47327995300293,True
ml_softmax_propuesto,9,109,node-b,82316.2966022876,164.69573974609375,True
ml_softmax_propuesto,9,109,node-b,94621.6855284113,329.984188079834,True
ml_softmax_propuesto,9,109,node-b,66570.20164249155,424.452543258667,True
ml_softmax_propuesto,9,109,node-b,43991.67031611003,384.0065002441406,True
ml_softmax_propuesto,9,109,node-b,82353.40550565803,421.71287536621094,True
ml_softmax_propuesto,9,109,node-b,163458.3672959885,667.2194004058838,True
ml_softmax_propuesto,9,109,node-c,148727.17862663345,218.7340259552002,True
ml_softmax_propuesto,9,109,node-b,71278.58105617375,211.06791496276855,True
ml_softmax_propuesto,9,109,node-c,338718.3060582721,1116.5637969970703,True
ml_softmax_propuesto,9,109,node-c,175773.17002175507,973.3271598815918,True
ml_softmax_propuesto,9,109,node-c,81959.52819490744,438.81869316101074,True
ml_softmax_propuesto,9,109,node-c,113929.80084236404,1001.030445098877,True
ml_softmax_propuesto,9,109,node-a,117170.52195724857,92.35310554504395,True
ml_softmax_propuesto,9,109,node-a,95841.77217053443,92.86856651306152,True
ml_softmax_propuesto,9,109,node-a,230577.54453927398,363.9998435974121,True
ml_softmax_propuesto,9,109,node-a,255637.11033300182,476.05252265930176,True
ml_softmax_propuesto,9,109,node-a,111273.77941724868,646.6467380523682,True
ml_softmax_propuesto,9,109,node-a,140411.49496812935,566.3697719573975,True
ml_softmax_propuesto,9,109,node-a,135315.04714394305,590.1505947113037,True
ml_softmax_propuesto,9,109,node-a,96652.92230669866,591.632604598999,True
ml_softmax_propuesto,9,109,node-a,63328.387035853004,409.7247123718262,True
ml_softmax_propuesto,9,109,node-a,59576.727835912694,301.0082244873047,True
ml_softmax_propuesto,9,109,node-a,128001.59718506841,433.12811851501465,True
ml_softmax_propuesto,9,109,node-b,118438.09421382067,81.76732063293457,True
ml_softmax_propuesto,9,109,node-a,110771.2394872435,443.8328742980957,True
ml_softmax_propuesto,9,109,node-a,115743.57624196506,404.0553569793701,True
ml_softmax_propuesto,9,109,node-a,123254.60625773545,452.5878429412842,True
ml_softmax_propuesto,9,109,node-b,90780.13882478056,133.9852809906006,True
ml_softmax_propuesto,9,109,node-c,46726.603807554624,48.76065254211426,True
ml_softmax_propuesto,9,109,node-b,41980.61880796276,105.32903671264648,True
ml_softmax_propuesto,9,109,node-b,178829.65849659612,264.23001289367676,True
ml_softmax_propuesto,9,109,node-a,108346.1519171535,97.67436981201172,True
ml_softmax_propuesto,9,109,node-c,55683.07252623489,53.14517021179199,True
ml_softmax_propuesto,9,109,node-b,72201.95454769797,80.90329170227051,True
ml_softmax_propuesto,9,109,node-b,129821.78051698294,171.33545875549316,True
ml_softmax_propuesto,9,109,node-b,215935.29455416006,284.5501899719238,True
ml_softmax_propuesto,9,109,node-a,183577.33308421524,299.69048500061035,True
ml_softmax_propuesto,9,109,node-a,127868.77283988013,434.1540336608887,True
ml_softmax_propuesto,9,109,node-a,125405.31379711351,226.34291648864746,True
ml_softmax_propuesto,9,109,node-a,61879.61581518104,283.2925319671631,True
ml_softmax_propuesto,9,109,node-a,116415.97907705016,404.1874408721924,True
ml_softmax_propuesto,9,109,node-a,79767.31925796384,289.95347023010254,True
ml_softmax_propuesto,9,109,node-a,108824.8983274158,335.7522487640381,True
ml_softmax_propuesto,9,109,node-a,47650.128910301886,302.64997482299805,True
ml_softmax_propuesto,9,109,node-c,128656.66188335637,225.47125816345215,True
ml_softmax_propuesto,9,109,node-c,80783.64675518057,304.1501045227051,True
ml_softmax_propuesto,9,109,node-a,154972.61019453016,367.8152561187744,True
ml_softmax_propuesto,9,109,node-c,48757.56430880163,208.42909812927246,True
ml_softmax_propuesto,9,109,node-a,137763.84560483447,296.2219715118408,True
ml_softmax_propuesto,9,109,node-a,109378.01874689547,363.73233795166016,True
ml_softmax_propuesto,9,109,node-b,73538.00089347303,68.85910034179688,True
ml_softmax_propuesto,9,109,node-a,116866.74975263522,257.4608325958252,True
ml_softmax_propuesto,9,109,node-b,68622.11490636169,69.77200508117676,True
ml_softmax_propuesto,9,109,node-b,180567.46613802956,203.0770778656006,True
ml_softmax_propuesto,9,109,node-b,45410.1690746242,52.79970169067383,True
ml_softmax_propuesto,9,109,node-a,343251.8741542953,237.43939399719238,True
ml_softmax_propuesto,9,109,node-b,61937.82666022358,63.34972381591797,True
ml_softmax_propuesto,9,109,node-c,46753.30717913605,59.85617637634277,True
ml_softmax_propuesto,9,109,node-b,38258.24646603997,40.42768478393555,True
ml_softmax_propuesto,9,109,node-b,119098.40563722733,103.51300239562988,True
ml_softmax_propuesto,9,109,node-c,79941.76757199115,140.96856117248535,True
ml_softmax_propuesto,9,109,node-c,57407.315626646465,164.47114944458008,True
ml_softmax_propuesto,9,109,node-a,56856.801947037595,39.27731513977051,True
ml_softmax_propuesto,9,109,node-c,46022.47189110712,37.6126766204834,True
ml_softmax_propuesto,9,109,node-c,119735.54132444177,191.93196296691895,True
ml_softmax_propuesto,9,109,node-a,111382.35104241568,92.79680252075195,True
ml_softmax_propuesto,9,109,node-b,111446.6632357765,95.96991539001465,True
ml_softmax_propuesto,9,109,node-b,44795.835460737464,53.08818817138672,True
ml_softmax_propuesto,9,109,node-b,111794.12549585075,80.63054084777832,True
ml_softmax_propuesto,9,109,node-c,69184.46281085053,69.7166919708252,True
ml_softmax_propuesto,9,109,node-a,92701.76146515748,197.72076606750488,True
ml_softmax_propuesto,9,109,node-a,62816.94381112149,169.5549488067627,True
ml_softmax_propuesto,9,109,node-a,118284.55334064533,281.0673713684082,True
ml_softmax_propuesto,9,109,node-a,169087.30887554388,347.98383712768555,True
ml_softmax_propuesto,9,109,node-b,91707.36553694017,103.11365127563477,True
ml_softmax_propuesto,9,109,node-b,112830.50074636687,170.08090019226074,True
ml_softmax_propuesto,9,109,node-a,94022.29442800058,265.3851509094238,True
ml_softmax_propuesto,9,109,node-b,60008.33410601452,234.17186737060547,True
ml_softmax_propuesto,9,109,node-c,111628.03507746161,107.47122764587402,True
ml_softmax_propuesto,9,109,node-b,63534.687929742184,141.32070541381836,True
ml_softmax_propuesto,9,109,node-c,103405.01989983348,169.7843074798584,True
ml_softmax_propuesto,9,109,node-a,138360.63807794813,114.40157890319824,True
ml_softmax_propuesto,9,109,node-a,199654.03549688734,177.64854431152344,True
ml_softmax_propuesto,9,109,node-b,66873.74057119827,62.338829040527344,True
ml_softmax_propuesto,9,109,node-a,162647.6701057043,155.55286407470703,True
ml_softmax_propuesto,9,109,node-a,231280.29286144304,157.32359886169434,True
ml_softmax_propuesto,9,109,node-a,115083.82978329915,123.66366386413574,True
ml_softmax_propuesto,9,109,node-c,121853.36783633078,171.22864723205566,True
ml_softmax_propuesto,9,109,node-a,139266.69895053515,237.74170875549316,True
ml_softmax_propuesto,9,109,node-a,139229.057426835,234.7276210784912,True
ml_softmax_propuesto,9,109,node-a,97094.94366083656,90.98005294799805,True
ml_softmax_propuesto,9,109,node-a,140094.02151818422,117.80142784118652,True
ml_softmax_propuesto,9,109,node-b,28226.3934418339,36.35764122009277,True
ml_softmax_propuesto,9,109,node-c,57333.93323404431,63.75384330749512,True
ml_softmax_propuesto,9,109,node-b,98176.28806520092,70.65963745117188,True
ml_softmax_propuesto,9,109,node-b,174422.2213334707,197.03221321105957,True
ml_softmax_propuesto,9,109,node-a,58612.14129501042,45.857906341552734,True
ml_softmax_propuesto,9,109,node-a,56570.98097858549,87.05306053161621,True
ml_softmax_propuesto,9,109,node-c,69338.16247416635,60.34111976623535,True
ml_softmax_propuesto,9,109,node-b,141426.33583367284,188.91549110412598,True
ml_softmax_propuesto,9,109,node-b,63167.46685285235,168.44558715820312,True
ml_softmax_propuesto,9,109,node-b,141846.25845424188,337.59403228759766,True
ml_softmax_propuesto,9,109,node-b,247837.16321428044,448.86326789855957,True
ml_softmax_propuesto,9,109,node-b,120186.29553823727,341.3426876068115,True
ml_softmax_propuesto,9,109,node-a,208924.2508448561,145.65181732177734,True
ml_softmax_propuesto,9,109,node-b,166483.83296863764,251.07574462890625,True
ml_softmax_propuesto,9,109,node-b,242262.61022298015,422.806978225708,True
ml_softmax_propuesto,9,109,node-a,84987.6270478429,139.16730880737305,True
ml_softmax_propuesto,9,109,node-a,70944.56922026032,123.8102912902832,True
ml_softmax_propuesto,9,109,node-a,170906.8473704851,148.37074279785156,True
ml_softmax_propuesto,9,109,node-b,250219.14330566383,512.3631954193115,True
ml_softmax_propuesto,9,109,node-b,82635.15056887308,129.01902198791504,True
ml_softmax_propuesto,9,109,node-b,154436.64485245832,388.4744644165039,True
ml_softmax_propuesto,9,109,node-a,68906.05979561794,81.21991157531738,True
